14:44:08:759  INFO 488 --- [main] com.hmall.cart.CartApplication           : Starting CartApplication using Java 11.0.30 on LuciFer with PID 488 (D:\microService\hmall\cart-service\target\classes started by 烽 in D:\microService\hmall)
14:44:08:763 DEBUG 488 --- [main] com.hmall.cart.CartApplication           : Running with Spring Boot v2.7.12, Spring v5.3.27
14:44:08:764  INFO 488 --- [main] com.hmall.cart.CartApplication           : The following 1 profile is active: "local"
14:44:09:826  INFO 488 --- [main] .s.d.r.c.RepositoryConfigurationDelegate : Multiple Spring Data modules found, entering strict repository configuration mode
14:44:09:829  INFO 488 --- [main] .s.d.r.c.RepositoryConfigurationDelegate : Bootstrapping Spring Data Redis repositories in DEFAULT mode.
14:44:09:865  INFO 488 --- [main] .s.d.r.c.RepositoryConfigurationDelegate : Finished Spring Data repository scanning in 16 ms. Found 0 Redis repository interfaces.
14:44:10:257  INFO 488 --- [main] o.s.cloud.context.scope.GenericScope     : BeanFactory id=aa2c9667-1a28-3f79-b52f-8370c3e5ad8e
14:44:10:821  INFO 488 --- [main] o.s.b.w.embedded.tomcat.TomcatWebServer  : Tomcat initialized with port(s): 8082 (http)
14:44:10:832  INFO 488 --- [main] o.apache.catalina.core.StandardService   : Starting service [Tomcat]
14:44:10:833  INFO 488 --- [main] org.apache.catalina.core.StandardEngine  : Starting Servlet engine: [Apache Tomcat/9.0.75]
14:44:11:063  INFO 488 --- [main] o.a.c.c.C.[Tomcat].[localhost].[/]       : Initializing Spring embedded WebApplicationContext
14:44:11:064  INFO 488 --- [main] w.s.c.ServletWebServerApplicationContext : Root WebApplicationContext: initialization completed in 2249 ms
14:44:11:351  INFO 488 --- [main] o.s.c.openfeign.FeignClientFactoryBean   : For 'item-service' URL not provided. Will try picking an instance via load-balancing.
14:44:18:743  INFO 488 --- [main] pertySourcedRequestMappingHandlerMapping : Mapped URL path [/v2/api-docs] onto method [springfox.documentation.swagger2.web.Swagger2ControllerWebMvc#getDocumentation(String, HttpServletRequest)]
14:44:22:142  INFO 488 --- [main] o.s.cloud.commons.util.InetUtils         : Cannot determine local hostname
14:44:22:374  INFO 488 --- [main] com.alibaba.nacos.common.remote.client   : [RpcClientFactory] create a new rpc client of d00ab8ec-9aed-480a-8ef5-61187d8dafda
14:44:22:445  INFO 488 --- [main] org.reflections.Reflections              : Reflections took 44 ms to scan 1 urls, producing 3 keys and 6 values 
14:44:22:491  INFO 488 --- [main] org.reflections.Reflections              : Reflections took 24 ms to scan 1 urls, producing 4 keys and 9 values 
14:44:22:504  INFO 488 --- [main] org.reflections.Reflections              : Reflections took 9 ms to scan 1 urls, producing 3 keys and 10 values 
14:44:22:506  WARN 488 --- [main] org.reflections.Reflections              : given scan urls are empty. set urls in the configuration
14:44:22:515  INFO 488 --- [main] org.reflections.Reflections              : Reflections took 8 ms to scan 1 urls, producing 1 keys and 5 values 
14:44:22:527  INFO 488 --- [main] org.reflections.Reflections              : Reflections took 8 ms to scan 1 urls, producing 1 keys and 7 values 
14:44:22:544  INFO 488 --- [main] org.reflections.Reflections              : Reflections took 14 ms to scan 1 urls, producing 2 keys and 8 values 
14:44:22:546  WARN 488 --- [main] org.reflections.Reflections              : given scan urls are empty. set urls in the configuration
14:44:22:549  INFO 488 --- [main] com.alibaba.nacos.common.remote.client   : [d00ab8ec-9aed-480a-8ef5-61187d8dafda] RpcClient init label, labels = {module=naming, source=sdk}
14:44:22:551  INFO 488 --- [main] com.alibaba.nacos.common.remote.client   : [d00ab8ec-9aed-480a-8ef5-61187d8dafda] RpcClient init, ServerListFactory = com.alibaba.nacos.client.naming.core.ServerListManager
14:44:22:551  INFO 488 --- [main] com.alibaba.nacos.common.remote.client   : [d00ab8ec-9aed-480a-8ef5-61187d8dafda] Registry connection listener to current client:com.alibaba.nacos.client.naming.remote.gprc.redo.NamingGrpcRedoService
14:44:22:552  INFO 488 --- [main] com.alibaba.nacos.common.remote.client   : [d00ab8ec-9aed-480a-8ef5-61187d8dafda] Register server push request handler:com.alibaba.nacos.client.naming.remote.gprc.NamingPushRequestHandler
14:44:22:554  INFO 488 --- [main] com.alibaba.nacos.common.remote.client   : [d00ab8ec-9aed-480a-8ef5-61187d8dafda] Try to connect to server on start up, server: {serverIp = '47.93.37.97', server main port = 8848}
14:44:27:292  INFO 488 --- [main] com.alibaba.nacos.common.remote.client   : [d00ab8ec-9aed-480a-8ef5-61187d8dafda] Success to connect to server [47.93.37.97:8848] on start up, connectionId = 1775803473153_119.251.158.154_49392
14:44:27:293  INFO 488 --- [com.alibaba.nacos.client.remote.worker] com.alibaba.nacos.common.remote.client   : [d00ab8ec-9aed-480a-8ef5-61187d8dafda] Notify connected event to listeners.
14:44:27:294  INFO 488 --- [main] com.alibaba.nacos.common.remote.client   : [d00ab8ec-9aed-480a-8ef5-61187d8dafda] Register server push request handler:com.alibaba.nacos.common.remote.client.RpcClient$ConnectResetRequestHandler
14:44:27:294  INFO 488 --- [main] com.alibaba.nacos.common.remote.client   : [d00ab8ec-9aed-480a-8ef5-61187d8dafda] Register server push request handler:com.alibaba.nacos.common.remote.client.RpcClient$$Lambda$1130/0x000000084078f040
14:44:27:389  INFO 488 --- [main] o.s.b.w.embedded.tomcat.TomcatWebServer  : Tomcat started on port(s): 8082 (http) with context path ''
14:44:27:425  INFO 488 --- [main] c.a.c.n.registry.NacosServiceRegistry    : nacos registry, DEFAULT_GROUP cart-service 192.168.217.1:8082 register finished
14:44:27:942  INFO 488 --- [nacos-grpc-client-executor-9] com.alibaba.nacos.common.remote.client   : [d00ab8ec-9aed-480a-8ef5-61187d8dafda] Receive server push request, request = NotifySubscriberRequest, requestId = 208
14:44:27:947  INFO 488 --- [nacos-grpc-client-executor-9] com.alibaba.nacos.common.remote.client   : [d00ab8ec-9aed-480a-8ef5-61187d8dafda] Ack server push request, request = NotifySubscriberRequest, requestId = 208
14:44:28:975  INFO 488 --- [main] d.s.w.p.DocumentationPluginsBootstrapper : Documentation plugins bootstrapped
14:44:28:978  INFO 488 --- [main] d.s.w.p.DocumentationPluginsBootstrapper : Found 1 custom documentation plugin(s)
14:44:29:007  INFO 488 --- [main] s.d.s.w.s.ApiListingReferenceScanner     : Scanning for api listing references
14:44:29:111  INFO 488 --- [main] com.hmall.cart.CartApplication           : Started CartApplication in 23.584 seconds (JVM running for 26.0)
14:52:52:690  INFO 488 --- [http-nio-8082-exec-1] o.a.c.c.C.[Tomcat].[localhost].[/]       : Initializing Spring DispatcherServlet 'dispatcherServlet'
14:52:52:691  INFO 488 --- [http-nio-8082-exec-1] o.s.web.servlet.DispatcherServlet        : Initializing Servlet 'dispatcherServlet'
14:52:52:692  INFO 488 --- [http-nio-8082-exec-1] o.s.web.servlet.DispatcherServlet        : Completed initialization in 1 ms
14:52:52:783  INFO 488 --- [http-nio-8082-exec-1] com.zaxxer.hikari.HikariDataSource       : HikariPool-1 - Starting...
14:52:53:292  INFO 488 --- [http-nio-8082-exec-1] com.zaxxer.hikari.HikariDataSource       : HikariPool-1 - Start completed.
14:52:53:298 DEBUG 488 --- [http-nio-8082-exec-1] c.h.cart.mapper.CartMapper.selectList    : ==>  Preparing: SELECT id,user_id,item_id,num,name,spec,price,image,create_time,update_time FROM cart WHERE (user_id = ?)
14:52:53:315 DEBUG 488 --- [http-nio-8082-exec-1] c.h.cart.mapper.CartMapper.selectList    : ==> Parameters: 2(Long)
14:52:53:358 DEBUG 488 --- [http-nio-8082-exec-1] c.h.cart.mapper.CartMapper.selectList    : <==      Total: 1
14:52:53:407 DEBUG 488 --- [http-nio-8082-exec-1] com.hmall.api.client.ItemClient          : [ItemClient#queryItemsByIds] ---> GET http://item-service/items?ids=317578 HTTP/1.1
14:52:53:407 DEBUG 488 --- [http-nio-8082-exec-1] com.hmall.api.client.ItemClient          : [ItemClient#queryItemsByIds] user-id: 2
14:52:53:407 DEBUG 488 --- [http-nio-8082-exec-1] com.hmall.api.client.ItemClient          : [ItemClient#queryItemsByIds] ---> END HTTP (0-byte body)
14:52:54:123  INFO 488 --- [nacos-grpc-client-executor-114] com.alibaba.nacos.common.remote.client   : [d00ab8ec-9aed-480a-8ef5-61187d8dafda] Receive server push request, request = NotifySubscriberRequest, requestId = 214
14:52:54:124  INFO 488 --- [nacos-grpc-client-executor-114] com.alibaba.nacos.common.remote.client   : [d00ab8ec-9aed-480a-8ef5-61187d8dafda] Ack server push request, request = NotifySubscriberRequest, requestId = 214
14:52:54:484 DEBUG 488 --- [http-nio-8082-exec-1] com.hmall.api.client.ItemClient          : [ItemClient#queryItemsByIds] <--- HTTP/1.1 200  (1077ms)
14:52:54:486 DEBUG 488 --- [http-nio-8082-exec-1] com.hmall.api.client.ItemClient          : [ItemClient#queryItemsByIds] connection: keep-alive
14:52:54:486 DEBUG 488 --- [http-nio-8082-exec-1] com.hmall.api.client.ItemClient          : [ItemClient#queryItemsByIds] content-type: application/json
14:52:54:486 DEBUG 488 --- [http-nio-8082-exec-1] com.hmall.api.client.ItemClient          : [ItemClient#queryItemsByIds] date: Fri, 10 Apr 2026 06:52:54 GMT
14:52:54:486 DEBUG 488 --- [http-nio-8082-exec-1] com.hmall.api.client.ItemClient          : [ItemClient#queryItemsByIds] keep-alive: timeout=60
14:52:54:486 DEBUG 488 --- [http-nio-8082-exec-1] com.hmall.api.client.ItemClient          : [ItemClient#queryItemsByIds] transfer-encoding: chunked
14:52:54:486 DEBUG 488 --- [http-nio-8082-exec-1] com.hmall.api.client.ItemClient          : [ItemClient#queryItemsByIds] 
14:52:54:486 DEBUG 488 --- [http-nio-8082-exec-1] com.hmall.api.client.ItemClient          : [ItemClient#queryItemsByIds] [{"id":"317578","name":"RIMOWA 21寸托运箱拉杆箱 SALSA AIR系列果绿色 820.70.36.4","price":28900,"stock":9998,"image":"https://m.360buyimg.com/mobilecms/s720x720_jfs/t6934/364/1195375010/84676/e9f2c55f/597ece38N0ddcbc77.jpg!q70.jpg.webp","category":"拉杆箱","brand":"RIMOWA","spec":"{\"颜色\": \"红色\", \"尺码\": \"21寸\"}","sold":0,"commentCount":0,"isAD":false,"status":1}]
14:52:54:487 DEBUG 488 --- [http-nio-8082-exec-1] com.hmall.api.client.ItemClient          : [ItemClient#queryItemsByIds] <--- END HTTP (396-byte body)
14:53:00:847 DEBUG 488 --- [http-nio-8082-exec-2] c.h.cart.mapper.CartMapper.selectCount   : ==>  Preparing: SELECT COUNT( * ) FROM cart WHERE (user_id = ? AND item_id = ?)
14:53:00:848 DEBUG 488 --- [http-nio-8082-exec-2] c.h.cart.mapper.CartMapper.selectCount   : ==> Parameters: 2(Long), 317578(Long)
14:53:00:874 DEBUG 488 --- [http-nio-8082-exec-2] c.h.cart.mapper.CartMapper.selectCount   : <==      Total: 1
14:53:00:875 DEBUG 488 --- [http-nio-8082-exec-2] c.h.cart.mapper.CartMapper.updateNum     : ==>  Preparing: UPDATE cart SET num = num + 1 WHERE user_id = ? AND item_id = ?
14:53:00:875 DEBUG 488 --- [http-nio-8082-exec-2] c.h.cart.mapper.CartMapper.updateNum     : ==> Parameters: 2(Long), 317578(Long)
14:53:00:921 DEBUG 488 --- [http-nio-8082-exec-2] c.h.cart.mapper.CartMapper.updateNum     : <==    Updates: 1
14:53:00:975 DEBUG 488 --- [http-nio-8082-exec-3] c.h.cart.mapper.CartMapper.selectList    : ==>  Preparing: SELECT id,user_id,item_id,num,name,spec,price,image,create_time,update_time FROM cart WHERE (user_id = ?)
14:53:00:975 DEBUG 488 --- [http-nio-8082-exec-3] c.h.cart.mapper.CartMapper.selectList    : ==> Parameters: 2(Long)
14:53:01:000 DEBUG 488 --- [http-nio-8082-exec-3] c.h.cart.mapper.CartMapper.selectList    : <==      Total: 1
14:53:01:001 DEBUG 488 --- [http-nio-8082-exec-3] com.hmall.api.client.ItemClient          : [ItemClient#queryItemsByIds] ---> GET http://item-service/items?ids=317578 HTTP/1.1
14:53:01:001 DEBUG 488 --- [http-nio-8082-exec-3] com.hmall.api.client.ItemClient          : [ItemClient#queryItemsByIds] user-id: 2
14:53:01:001 DEBUG 488 --- [http-nio-8082-exec-3] com.hmall.api.client.ItemClient          : [ItemClient#queryItemsByIds] ---> END HTTP (0-byte body)
14:53:01:062 DEBUG 488 --- [http-nio-8082-exec-3] com.hmall.api.client.ItemClient          : [ItemClient#queryItemsByIds] <--- HTTP/1.1 200  (60ms)
14:53:01:062 DEBUG 488 --- [http-nio-8082-exec-3] com.hmall.api.client.ItemClient          : [ItemClient#queryItemsByIds] connection: keep-alive
14:53:01:062 DEBUG 488 --- [http-nio-8082-exec-3] com.hmall.api.client.ItemClient          : [ItemClient#queryItemsByIds] content-type: application/json
14:53:01:062 DEBUG 488 --- [http-nio-8082-exec-3] com.hmall.api.client.ItemClient          : [ItemClient#queryItemsByIds] date: Fri, 10 Apr 2026 06:53:01 GMT
14:53:01:062 DEBUG 488 --- [http-nio-8082-exec-3] com.hmall.api.client.ItemClient          : [ItemClient#queryItemsByIds] keep-alive: timeout=60
14:53:01:062 DEBUG 488 --- [http-nio-8082-exec-3] com.hmall.api.client.ItemClient          : [ItemClient#queryItemsByIds] transfer-encoding: chunked
14:53:01:062 DEBUG 488 --- [http-nio-8082-exec-3] com.hmall.api.client.ItemClient          : [ItemClient#queryItemsByIds] 
14:53:01:062 DEBUG 488 --- [http-nio-8082-exec-3] com.hmall.api.client.ItemClient          : [ItemClient#queryItemsByIds] [{"id":"317578","name":"RIMOWA 21寸托运箱拉杆箱 SALSA AIR系列果绿色 820.70.36.4","price":28900,"stock":9998,"image":"https://m.360buyimg.com/mobilecms/s720x720_jfs/t6934/364/1195375010/84676/e9f2c55f/597ece38N0ddcbc77.jpg!q70.jpg.webp","category":"拉杆箱","brand":"RIMOWA","spec":"{\"颜色\": \"红色\", \"尺码\": \"21寸\"}","sold":0,"commentCount":0,"isAD":false,"status":1}]
14:53:01:062 DEBUG 488 --- [http-nio-8082-exec-3] com.hmall.api.client.ItemClient          : [ItemClient#queryItemsByIds] <--- END HTTP (396-byte body)
14:53:05:202 DEBUG 488 --- [http-nio-8082-exec-4] c.h.cart.mapper.CartMapper.selectList    : ==>  Preparing: SELECT id,user_id,item_id,num,name,spec,price,image,create_time,update_time FROM cart WHERE (user_id = ?)
14:53:05:202 DEBUG 488 --- [http-nio-8082-exec-4] c.h.cart.mapper.CartMapper.selectList    : ==> Parameters: 2(Long)
14:53:05:227 DEBUG 488 --- [http-nio-8082-exec-4] c.h.cart.mapper.CartMapper.selectList    : <==      Total: 1
14:53:05:228 DEBUG 488 --- [http-nio-8082-exec-4] com.hmall.api.client.ItemClient          : [ItemClient#queryItemsByIds] ---> GET http://item-service/items?ids=317578 HTTP/1.1
14:53:05:229 DEBUG 488 --- [http-nio-8082-exec-4] com.hmall.api.client.ItemClient          : [ItemClient#queryItemsByIds] user-id: 2
14:53:05:229 DEBUG 488 --- [http-nio-8082-exec-4] com.hmall.api.client.ItemClient          : [ItemClient#queryItemsByIds] ---> END HTTP (0-byte body)
14:53:05:284 DEBUG 488 --- [http-nio-8082-exec-4] com.hmall.api.client.ItemClient          : [ItemClient#queryItemsByIds] <--- HTTP/1.1 200  (54ms)
14:53:05:285 DEBUG 488 --- [http-nio-8082-exec-4] com.hmall.api.client.ItemClient          : [ItemClient#queryItemsByIds] connection: keep-alive
14:53:05:285 DEBUG 488 --- [http-nio-8082-exec-4] com.hmall.api.client.ItemClient          : [ItemClient#queryItemsByIds] content-type: application/json
14:53:05:285 DEBUG 488 --- [http-nio-8082-exec-4] com.hmall.api.client.ItemClient          : [ItemClient#queryItemsByIds] date: Fri, 10 Apr 2026 06:53:05 GMT
14:53:05:285 DEBUG 488 --- [http-nio-8082-exec-4] com.hmall.api.client.ItemClient          : [ItemClient#queryItemsByIds] keep-alive: timeout=60
14:53:05:285 DEBUG 488 --- [http-nio-8082-exec-4] com.hmall.api.client.ItemClient          : [ItemClient#queryItemsByIds] transfer-encoding: chunked
14:53:05:285 DEBUG 488 --- [http-nio-8082-exec-4] com.hmall.api.client.ItemClient          : [ItemClient#queryItemsByIds] 
14:53:05:285 DEBUG 488 --- [http-nio-8082-exec-4] com.hmall.api.client.ItemClient          : [ItemClient#queryItemsByIds] [{"id":"317578","name":"RIMOWA 21寸托运箱拉杆箱 SALSA AIR系列果绿色 820.70.36.4","price":28900,"stock":9998,"image":"https://m.360buyimg.com/mobilecms/s720x720_jfs/t6934/364/1195375010/84676/e9f2c55f/597ece38N0ddcbc77.jpg!q70.jpg.webp","category":"拉杆箱","brand":"RIMOWA","spec":"{\"颜色\": \"红色\", \"尺码\": \"21寸\"}","sold":0,"commentCount":0,"isAD":false,"status":1}]
14:53:05:285 DEBUG 488 --- [http-nio-8082-exec-4] com.hmall.api.client.ItemClient          : [ItemClient#queryItemsByIds] <--- END HTTP (396-byte body)
14:53:10:131 DEBUG 488 --- [http-nio-8082-exec-5] com.hmall.cart.mapper.CartMapper.delete  : ==>  Preparing: DELETE FROM cart WHERE (user_id = ? AND item_id IN (?))
14:53:10:132 DEBUG 488 --- [http-nio-8082-exec-5] com.hmall.cart.mapper.CartMapper.delete  : ==> Parameters: null, 317578(Long)
14:53:10:176 DEBUG 488 --- [http-nio-8082-exec-5] com.hmall.cart.mapper.CartMapper.delete  : <==    Updates: 0
14:53:47:773 DEBUG 488 --- [http-nio-8082-exec-6] c.h.cart.mapper.CartMapper.selectList    : ==>  Preparing: SELECT id,user_id,item_id,num,name,spec,price,image,create_time,update_time FROM cart WHERE (user_id = ?)
14:53:47:774 DEBUG 488 --- [http-nio-8082-exec-6] c.h.cart.mapper.CartMapper.selectList    : ==> Parameters: 2(Long)
14:53:47:799 DEBUG 488 --- [http-nio-8082-exec-6] c.h.cart.mapper.CartMapper.selectList    : <==      Total: 1
14:53:47:800 DEBUG 488 --- [http-nio-8082-exec-6] com.hmall.api.client.ItemClient          : [ItemClient#queryItemsByIds] ---> GET http://item-service/items?ids=317578 HTTP/1.1
14:53:47:800 DEBUG 488 --- [http-nio-8082-exec-6] com.hmall.api.client.ItemClient          : [ItemClient#queryItemsByIds] user-id: 2
14:53:47:800 DEBUG 488 --- [http-nio-8082-exec-6] com.hmall.api.client.ItemClient          : [ItemClient#queryItemsByIds] ---> END HTTP (0-byte body)
14:53:47:860 DEBUG 488 --- [http-nio-8082-exec-6] com.hmall.api.client.ItemClient          : [ItemClient#queryItemsByIds] <--- HTTP/1.1 200  (59ms)
14:53:47:860 DEBUG 488 --- [http-nio-8082-exec-6] com.hmall.api.client.ItemClient          : [ItemClient#queryItemsByIds] connection: keep-alive
14:53:47:860 DEBUG 488 --- [http-nio-8082-exec-6] com.hmall.api.client.ItemClient          : [ItemClient#queryItemsByIds] content-type: application/json
14:53:47:860 DEBUG 488 --- [http-nio-8082-exec-6] com.hmall.api.client.ItemClient          : [ItemClient#queryItemsByIds] date: Fri, 10 Apr 2026 06:53:47 GMT
14:53:47:860 DEBUG 488 --- [http-nio-8082-exec-6] com.hmall.api.client.ItemClient          : [ItemClient#queryItemsByIds] keep-alive: timeout=60
14:53:47:860 DEBUG 488 --- [http-nio-8082-exec-6] com.hmall.api.client.ItemClient          : [ItemClient#queryItemsByIds] transfer-encoding: chunked
14:53:47:860 DEBUG 488 --- [http-nio-8082-exec-6] com.hmall.api.client.ItemClient          : [ItemClient#queryItemsByIds] 
14:53:47:860 DEBUG 488 --- [http-nio-8082-exec-6] com.hmall.api.client.ItemClient          : [ItemClient#queryItemsByIds] [{"id":"317578","name":"RIMOWA 21寸托运箱拉杆箱 SALSA AIR系列果绿色 820.70.36.4","price":28900,"stock":9996,"image":"https://m.360buyimg.com/mobilecms/s720x720_jfs/t6934/364/1195375010/84676/e9f2c55f/597ece38N0ddcbc77.jpg!q70.jpg.webp","category":"拉杆箱","brand":"RIMOWA","spec":"{\"颜色\": \"红色\", \"尺码\": \"21寸\"}","sold":0,"commentCount":0,"isAD":false,"status":1}]
14:53:47:860 DEBUG 488 --- [http-nio-8082-exec-6] com.hmall.api.client.ItemClient          : [ItemClient#queryItemsByIds] <--- END HTTP (396-byte body)
14:53:49:279 DEBUG 488 --- [http-nio-8082-exec-7] c.h.cart.mapper.CartMapper.selectList    : ==>  Preparing: SELECT id,user_id,item_id,num,name,spec,price,image,create_time,update_time FROM cart WHERE (user_id = ?)
14:53:49:279 DEBUG 488 --- [http-nio-8082-exec-7] c.h.cart.mapper.CartMapper.selectList    : ==> Parameters: 2(Long)
14:53:49:304 DEBUG 488 --- [http-nio-8082-exec-7] c.h.cart.mapper.CartMapper.selectList    : <==      Total: 1
14:53:49:305 DEBUG 488 --- [http-nio-8082-exec-7] com.hmall.api.client.ItemClient          : [ItemClient#queryItemsByIds] ---> GET http://item-service/items?ids=317578 HTTP/1.1
14:53:49:305 DEBUG 488 --- [http-nio-8082-exec-7] com.hmall.api.client.ItemClient          : [ItemClient#queryItemsByIds] user-id: 2
14:53:49:305 DEBUG 488 --- [http-nio-8082-exec-7] com.hmall.api.client.ItemClient          : [ItemClient#queryItemsByIds] ---> END HTTP (0-byte body)
14:53:49:364 DEBUG 488 --- [http-nio-8082-exec-7] com.hmall.api.client.ItemClient          : [ItemClient#queryItemsByIds] <--- HTTP/1.1 200  (58ms)
14:53:49:364 DEBUG 488 --- [http-nio-8082-exec-7] com.hmall.api.client.ItemClient          : [ItemClient#queryItemsByIds] connection: keep-alive
14:53:49:364 DEBUG 488 --- [http-nio-8082-exec-7] com.hmall.api.client.ItemClient          : [ItemClient#queryItemsByIds] content-type: application/json
14:53:49:364 DEBUG 488 --- [http-nio-8082-exec-7] com.hmall.api.client.ItemClient          : [ItemClient#queryItemsByIds] date: Fri, 10 Apr 2026 06:53:49 GMT
14:53:49:364 DEBUG 488 --- [http-nio-8082-exec-7] com.hmall.api.client.ItemClient          : [ItemClient#queryItemsByIds] keep-alive: timeout=60
14:53:49:364 DEBUG 488 --- [http-nio-8082-exec-7] com.hmall.api.client.ItemClient          : [ItemClient#queryItemsByIds] transfer-encoding: chunked
14:53:49:365 DEBUG 488 --- [http-nio-8082-exec-7] com.hmall.api.client.ItemClient          : [ItemClient#queryItemsByIds] 
14:53:49:365 DEBUG 488 --- [http-nio-8082-exec-7] com.hmall.api.client.ItemClient          : [ItemClient#queryItemsByIds] [{"id":"317578","name":"RIMOWA 21寸托运箱拉杆箱 SALSA AIR系列果绿色 820.70.36.4","price":28900,"stock":9996,"image":"https://m.360buyimg.com/mobilecms/s720x720_jfs/t6934/364/1195375010/84676/e9f2c55f/597ece38N0ddcbc77.jpg!q70.jpg.webp","category":"拉杆箱","brand":"RIMOWA","spec":"{\"颜色\": \"红色\", \"尺码\": \"21寸\"}","sold":0,"commentCount":0,"isAD":false,"status":1}]
14:53:49:365 DEBUG 488 --- [http-nio-8082-exec-7] com.hmall.api.client.ItemClient          : [ItemClient#queryItemsByIds] <--- END HTTP (396-byte body)
14:53:50:115 DEBUG 488 --- [http-nio-8082-exec-8] c.h.cart.mapper.CartMapper.selectList    : ==>  Preparing: SELECT id,user_id,item_id,num,name,spec,price,image,create_time,update_time FROM cart WHERE (user_id = ?)
14:53:50:115 DEBUG 488 --- [http-nio-8082-exec-8] c.h.cart.mapper.CartMapper.selectList    : ==> Parameters: 2(Long)
14:53:50:139 DEBUG 488 --- [http-nio-8082-exec-8] c.h.cart.mapper.CartMapper.selectList    : <==      Total: 1
14:53:50:140 DEBUG 488 --- [http-nio-8082-exec-8] com.hmall.api.client.ItemClient          : [ItemClient#queryItemsByIds] ---> GET http://item-service/items?ids=317578 HTTP/1.1
14:53:50:140 DEBUG 488 --- [http-nio-8082-exec-8] com.hmall.api.client.ItemClient          : [ItemClient#queryItemsByIds] user-id: 2
14:53:50:140 DEBUG 488 --- [http-nio-8082-exec-8] com.hmall.api.client.ItemClient          : [ItemClient#queryItemsByIds] ---> END HTTP (0-byte body)
14:53:50:194 DEBUG 488 --- [http-nio-8082-exec-8] com.hmall.api.client.ItemClient          : [ItemClient#queryItemsByIds] <--- HTTP/1.1 200  (53ms)
14:53:50:194 DEBUG 488 --- [http-nio-8082-exec-8] com.hmall.api.client.ItemClient          : [ItemClient#queryItemsByIds] connection: keep-alive
14:53:50:194 DEBUG 488 --- [http-nio-8082-exec-8] com.hmall.api.client.ItemClient          : [ItemClient#queryItemsByIds] content-type: application/json
14:53:50:194 DEBUG 488 --- [http-nio-8082-exec-8] com.hmall.api.client.ItemClient          : [ItemClient#queryItemsByIds] date: Fri, 10 Apr 2026 06:53:49 GMT
14:53:50:194 DEBUG 488 --- [http-nio-8082-exec-8] com.hmall.api.client.ItemClient          : [ItemClient#queryItemsByIds] keep-alive: timeout=60
14:53:50:194 DEBUG 488 --- [http-nio-8082-exec-8] com.hmall.api.client.ItemClient          : [ItemClient#queryItemsByIds] transfer-encoding: chunked
14:53:50:194 DEBUG 488 --- [http-nio-8082-exec-8] com.hmall.api.client.ItemClient          : [ItemClient#queryItemsByIds] 
14:53:50:194 DEBUG 488 --- [http-nio-8082-exec-8] com.hmall.api.client.ItemClient          : [ItemClient#queryItemsByIds] [{"id":"317578","name":"RIMOWA 21寸托运箱拉杆箱 SALSA AIR系列果绿色 820.70.36.4","price":28900,"stock":9996,"image":"https://m.360buyimg.com/mobilecms/s720x720_jfs/t6934/364/1195375010/84676/e9f2c55f/597ece38N0ddcbc77.jpg!q70.jpg.webp","category":"拉杆箱","brand":"RIMOWA","spec":"{\"颜色\": \"红色\", \"尺码\": \"21寸\"}","sold":0,"commentCount":0,"isAD":false,"status":1}]
14:53:50:195 DEBUG 488 --- [http-nio-8082-exec-8] com.hmall.api.client.ItemClient          : [ItemClient#queryItemsByIds] <--- END HTTP (396-byte body)
14:53:50:880 DEBUG 488 --- [http-nio-8082-exec-9] c.h.cart.mapper.CartMapper.selectList    : ==>  Preparing: SELECT id,user_id,item_id,num,name,spec,price,image,create_time,update_time FROM cart WHERE (user_id = ?)
14:53:50:880 DEBUG 488 --- [http-nio-8082-exec-9] c.h.cart.mapper.CartMapper.selectList    : ==> Parameters: 2(Long)
14:53:50:906 DEBUG 488 --- [http-nio-8082-exec-9] c.h.cart.mapper.CartMapper.selectList    : <==      Total: 1
14:53:50:907 DEBUG 488 --- [http-nio-8082-exec-9] com.hmall.api.client.ItemClient          : [ItemClient#queryItemsByIds] ---> GET http://item-service/items?ids=317578 HTTP/1.1
14:53:50:907 DEBUG 488 --- [http-nio-8082-exec-9] com.hmall.api.client.ItemClient          : [ItemClient#queryItemsByIds] user-id: 2
14:53:50:907 DEBUG 488 --- [http-nio-8082-exec-9] com.hmall.api.client.ItemClient          : [ItemClient#queryItemsByIds] ---> END HTTP (0-byte body)
14:53:50:962 DEBUG 488 --- [http-nio-8082-exec-9] com.hmall.api.client.ItemClient          : [ItemClient#queryItemsByIds] <--- HTTP/1.1 200  (54ms)
14:53:50:962 DEBUG 488 --- [http-nio-8082-exec-9] com.hmall.api.client.ItemClient          : [ItemClient#queryItemsByIds] connection: keep-alive
14:53:50:962 DEBUG 488 --- [http-nio-8082-exec-9] com.hmall.api.client.ItemClient          : [ItemClient#queryItemsByIds] content-type: application/json
14:53:50:962 DEBUG 488 --- [http-nio-8082-exec-9] com.hmall.api.client.ItemClient          : [ItemClient#queryItemsByIds] date: Fri, 10 Apr 2026 06:53:50 GMT
14:53:50:962 DEBUG 488 --- [http-nio-8082-exec-9] com.hmall.api.client.ItemClient          : [ItemClient#queryItemsByIds] keep-alive: timeout=60
14:53:50:962 DEBUG 488 --- [http-nio-8082-exec-9] com.hmall.api.client.ItemClient          : [ItemClient#queryItemsByIds] transfer-encoding: chunked
14:53:50:962 DEBUG 488 --- [http-nio-8082-exec-9] com.hmall.api.client.ItemClient          : [ItemClient#queryItemsByIds] 
14:53:50:962 DEBUG 488 --- [http-nio-8082-exec-9] com.hmall.api.client.ItemClient          : [ItemClient#queryItemsByIds] [{"id":"317578","name":"RIMOWA 21寸托运箱拉杆箱 SALSA AIR系列果绿色 820.70.36.4","price":28900,"stock":9996,"image":"https://m.360buyimg.com/mobilecms/s720x720_jfs/t6934/364/1195375010/84676/e9f2c55f/597ece38N0ddcbc77.jpg!q70.jpg.webp","category":"拉杆箱","brand":"RIMOWA","spec":"{\"颜色\": \"红色\", \"尺码\": \"21寸\"}","sold":0,"commentCount":0,"isAD":false,"status":1}]
14:53:50:962 DEBUG 488 --- [http-nio-8082-exec-9] com.hmall.api.client.ItemClient          : [ItemClient#queryItemsByIds] <--- END HTTP (396-byte body)
14:53:51:515 DEBUG 488 --- [http-nio-8082-exec-10] c.h.cart.mapper.CartMapper.selectList    : ==>  Preparing: SELECT id,user_id,item_id,num,name,spec,price,image,create_time,update_time FROM cart WHERE (user_id = ?)
14:53:51:515 DEBUG 488 --- [http-nio-8082-exec-10] c.h.cart.mapper.CartMapper.selectList    : ==> Parameters: 2(Long)
14:53:51:541 DEBUG 488 --- [http-nio-8082-exec-10] c.h.cart.mapper.CartMapper.selectList    : <==      Total: 1
14:53:51:542 DEBUG 488 --- [http-nio-8082-exec-10] com.hmall.api.client.ItemClient          : [ItemClient#queryItemsByIds] ---> GET http://item-service/items?ids=317578 HTTP/1.1
14:53:51:542 DEBUG 488 --- [http-nio-8082-exec-10] com.hmall.api.client.ItemClient          : [ItemClient#queryItemsByIds] user-id: 2
14:53:51:542 DEBUG 488 --- [http-nio-8082-exec-10] com.hmall.api.client.ItemClient          : [ItemClient#queryItemsByIds] ---> END HTTP (0-byte body)
14:53:51:599 DEBUG 488 --- [http-nio-8082-exec-10] com.hmall.api.client.ItemClient          : [ItemClient#queryItemsByIds] <--- HTTP/1.1 200  (56ms)
14:53:51:600 DEBUG 488 --- [http-nio-8082-exec-10] com.hmall.api.client.ItemClient          : [ItemClient#queryItemsByIds] connection: keep-alive
14:53:51:600 DEBUG 488 --- [http-nio-8082-exec-10] com.hmall.api.client.ItemClient          : [ItemClient#queryItemsByIds] content-type: application/json
14:53:51:600 DEBUG 488 --- [http-nio-8082-exec-10] com.hmall.api.client.ItemClient          : [ItemClient#queryItemsByIds] date: Fri, 10 Apr 2026 06:53:50 GMT
14:53:51:600 DEBUG 488 --- [http-nio-8082-exec-10] com.hmall.api.client.ItemClient          : [ItemClient#queryItemsByIds] keep-alive: timeout=60
14:53:51:600 DEBUG 488 --- [http-nio-8082-exec-10] com.hmall.api.client.ItemClient          : [ItemClient#queryItemsByIds] transfer-encoding: chunked
14:53:51:600 DEBUG 488 --- [http-nio-8082-exec-10] com.hmall.api.client.ItemClient          : [ItemClient#queryItemsByIds] 
14:53:51:600 DEBUG 488 --- [http-nio-8082-exec-10] com.hmall.api.client.ItemClient          : [ItemClient#queryItemsByIds] [{"id":"317578","name":"RIMOWA 21寸托运箱拉杆箱 SALSA AIR系列果绿色 820.70.36.4","price":28900,"stock":9996,"image":"https://m.360buyimg.com/mobilecms/s720x720_jfs/t6934/364/1195375010/84676/e9f2c55f/597ece38N0ddcbc77.jpg!q70.jpg.webp","category":"拉杆箱","brand":"RIMOWA","spec":"{\"颜色\": \"红色\", \"尺码\": \"21寸\"}","sold":0,"commentCount":0,"isAD":false,"status":1}]
14:53:51:600 DEBUG 488 --- [http-nio-8082-exec-10] com.hmall.api.client.ItemClient          : [ItemClient#queryItemsByIds] <--- END HTTP (396-byte body)
14:53:55:064 DEBUG 488 --- [http-nio-8082-exec-1] com.hmall.cart.mapper.CartMapper.delete  : ==>  Preparing: DELETE FROM cart WHERE (user_id = ? AND item_id IN (?))
14:53:55:064 DEBUG 488 --- [http-nio-8082-exec-1] com.hmall.cart.mapper.CartMapper.delete  : ==> Parameters: null, 317578(Long)
14:53:55:111 DEBUG 488 --- [http-nio-8082-exec-1] com.hmall.cart.mapper.CartMapper.delete  : <==    Updates: 0
14:55:37:744 DEBUG 488 --- [http-nio-8082-exec-4] c.h.cart.mapper.CartMapper.selectList    : ==>  Preparing: SELECT id,user_id,item_id,num,name,spec,price,image,create_time,update_time FROM cart WHERE (user_id = ?)
14:55:37:745 DEBUG 488 --- [http-nio-8082-exec-4] c.h.cart.mapper.CartMapper.selectList    : ==> Parameters: 2(Long)
14:55:37:770 DEBUG 488 --- [http-nio-8082-exec-4] c.h.cart.mapper.CartMapper.selectList    : <==      Total: 1
14:55:37:771 DEBUG 488 --- [http-nio-8082-exec-4] com.hmall.api.client.ItemClient          : [ItemClient#queryItemsByIds] ---> GET http://item-service/items?ids=317578 HTTP/1.1
14:55:37:771 DEBUG 488 --- [http-nio-8082-exec-4] com.hmall.api.client.ItemClient          : [ItemClient#queryItemsByIds] user-id: 2
14:55:37:771 DEBUG 488 --- [http-nio-8082-exec-4] com.hmall.api.client.ItemClient          : [ItemClient#queryItemsByIds] ---> END HTTP (0-byte body)
14:55:37:833 DEBUG 488 --- [http-nio-8082-exec-4] com.hmall.api.client.ItemClient          : [ItemClient#queryItemsByIds] <--- HTTP/1.1 200  (61ms)
14:55:37:834 DEBUG 488 --- [http-nio-8082-exec-4] com.hmall.api.client.ItemClient          : [ItemClient#queryItemsByIds] connection: keep-alive
14:55:37:834 DEBUG 488 --- [http-nio-8082-exec-4] com.hmall.api.client.ItemClient          : [ItemClient#queryItemsByIds] content-type: application/json
14:55:37:834 DEBUG 488 --- [http-nio-8082-exec-4] com.hmall.api.client.ItemClient          : [ItemClient#queryItemsByIds] date: Fri, 10 Apr 2026 06:55:37 GMT
14:55:37:834 DEBUG 488 --- [http-nio-8082-exec-4] com.hmall.api.client.ItemClient          : [ItemClient#queryItemsByIds] keep-alive: timeout=60
14:55:37:834 DEBUG 488 --- [http-nio-8082-exec-4] com.hmall.api.client.ItemClient          : [ItemClient#queryItemsByIds] transfer-encoding: chunked
14:55:37:834 DEBUG 488 --- [http-nio-8082-exec-4] com.hmall.api.client.ItemClient          : [ItemClient#queryItemsByIds] 
14:55:37:834 DEBUG 488 --- [http-nio-8082-exec-4] com.hmall.api.client.ItemClient          : [ItemClient#queryItemsByIds] [{"id":"317578","name":"RIMOWA 21寸托运箱拉杆箱 SALSA AIR系列果绿色 820.70.36.4","price":28900,"stock":9994,"image":"https://m.360buyimg.com/mobilecms/s720x720_jfs/t6934/364/1195375010/84676/e9f2c55f/597ece38N0ddcbc77.jpg!q70.jpg.webp","category":"拉杆箱","brand":"RIMOWA","spec":"{\"颜色\": \"红色\", \"尺码\": \"21寸\"}","sold":0,"commentCount":0,"isAD":false,"status":1}]
14:55:37:834 DEBUG 488 --- [http-nio-8082-exec-4] com.hmall.api.client.ItemClient          : [ItemClient#queryItemsByIds] <--- END HTTP (396-byte body)
14:55:49:813 DEBUG 488 --- [http-nio-8082-exec-5] c.h.cart.mapper.CartMapper.selectList    : ==>  Preparing: SELECT id,user_id,item_id,num,name,spec,price,image,create_time,update_time FROM cart WHERE (user_id = ?)
14:55:49:814 DEBUG 488 --- [http-nio-8082-exec-5] c.h.cart.mapper.CartMapper.selectList    : ==> Parameters: 2(Long)
14:55:49:837 DEBUG 488 --- [http-nio-8082-exec-5] c.h.cart.mapper.CartMapper.selectList    : <==      Total: 1
14:55:49:838 DEBUG 488 --- [http-nio-8082-exec-5] com.hmall.api.client.ItemClient          : [ItemClient#queryItemsByIds] ---> GET http://item-service/items?ids=317578 HTTP/1.1
14:55:49:838 DEBUG 488 --- [http-nio-8082-exec-5] com.hmall.api.client.ItemClient          : [ItemClient#queryItemsByIds] user-id: 2
14:55:49:838 DEBUG 488 --- [http-nio-8082-exec-5] com.hmall.api.client.ItemClient          : [ItemClient#queryItemsByIds] ---> END HTTP (0-byte body)
14:55:49:899 DEBUG 488 --- [http-nio-8082-exec-5] com.hmall.api.client.ItemClient          : [ItemClient#queryItemsByIds] <--- HTTP/1.1 200  (61ms)
14:55:49:899 DEBUG 488 --- [http-nio-8082-exec-5] com.hmall.api.client.ItemClient          : [ItemClient#queryItemsByIds] connection: keep-alive
14:55:49:899 DEBUG 488 --- [http-nio-8082-exec-5] com.hmall.api.client.ItemClient          : [ItemClient#queryItemsByIds] content-type: application/json
14:55:49:899 DEBUG 488 --- [http-nio-8082-exec-5] com.hmall.api.client.ItemClient          : [ItemClient#queryItemsByIds] date: Fri, 10 Apr 2026 06:55:49 GMT
14:55:49:899 DEBUG 488 --- [http-nio-8082-exec-5] com.hmall.api.client.ItemClient          : [ItemClient#queryItemsByIds] keep-alive: timeout=60
14:55:49:899 DEBUG 488 --- [http-nio-8082-exec-5] com.hmall.api.client.ItemClient          : [ItemClient#queryItemsByIds] transfer-encoding: chunked
14:55:49:899 DEBUG 488 --- [http-nio-8082-exec-5] com.hmall.api.client.ItemClient          : [ItemClient#queryItemsByIds] 
14:55:49:900 DEBUG 488 --- [http-nio-8082-exec-5] com.hmall.api.client.ItemClient          : [ItemClient#queryItemsByIds] [{"id":"317578","name":"RIMOWA 21寸托运箱拉杆箱 SALSA AIR系列果绿色 820.70.36.4","price":28900,"stock":9994,"image":"https://m.360buyimg.com/mobilecms/s720x720_jfs/t6934/364/1195375010/84676/e9f2c55f/597ece38N0ddcbc77.jpg!q70.jpg.webp","category":"拉杆箱","brand":"RIMOWA","spec":"{\"颜色\": \"红色\", \"尺码\": \"21寸\"}","sold":0,"commentCount":0,"isAD":false,"status":1}]
14:55:49:900 DEBUG 488 --- [http-nio-8082-exec-5] com.hmall.api.client.ItemClient          : [ItemClient#queryItemsByIds] <--- END HTTP (396-byte body)
14:56:06:619 DEBUG 488 --- [http-nio-8082-exec-6] com.hmall.cart.mapper.CartMapper.delete  : ==>  Preparing: DELETE FROM cart WHERE (user_id = ? AND item_id IN (?))
14:56:06:619 DEBUG 488 --- [http-nio-8082-exec-6] com.hmall.cart.mapper.CartMapper.delete  : ==> Parameters: null, 317578(Long)
14:56:06:664 DEBUG 488 --- [http-nio-8082-exec-6] com.hmall.cart.mapper.CartMapper.delete  : <==    Updates: 0
15:00:55:293  WARN 488 --- [http-nio-8082-exec-9] com.zaxxer.hikari.pool.PoolBase          : HikariPool-1 - Failed to validate connection com.mysql.cj.jdbc.ConnectionImpl@654471c2 (No operations allowed after connection closed.). Possibly consider using a shorter maxLifetime value.
15:00:59:521  WARN 488 --- [http-nio-8082-exec-10] com.zaxxer.hikari.pool.PoolBase          : HikariPool-1 - Failed to validate connection com.mysql.cj.jdbc.ConnectionImpl@7421b27b (No operations allowed after connection closed.). Possibly consider using a shorter maxLifetime value.
15:01:05:305  WARN 488 --- [http-nio-8082-exec-9] com.zaxxer.hikari.pool.PoolBase          : HikariPool-1 - Failed to validate connection com.mysql.cj.jdbc.ConnectionImpl@20f77b35 (No operations allowed after connection closed.). Possibly consider using a shorter maxLifetime value.
15:01:09:541  WARN 488 --- [http-nio-8082-exec-10] com.zaxxer.hikari.pool.PoolBase          : HikariPool-1 - Failed to validate connection com.mysql.cj.jdbc.ConnectionImpl@1c3a6e2e (No operations allowed after connection closed.). Possibly consider using a shorter maxLifetime value.
15:01:15:326  WARN 488 --- [http-nio-8082-exec-9] com.zaxxer.hikari.pool.PoolBase          : HikariPool-1 - Failed to validate connection com.mysql.cj.jdbc.ConnectionImpl@6baf6322 (No operations allowed after connection closed.). Possibly consider using a shorter maxLifetime value.
15:01:15:337 ERROR 488 --- [http-nio-8082-exec-9] o.a.c.c.C.[.[.[/].[dispatcherServlet]    : Servlet.service() for servlet [dispatcherServlet] in context with path [] threw exception [Request processing failed; nested exception is org.mybatis.spring.MyBatisSystemException: nested exception is org.apache.ibatis.exceptions.PersistenceException: 
### Error querying database.  Cause: org.springframework.jdbc.CannotGetJdbcConnectionException: Failed to obtain JDBC Connection; nested exception is java.sql.SQLTransientConnectionException: HikariPool-1 - Connection is not available, request timed out after 30056ms.
### The error may exist in com/hmall/cart/mapper/CartMapper.java (best guess)
### The error may involve com.hmall.cart.mapper.CartMapper.selectList
### The error occurred while executing a query
### Cause: org.springframework.jdbc.CannotGetJdbcConnectionException: Failed to obtain JDBC Connection; nested exception is java.sql.SQLTransientConnectionException: HikariPool-1 - Connection is not available, request timed out after 30056ms.] with root cause

com.mysql.cj.exceptions.ConnectionIsClosedException: No operations allowed after connection closed.
	at java.base/jdk.internal.reflect.NativeConstructorAccessorImpl.newInstance0(Native Method) ~[na:na]
	at java.base/jdk.internal.reflect.NativeConstructorAccessorImpl.newInstance(NativeConstructorAccessorImpl.java:62) ~[na:na]
	at java.base/jdk.internal.reflect.DelegatingConstructorAccessorImpl.newInstance(DelegatingConstructorAccessorImpl.java:45) ~[na:na]
	at java.base/java.lang.reflect.Constructor.newInstance(Constructor.java:490) ~[na:na]
	at com.mysql.cj.exceptions.ExceptionFactory.createException(ExceptionFactory.java:61) ~[mysql-connector-java-8.0.23.jar:8.0.23]
	at com.mysql.cj.exceptions.ExceptionFactory.createException(ExceptionFactory.java:105) ~[mysql-connector-java-8.0.23.jar:8.0.23]
	at com.mysql.cj.exceptions.ExceptionFactory.createException(ExceptionFactory.java:151) ~[mysql-connector-java-8.0.23.jar:8.0.23]
	at com.mysql.cj.NativeSession.checkClosed(NativeSession.java:1171) ~[mysql-connector-java-8.0.23.jar:8.0.23]
	at com.mysql.cj.jdbc.ConnectionImpl.checkClosed(ConnectionImpl.java:573) ~[mysql-connector-java-8.0.23.jar:8.0.23]
	at com.mysql.cj.jdbc.ConnectionImpl.setNetworkTimeout(ConnectionImpl.java:2491) ~[mysql-connector-java-8.0.23.jar:8.0.23]
	at com.zaxxer.hikari.pool.PoolBase.setNetworkTimeout(PoolBase.java:566) ~[HikariCP-4.0.3.jar:na]
	at com.zaxxer.hikari.pool.PoolBase.isConnectionAlive(PoolBase.java:173) ~[HikariCP-4.0.3.jar:na]
	at com.zaxxer.hikari.pool.HikariPool.getConnection(HikariPool.java:186) ~[HikariCP-4.0.3.jar:na]
	at com.zaxxer.hikari.pool.HikariPool.getConnection(HikariPool.java:162) ~[HikariCP-4.0.3.jar:na]
	at com.zaxxer.hikari.HikariDataSource.getConnection(HikariDataSource.java:128) ~[HikariCP-4.0.3.jar:na]
	at org.springframework.jdbc.datasource.DataSourceUtils.fetchConnection(DataSourceUtils.java:159) ~[spring-jdbc-5.3.27.jar:5.3.27]
	at org.springframework.jdbc.datasource.DataSourceUtils.doGetConnection(DataSourceUtils.java:117) ~[spring-jdbc-5.3.27.jar:5.3.27]
	at org.springframework.jdbc.datasource.DataSourceUtils.getConnection(DataSourceUtils.java:80) ~[spring-jdbc-5.3.27.jar:5.3.27]
	at org.mybatis.spring.transaction.SpringManagedTransaction.openConnection(SpringManagedTransaction.java:80) ~[mybatis-spring-2.0.6.jar:2.0.6]
	at org.mybatis.spring.transaction.SpringManagedTransaction.getConnection(SpringManagedTransaction.java:67) ~[mybatis-spring-2.0.6.jar:2.0.6]
	at org.apache.ibatis.executor.BaseExecutor.getConnection(BaseExecutor.java:337) ~[mybatis-3.5.7.jar:3.5.7]
	at org.apache.ibatis.executor.SimpleExecutor.prepareStatement(SimpleExecutor.java:86) ~[mybatis-3.5.7.jar:3.5.7]
	at org.apache.ibatis.executor.SimpleExecutor.doQuery(SimpleExecutor.java:62) ~[mybatis-3.5.7.jar:3.5.7]
	at org.apache.ibatis.executor.BaseExecutor.queryFromDatabase(BaseExecutor.java:325) ~[mybatis-3.5.7.jar:3.5.7]
	at org.apache.ibatis.executor.BaseExecutor.query(BaseExecutor.java:156) ~[mybatis-3.5.7.jar:3.5.7]
	at org.apache.ibatis.executor.CachingExecutor.query(CachingExecutor.java:109) ~[mybatis-3.5.7.jar:3.5.7]
	at com.baomidou.mybatisplus.extension.plugins.MybatisPlusInterceptor.intercept(MybatisPlusInterceptor.java:81) ~[mybatis-plus-extension-3.4.3.jar:3.4.3]
	at org.apache.ibatis.plugin.Plugin.invoke(Plugin.java:62) ~[mybatis-3.5.7.jar:3.5.7]
	at com.sun.proxy.$Proxy144.query(Unknown Source) ~[na:na]
	at org.apache.ibatis.session.defaults.DefaultSqlSession.selectList(DefaultSqlSession.java:151) ~[mybatis-3.5.7.jar:3.5.7]
	at org.apache.ibatis.session.defaults.DefaultSqlSession.selectList(DefaultSqlSession.java:145) ~[mybatis-3.5.7.jar:3.5.7]
	at org.apache.ibatis.session.defaults.DefaultSqlSession.selectList(DefaultSqlSession.java:140) ~[mybatis-3.5.7.jar:3.5.7]
	at java.base/jdk.internal.reflect.NativeMethodAccessorImpl.invoke0(Native Method) ~[na:na]
	at java.base/jdk.internal.reflect.NativeMethodAccessorImpl.invoke(NativeMethodAccessorImpl.java:62) ~[na:na]
	at java.base/jdk.internal.reflect.DelegatingMethodAccessorImpl.invoke(DelegatingMethodAccessorImpl.java:43) ~[na:na]
	at java.base/java.lang.reflect.Method.invoke(Method.java:566) ~[na:na]
	at org.mybatis.spring.SqlSessionTemplate$SqlSessionInterceptor.invoke(SqlSessionTemplate.java:427) ~[mybatis-spring-2.0.6.jar:2.0.6]
	at com.sun.proxy.$Proxy114.selectList(Unknown Source) ~[na:na]
	at org.mybatis.spring.SqlSessionTemplate.selectList(SqlSessionTemplate.java:224) ~[mybatis-spring-2.0.6.jar:2.0.6]
	at com.baomidou.mybatisplus.core.override.MybatisMapperMethod.executeForMany(MybatisMapperMethod.java:166) ~[mybatis-plus-core-3.4.3.jar:3.4.3]
	at com.baomidou.mybatisplus.core.override.MybatisMapperMethod.execute(MybatisMapperMethod.java:77) ~[mybatis-plus-core-3.4.3.jar:3.4.3]
	at com.baomidou.mybatisplus.core.override.MybatisMapperProxy$PlainMethodInvoker.invoke(MybatisMapperProxy.java:148) ~[mybatis-plus-core-3.4.3.jar:3.4.3]
	at com.baomidou.mybatisplus.core.override.MybatisMapperProxy.invoke(MybatisMapperProxy.java:89) ~[mybatis-plus-core-3.4.3.jar:3.4.3]
	at com.sun.proxy.$Proxy118.selectList(Unknown Source) ~[na:na]
	at com.baomidou.mybatisplus.extension.conditions.query.ChainQuery.list(ChainQuery.java:39) ~[mybatis-plus-extension-3.4.3.jar:3.4.3]
	at com.hmall.cart.service.Impl.CartServiceImpl.queryMyCarts(CartServiceImpl.java:69) ~[classes/:na]
	at com.hmall.cart.service.Impl.CartServiceImpl$$FastClassBySpringCGLIB$$83d8b6af.invoke(<generated>) ~[classes/:na]
	at org.springframework.cglib.proxy.MethodProxy.invoke(MethodProxy.java:218) ~[spring-core-5.3.27.jar:5.3.27]
	at org.springframework.aop.framework.CglibAopProxy.invokeMethod(CglibAopProxy.java:386) ~[spring-aop-5.3.27.jar:5.3.27]
	at org.springframework.aop.framework.CglibAopProxy.access$000(CglibAopProxy.java:85) ~[spring-aop-5.3.27.jar:5.3.27]
	at org.springframework.aop.framework.CglibAopProxy$DynamicAdvisedInterceptor.intercept(CglibAopProxy.java:704) ~[spring-aop-5.3.27.jar:5.3.27]
	at com.hmall.cart.service.Impl.CartServiceImpl$$EnhancerBySpringCGLIB$$e7494a76.queryMyCarts(<generated>) ~[classes/:na]
	at com.hmall.cart.controller.CartController.queryMyCarts(CartController.java:46) ~[classes/:na]
	at java.base/jdk.internal.reflect.NativeMethodAccessorImpl.invoke0(Native Method) ~[na:na]
	at java.base/jdk.internal.reflect.NativeMethodAccessorImpl.invoke(NativeMethodAccessorImpl.java:62) ~[na:na]
	at java.base/jdk.internal.reflect.DelegatingMethodAccessorImpl.invoke(DelegatingMethodAccessorImpl.java:43) ~[na:na]
	at java.base/java.lang.reflect.Method.invoke(Method.java:566) ~[na:na]
	at org.springframework.web.method.support.InvocableHandlerMethod.doInvoke(InvocableHandlerMethod.java:205) ~[spring-web-5.3.27.jar:5.3.27]
	at org.springframework.web.method.support.InvocableHandlerMethod.invokeForRequest(InvocableHandlerMethod.java:150) ~[spring-web-5.3.27.jar:5.3.27]
	at org.springframework.web.servlet.mvc.method.annotation.ServletInvocableHandlerMethod.invokeAndHandle(ServletInvocableHandlerMethod.java:117) ~[spring-webmvc-5.3.27.jar:5.3.27]
	at org.springframework.web.servlet.mvc.method.annotation.RequestMappingHandlerAdapter.invokeHandlerMethod(RequestMappingHandlerAdapter.java:895) ~[spring-webmvc-5.3.27.jar:5.3.27]
	at org.springframework.web.servlet.mvc.method.annotation.RequestMappingHandlerAdapter.handleInternal(RequestMappingHandlerAdapter.java:808) ~[spring-webmvc-5.3.27.jar:5.3.27]
	at org.springframework.web.servlet.mvc.method.AbstractHandlerMethodAdapter.handle(AbstractHandlerMethodAdapter.java:87) ~[spring-webmvc-5.3.27.jar:5.3.27]
	at org.springframework.web.servlet.DispatcherServlet.doDispatch(DispatcherServlet.java:1072) ~[spring-webmvc-5.3.27.jar:5.3.27]
	at org.springframework.web.servlet.DispatcherServlet.doService(DispatcherServlet.java:965) ~[spring-webmvc-5.3.27.jar:5.3.27]
	at org.springframework.web.servlet.FrameworkServlet.processRequest(FrameworkServlet.java:1006) ~[spring-webmvc-5.3.27.jar:5.3.27]
	at org.springframework.web.servlet.FrameworkServlet.doGet(FrameworkServlet.java:898) ~[spring-webmvc-5.3.27.jar:5.3.27]
	at javax.servlet.http.HttpServlet.service(HttpServlet.java:529) ~[tomcat-embed-core-9.0.75.jar:4.0.FR]
	at org.springframework.web.servlet.FrameworkServlet.service(FrameworkServlet.java:883) ~[spring-webmvc-5.3.27.jar:5.3.27]
	at javax.servlet.http.HttpServlet.service(HttpServlet.java:623) ~[tomcat-embed-core-9.0.75.jar:4.0.FR]
	at org.apache.catalina.core.ApplicationFilterChain.internalDoFilter(ApplicationFilterChain.java:209) ~[tomcat-embed-core-9.0.75.jar:9.0.75]
	at org.apache.catalina.core.ApplicationFilterChain.doFilter(ApplicationFilterChain.java:153) ~[tomcat-embed-core-9.0.75.jar:9.0.75]
	at org.apache.tomcat.websocket.server.WsFilter.doFilter(WsFilter.java:51) ~[tomcat-embed-websocket-9.0.75.jar:9.0.75]
	at org.apache.catalina.core.ApplicationFilterChain.internalDoFilter(ApplicationFilterChain.java:178) ~[tomcat-embed-core-9.0.75.jar:9.0.75]
	at org.apache.catalina.core.ApplicationFilterChain.doFilter(ApplicationFilterChain.java:153) ~[tomcat-embed-core-9.0.75.jar:9.0.75]
	at org.springframework.web.filter.RequestContextFilter.doFilterInternal(RequestContextFilter.java:100) ~[spring-web-5.3.27.jar:5.3.27]
	at org.springframework.web.filter.OncePerRequestFilter.doFilter(OncePerRequestFilter.java:117) ~[spring-web-5.3.27.jar:5.3.27]
	at org.apache.catalina.core.ApplicationFilterChain.internalDoFilter(ApplicationFilterChain.java:178) ~[tomcat-embed-core-9.0.75.jar:9.0.75]
	at org.apache.catalina.core.ApplicationFilterChain.doFilter(ApplicationFilterChain.java:153) ~[tomcat-embed-core-9.0.75.jar:9.0.75]
	at org.springframework.web.filter.FormContentFilter.doFilterInternal(FormContentFilter.java:93) ~[spring-web-5.3.27.jar:5.3.27]
	at org.springframework.web.filter.OncePerRequestFilter.doFilter(OncePerRequestFilter.java:117) ~[spring-web-5.3.27.jar:5.3.27]
	at org.apache.catalina.core.ApplicationFilterChain.internalDoFilter(ApplicationFilterChain.java:178) ~[tomcat-embed-core-9.0.75.jar:9.0.75]
	at org.apache.catalina.core.ApplicationFilterChain.doFilter(ApplicationFilterChain.java:153) ~[tomcat-embed-core-9.0.75.jar:9.0.75]
	at org.springframework.web.filter.CharacterEncodingFilter.doFilterInternal(CharacterEncodingFilter.java:201) ~[spring-web-5.3.27.jar:5.3.27]
	at org.springframework.web.filter.OncePerRequestFilter.doFilter(OncePerRequestFilter.java:117) ~[spring-web-5.3.27.jar:5.3.27]
	at org.apache.catalina.core.ApplicationFilterChain.internalDoFilter(ApplicationFilterChain.java:178) ~[tomcat-embed-core-9.0.75.jar:9.0.75]
	at org.apache.catalina.core.ApplicationFilterChain.doFilter(ApplicationFilterChain.java:153) ~[tomcat-embed-core-9.0.75.jar:9.0.75]
	at org.apache.catalina.core.StandardWrapperValve.invoke(StandardWrapperValve.java:167) ~[tomcat-embed-core-9.0.75.jar:9.0.75]
	at org.apache.catalina.core.StandardContextValve.invoke(StandardContextValve.java:90) ~[tomcat-embed-core-9.0.75.jar:9.0.75]
	at org.apache.catalina.authenticator.AuthenticatorBase.invoke(AuthenticatorBase.java:481) ~[tomcat-embed-core-9.0.75.jar:9.0.75]
	at org.apache.catalina.core.StandardHostValve.invoke(StandardHostValve.java:130) ~[tomcat-embed-core-9.0.75.jar:9.0.75]
	at org.apache.catalina.valves.ErrorReportValve.invoke(ErrorReportValve.java:93) ~[tomcat-embed-core-9.0.75.jar:9.0.75]
	at org.apache.catalina.core.StandardEngineValve.invoke(StandardEngineValve.java:74) ~[tomcat-embed-core-9.0.75.jar:9.0.75]
	at org.apache.catalina.connector.CoyoteAdapter.service(CoyoteAdapter.java:343) ~[tomcat-embed-core-9.0.75.jar:9.0.75]
	at org.apache.coyote.http11.Http11Processor.service(Http11Processor.java:390) ~[tomcat-embed-core-9.0.75.jar:9.0.75]
	at org.apache.coyote.AbstractProcessorLight.process(AbstractProcessorLight.java:63) ~[tomcat-embed-core-9.0.75.jar:9.0.75]
	at org.apache.coyote.AbstractProtocol$ConnectionHandler.process(AbstractProtocol.java:926) ~[tomcat-embed-core-9.0.75.jar:9.0.75]
	at org.apache.tomcat.util.net.NioEndpoint$SocketProcessor.doRun(NioEndpoint.java:1791) ~[tomcat-embed-core-9.0.75.jar:9.0.75]
	at org.apache.tomcat.util.net.SocketProcessorBase.run(SocketProcessorBase.java:52) ~[tomcat-embed-core-9.0.75.jar:9.0.75]
	at org.apache.tomcat.util.threads.ThreadPoolExecutor.runWorker(ThreadPoolExecutor.java:1191) ~[tomcat-embed-core-9.0.75.jar:9.0.75]
	at org.apache.tomcat.util.threads.ThreadPoolExecutor$Worker.run(ThreadPoolExecutor.java:659) ~[tomcat-embed-core-9.0.75.jar:9.0.75]
	at org.apache.tomcat.util.threads.TaskThread$WrappingRunnable.run(TaskThread.java:61) ~[tomcat-embed-core-9.0.75.jar:9.0.75]
	at java.base/java.lang.Thread.run(Thread.java:829) ~[na:na]

15:01:19:565  WARN 488 --- [http-nio-8082-exec-10] com.zaxxer.hikari.pool.PoolBase          : HikariPool-1 - Failed to validate connection com.mysql.cj.jdbc.ConnectionImpl@adf965f (No operations allowed after connection closed.). Possibly consider using a shorter maxLifetime value.
15:01:19:567 ERROR 488 --- [http-nio-8082-exec-10] o.a.c.c.C.[.[.[/].[dispatcherServlet]    : Servlet.service() for servlet [dispatcherServlet] in context with path [] threw exception [Request processing failed; nested exception is org.mybatis.spring.MyBatisSystemException: nested exception is org.apache.ibatis.exceptions.PersistenceException: 
### Error querying database.  Cause: org.springframework.jdbc.CannotGetJdbcConnectionException: Failed to obtain JDBC Connection; nested exception is java.sql.SQLTransientConnectionException: HikariPool-1 - Connection is not available, request timed out after 30061ms.
### The error may exist in com/hmall/cart/mapper/CartMapper.java (best guess)
### The error may involve com.hmall.cart.mapper.CartMapper.selectList
### The error occurred while executing a query
### Cause: org.springframework.jdbc.CannotGetJdbcConnectionException: Failed to obtain JDBC Connection; nested exception is java.sql.SQLTransientConnectionException: HikariPool-1 - Connection is not available, request timed out after 30061ms.] with root cause

com.mysql.cj.exceptions.ConnectionIsClosedException: No operations allowed after connection closed.
	at java.base/jdk.internal.reflect.NativeConstructorAccessorImpl.newInstance0(Native Method) ~[na:na]
	at java.base/jdk.internal.reflect.NativeConstructorAccessorImpl.newInstance(NativeConstructorAccessorImpl.java:62) ~[na:na]
	at java.base/jdk.internal.reflect.DelegatingConstructorAccessorImpl.newInstance(DelegatingConstructorAccessorImpl.java:45) ~[na:na]
	at java.base/java.lang.reflect.Constructor.newInstance(Constructor.java:490) ~[na:na]
	at com.mysql.cj.exceptions.ExceptionFactory.createException(ExceptionFactory.java:61) ~[mysql-connector-java-8.0.23.jar:8.0.23]
	at com.mysql.cj.exceptions.ExceptionFactory.createException(ExceptionFactory.java:105) ~[mysql-connector-java-8.0.23.jar:8.0.23]
	at com.mysql.cj.exceptions.ExceptionFactory.createException(ExceptionFactory.java:151) ~[mysql-connector-java-8.0.23.jar:8.0.23]
	at com.mysql.cj.NativeSession.checkClosed(NativeSession.java:1171) ~[mysql-connector-java-8.0.23.jar:8.0.23]
	at com.mysql.cj.jdbc.ConnectionImpl.checkClosed(ConnectionImpl.java:573) ~[mysql-connector-java-8.0.23.jar:8.0.23]
	at com.mysql.cj.jdbc.ConnectionImpl.setNetworkTimeout(ConnectionImpl.java:2491) ~[mysql-connector-java-8.0.23.jar:8.0.23]
	at com.zaxxer.hikari.pool.PoolBase.setNetworkTimeout(PoolBase.java:566) ~[HikariCP-4.0.3.jar:na]
	at com.zaxxer.hikari.pool.PoolBase.isConnectionAlive(PoolBase.java:173) ~[HikariCP-4.0.3.jar:na]
	at com.zaxxer.hikari.pool.HikariPool.getConnection(HikariPool.java:186) ~[HikariCP-4.0.3.jar:na]
	at com.zaxxer.hikari.pool.HikariPool.getConnection(HikariPool.java:162) ~[HikariCP-4.0.3.jar:na]
	at com.zaxxer.hikari.HikariDataSource.getConnection(HikariDataSource.java:128) ~[HikariCP-4.0.3.jar:na]
	at org.springframework.jdbc.datasource.DataSourceUtils.fetchConnection(DataSourceUtils.java:159) ~[spring-jdbc-5.3.27.jar:5.3.27]
	at org.springframework.jdbc.datasource.DataSourceUtils.doGetConnection(DataSourceUtils.java:117) ~[spring-jdbc-5.3.27.jar:5.3.27]
	at org.springframework.jdbc.datasource.DataSourceUtils.getConnection(DataSourceUtils.java:80) ~[spring-jdbc-5.3.27.jar:5.3.27]
	at org.mybatis.spring.transaction.SpringManagedTransaction.openConnection(SpringManagedTransaction.java:80) ~[mybatis-spring-2.0.6.jar:2.0.6]
	at org.mybatis.spring.transaction.SpringManagedTransaction.getConnection(SpringManagedTransaction.java:67) ~[mybatis-spring-2.0.6.jar:2.0.6]
	at org.apache.ibatis.executor.BaseExecutor.getConnection(BaseExecutor.java:337) ~[mybatis-3.5.7.jar:3.5.7]
	at org.apache.ibatis.executor.SimpleExecutor.prepareStatement(SimpleExecutor.java:86) ~[mybatis-3.5.7.jar:3.5.7]
	at org.apache.ibatis.executor.SimpleExecutor.doQuery(SimpleExecutor.java:62) ~[mybatis-3.5.7.jar:3.5.7]
	at org.apache.ibatis.executor.BaseExecutor.queryFromDatabase(BaseExecutor.java:325) ~[mybatis-3.5.7.jar:3.5.7]
	at org.apache.ibatis.executor.BaseExecutor.query(BaseExecutor.java:156) ~[mybatis-3.5.7.jar:3.5.7]
	at org.apache.ibatis.executor.CachingExecutor.query(CachingExecutor.java:109) ~[mybatis-3.5.7.jar:3.5.7]
	at com.baomidou.mybatisplus.extension.plugins.MybatisPlusInterceptor.intercept(MybatisPlusInterceptor.java:81) ~[mybatis-plus-extension-3.4.3.jar:3.4.3]
	at org.apache.ibatis.plugin.Plugin.invoke(Plugin.java:62) ~[mybatis-3.5.7.jar:3.5.7]
	at com.sun.proxy.$Proxy144.query(Unknown Source) ~[na:na]
	at org.apache.ibatis.session.defaults.DefaultSqlSession.selectList(DefaultSqlSession.java:151) ~[mybatis-3.5.7.jar:3.5.7]
	at org.apache.ibatis.session.defaults.DefaultSqlSession.selectList(DefaultSqlSession.java:145) ~[mybatis-3.5.7.jar:3.5.7]
	at org.apache.ibatis.session.defaults.DefaultSqlSession.selectList(DefaultSqlSession.java:140) ~[mybatis-3.5.7.jar:3.5.7]
	at java.base/jdk.internal.reflect.NativeMethodAccessorImpl.invoke0(Native Method) ~[na:na]
	at java.base/jdk.internal.reflect.NativeMethodAccessorImpl.invoke(NativeMethodAccessorImpl.java:62) ~[na:na]
	at java.base/jdk.internal.reflect.DelegatingMethodAccessorImpl.invoke(DelegatingMethodAccessorImpl.java:43) ~[na:na]
	at java.base/java.lang.reflect.Method.invoke(Method.java:566) ~[na:na]
	at org.mybatis.spring.SqlSessionTemplate$SqlSessionInterceptor.invoke(SqlSessionTemplate.java:427) ~[mybatis-spring-2.0.6.jar:2.0.6]
	at com.sun.proxy.$Proxy114.selectList(Unknown Source) ~[na:na]
	at org.mybatis.spring.SqlSessionTemplate.selectList(SqlSessionTemplate.java:224) ~[mybatis-spring-2.0.6.jar:2.0.6]
	at com.baomidou.mybatisplus.core.override.MybatisMapperMethod.executeForMany(MybatisMapperMethod.java:166) ~[mybatis-plus-core-3.4.3.jar:3.4.3]
	at com.baomidou.mybatisplus.core.override.MybatisMapperMethod.execute(MybatisMapperMethod.java:77) ~[mybatis-plus-core-3.4.3.jar:3.4.3]
	at com.baomidou.mybatisplus.core.override.MybatisMapperProxy$PlainMethodInvoker.invoke(MybatisMapperProxy.java:148) ~[mybatis-plus-core-3.4.3.jar:3.4.3]
	at com.baomidou.mybatisplus.core.override.MybatisMapperProxy.invoke(MybatisMapperProxy.java:89) ~[mybatis-plus-core-3.4.3.jar:3.4.3]
	at com.sun.proxy.$Proxy118.selectList(Unknown Source) ~[na:na]
	at com.baomidou.mybatisplus.extension.conditions.query.ChainQuery.list(ChainQuery.java:39) ~[mybatis-plus-extension-3.4.3.jar:3.4.3]
	at com.hmall.cart.service.Impl.CartServiceImpl.queryMyCarts(CartServiceImpl.java:69) ~[classes/:na]
	at com.hmall.cart.service.Impl.CartServiceImpl$$FastClassBySpringCGLIB$$83d8b6af.invoke(<generated>) ~[classes/:na]
	at org.springframework.cglib.proxy.MethodProxy.invoke(MethodProxy.java:218) ~[spring-core-5.3.27.jar:5.3.27]
	at org.springframework.aop.framework.CglibAopProxy.invokeMethod(CglibAopProxy.java:386) ~[spring-aop-5.3.27.jar:5.3.27]
	at org.springframework.aop.framework.CglibAopProxy.access$000(CglibAopProxy.java:85) ~[spring-aop-5.3.27.jar:5.3.27]
	at org.springframework.aop.framework.CglibAopProxy$DynamicAdvisedInterceptor.intercept(CglibAopProxy.java:704) ~[spring-aop-5.3.27.jar:5.3.27]
	at com.hmall.cart.service.Impl.CartServiceImpl$$EnhancerBySpringCGLIB$$e7494a76.queryMyCarts(<generated>) ~[classes/:na]
	at com.hmall.cart.controller.CartController.queryMyCarts(CartController.java:46) ~[classes/:na]
	at java.base/jdk.internal.reflect.NativeMethodAccessorImpl.invoke0(Native Method) ~[na:na]
	at java.base/jdk.internal.reflect.NativeMethodAccessorImpl.invoke(NativeMethodAccessorImpl.java:62) ~[na:na]
	at java.base/jdk.internal.reflect.DelegatingMethodAccessorImpl.invoke(DelegatingMethodAccessorImpl.java:43) ~[na:na]
	at java.base/java.lang.reflect.Method.invoke(Method.java:566) ~[na:na]
	at org.springframework.web.method.support.InvocableHandlerMethod.doInvoke(InvocableHandlerMethod.java:205) ~[spring-web-5.3.27.jar:5.3.27]
	at org.springframework.web.method.support.InvocableHandlerMethod.invokeForRequest(InvocableHandlerMethod.java:150) ~[spring-web-5.3.27.jar:5.3.27]
	at org.springframework.web.servlet.mvc.method.annotation.ServletInvocableHandlerMethod.invokeAndHandle(ServletInvocableHandlerMethod.java:117) ~[spring-webmvc-5.3.27.jar:5.3.27]
	at org.springframework.web.servlet.mvc.method.annotation.RequestMappingHandlerAdapter.invokeHandlerMethod(RequestMappingHandlerAdapter.java:895) ~[spring-webmvc-5.3.27.jar:5.3.27]
	at org.springframework.web.servlet.mvc.method.annotation.RequestMappingHandlerAdapter.handleInternal(RequestMappingHandlerAdapter.java:808) ~[spring-webmvc-5.3.27.jar:5.3.27]
	at org.springframework.web.servlet.mvc.method.AbstractHandlerMethodAdapter.handle(AbstractHandlerMethodAdapter.java:87) ~[spring-webmvc-5.3.27.jar:5.3.27]
	at org.springframework.web.servlet.DispatcherServlet.doDispatch(DispatcherServlet.java:1072) ~[spring-webmvc-5.3.27.jar:5.3.27]
	at org.springframework.web.servlet.DispatcherServlet.doService(DispatcherServlet.java:965) ~[spring-webmvc-5.3.27.jar:5.3.27]
	at org.springframework.web.servlet.FrameworkServlet.processRequest(FrameworkServlet.java:1006) ~[spring-webmvc-5.3.27.jar:5.3.27]
	at org.springframework.web.servlet.FrameworkServlet.doGet(FrameworkServlet.java:898) ~[spring-webmvc-5.3.27.jar:5.3.27]
	at javax.servlet.http.HttpServlet.service(HttpServlet.java:529) ~[tomcat-embed-core-9.0.75.jar:4.0.FR]
	at org.springframework.web.servlet.FrameworkServlet.service(FrameworkServlet.java:883) ~[spring-webmvc-5.3.27.jar:5.3.27]
	at javax.servlet.http.HttpServlet.service(HttpServlet.java:623) ~[tomcat-embed-core-9.0.75.jar:4.0.FR]
	at org.apache.catalina.core.ApplicationFilterChain.internalDoFilter(ApplicationFilterChain.java:209) ~[tomcat-embed-core-9.0.75.jar:9.0.75]
	at org.apache.catalina.core.ApplicationFilterChain.doFilter(ApplicationFilterChain.java:153) ~[tomcat-embed-core-9.0.75.jar:9.0.75]
	at org.apache.tomcat.websocket.server.WsFilter.doFilter(WsFilter.java:51) ~[tomcat-embed-websocket-9.0.75.jar:9.0.75]
	at org.apache.catalina.core.ApplicationFilterChain.internalDoFilter(ApplicationFilterChain.java:178) ~[tomcat-embed-core-9.0.75.jar:9.0.75]
	at org.apache.catalina.core.ApplicationFilterChain.doFilter(ApplicationFilterChain.java:153) ~[tomcat-embed-core-9.0.75.jar:9.0.75]
	at org.springframework.web.filter.RequestContextFilter.doFilterInternal(RequestContextFilter.java:100) ~[spring-web-5.3.27.jar:5.3.27]
	at org.springframework.web.filter.OncePerRequestFilter.doFilter(OncePerRequestFilter.java:117) ~[spring-web-5.3.27.jar:5.3.27]
	at org.apache.catalina.core.ApplicationFilterChain.internalDoFilter(ApplicationFilterChain.java:178) ~[tomcat-embed-core-9.0.75.jar:9.0.75]
	at org.apache.catalina.core.ApplicationFilterChain.doFilter(ApplicationFilterChain.java:153) ~[tomcat-embed-core-9.0.75.jar:9.0.75]
	at org.springframework.web.filter.FormContentFilter.doFilterInternal(FormContentFilter.java:93) ~[spring-web-5.3.27.jar:5.3.27]
	at org.springframework.web.filter.OncePerRequestFilter.doFilter(OncePerRequestFilter.java:117) ~[spring-web-5.3.27.jar:5.3.27]
	at org.apache.catalina.core.ApplicationFilterChain.internalDoFilter(ApplicationFilterChain.java:178) ~[tomcat-embed-core-9.0.75.jar:9.0.75]
	at org.apache.catalina.core.ApplicationFilterChain.doFilter(ApplicationFilterChain.java:153) ~[tomcat-embed-core-9.0.75.jar:9.0.75]
	at org.springframework.web.filter.CharacterEncodingFilter.doFilterInternal(CharacterEncodingFilter.java:201) ~[spring-web-5.3.27.jar:5.3.27]
	at org.springframework.web.filter.OncePerRequestFilter.doFilter(OncePerRequestFilter.java:117) ~[spring-web-5.3.27.jar:5.3.27]
	at org.apache.catalina.core.ApplicationFilterChain.internalDoFilter(ApplicationFilterChain.java:178) ~[tomcat-embed-core-9.0.75.jar:9.0.75]
	at org.apache.catalina.core.ApplicationFilterChain.doFilter(ApplicationFilterChain.java:153) ~[tomcat-embed-core-9.0.75.jar:9.0.75]
	at org.apache.catalina.core.StandardWrapperValve.invoke(StandardWrapperValve.java:167) ~[tomcat-embed-core-9.0.75.jar:9.0.75]
	at org.apache.catalina.core.StandardContextValve.invoke(StandardContextValve.java:90) ~[tomcat-embed-core-9.0.75.jar:9.0.75]
	at org.apache.catalina.authenticator.AuthenticatorBase.invoke(AuthenticatorBase.java:481) ~[tomcat-embed-core-9.0.75.jar:9.0.75]
	at org.apache.catalina.core.StandardHostValve.invoke(StandardHostValve.java:130) ~[tomcat-embed-core-9.0.75.jar:9.0.75]
	at org.apache.catalina.valves.ErrorReportValve.invoke(ErrorReportValve.java:93) ~[tomcat-embed-core-9.0.75.jar:9.0.75]
	at org.apache.catalina.core.StandardEngineValve.invoke(StandardEngineValve.java:74) ~[tomcat-embed-core-9.0.75.jar:9.0.75]
	at org.apache.catalina.connector.CoyoteAdapter.service(CoyoteAdapter.java:343) ~[tomcat-embed-core-9.0.75.jar:9.0.75]
	at org.apache.coyote.http11.Http11Processor.service(Http11Processor.java:390) ~[tomcat-embed-core-9.0.75.jar:9.0.75]
	at org.apache.coyote.AbstractProcessorLight.process(AbstractProcessorLight.java:63) ~[tomcat-embed-core-9.0.75.jar:9.0.75]
	at org.apache.coyote.AbstractProtocol$ConnectionHandler.process(AbstractProtocol.java:926) ~[tomcat-embed-core-9.0.75.jar:9.0.75]
	at org.apache.tomcat.util.net.NioEndpoint$SocketProcessor.doRun(NioEndpoint.java:1791) ~[tomcat-embed-core-9.0.75.jar:9.0.75]
	at org.apache.tomcat.util.net.SocketProcessorBase.run(SocketProcessorBase.java:52) ~[tomcat-embed-core-9.0.75.jar:9.0.75]
	at org.apache.tomcat.util.threads.ThreadPoolExecutor.runWorker(ThreadPoolExecutor.java:1191) ~[tomcat-embed-core-9.0.75.jar:9.0.75]
	at org.apache.tomcat.util.threads.ThreadPoolExecutor$Worker.run(ThreadPoolExecutor.java:659) ~[tomcat-embed-core-9.0.75.jar:9.0.75]
	at org.apache.tomcat.util.threads.TaskThread$WrappingRunnable.run(TaskThread.java:61) ~[tomcat-embed-core-9.0.75.jar:9.0.75]
	at java.base/java.lang.Thread.run(Thread.java:829) ~[na:na]

15:01:20:775  WARN 488 --- [http-nio-8082-exec-1] com.zaxxer.hikari.pool.PoolBase          : HikariPool-1 - Failed to validate connection com.mysql.cj.jdbc.ConnectionImpl@741f59d1 (No operations allowed after connection closed.). Possibly consider using a shorter maxLifetime value.
15:01:30:797  WARN 488 --- [http-nio-8082-exec-1] com.zaxxer.hikari.pool.PoolBase          : HikariPool-1 - Failed to validate connection com.mysql.cj.jdbc.ConnectionImpl@2c651ebd (No operations allowed after connection closed.). Possibly consider using a shorter maxLifetime value.
15:01:40:811  WARN 488 --- [http-nio-8082-exec-1] com.zaxxer.hikari.pool.PoolBase          : HikariPool-1 - Failed to validate connection com.mysql.cj.jdbc.ConnectionImpl@2af0a03f (No operations allowed after connection closed.). Possibly consider using a shorter maxLifetime value.
15:01:40:816 ERROR 488 --- [http-nio-8082-exec-1] o.a.c.c.C.[.[.[/].[dispatcherServlet]    : Servlet.service() for servlet [dispatcherServlet] in context with path [] threw exception [Request processing failed; nested exception is org.mybatis.spring.MyBatisSystemException: nested exception is org.apache.ibatis.exceptions.PersistenceException: 
### Error querying database.  Cause: org.springframework.jdbc.CannotGetJdbcConnectionException: Failed to obtain JDBC Connection; nested exception is java.sql.SQLTransientConnectionException: HikariPool-1 - Connection is not available, request timed out after 30048ms.
### The error may exist in com/hmall/cart/mapper/CartMapper.java (best guess)
### The error may involve com.hmall.cart.mapper.CartMapper.selectList
### The error occurred while executing a query
### Cause: org.springframework.jdbc.CannotGetJdbcConnectionException: Failed to obtain JDBC Connection; nested exception is java.sql.SQLTransientConnectionException: HikariPool-1 - Connection is not available, request timed out after 30048ms.] with root cause

com.mysql.cj.exceptions.ConnectionIsClosedException: No operations allowed after connection closed.
	at jdk.internal.reflect.GeneratedConstructorAccessor72.newInstance(Unknown Source) ~[na:na]
	at java.base/jdk.internal.reflect.DelegatingConstructorAccessorImpl.newInstance(DelegatingConstructorAccessorImpl.java:45) ~[na:na]
	at java.base/java.lang.reflect.Constructor.newInstance(Constructor.java:490) ~[na:na]
	at com.mysql.cj.exceptions.ExceptionFactory.createException(ExceptionFactory.java:61) ~[mysql-connector-java-8.0.23.jar:8.0.23]
	at com.mysql.cj.exceptions.ExceptionFactory.createException(ExceptionFactory.java:105) ~[mysql-connector-java-8.0.23.jar:8.0.23]
	at com.mysql.cj.exceptions.ExceptionFactory.createException(ExceptionFactory.java:151) ~[mysql-connector-java-8.0.23.jar:8.0.23]
	at com.mysql.cj.NativeSession.checkClosed(NativeSession.java:1171) ~[mysql-connector-java-8.0.23.jar:8.0.23]
	at com.mysql.cj.jdbc.ConnectionImpl.checkClosed(ConnectionImpl.java:573) ~[mysql-connector-java-8.0.23.jar:8.0.23]
	at com.mysql.cj.jdbc.ConnectionImpl.setNetworkTimeout(ConnectionImpl.java:2491) ~[mysql-connector-java-8.0.23.jar:8.0.23]
	at com.zaxxer.hikari.pool.PoolBase.setNetworkTimeout(PoolBase.java:566) ~[HikariCP-4.0.3.jar:na]
	at com.zaxxer.hikari.pool.PoolBase.isConnectionAlive(PoolBase.java:173) ~[HikariCP-4.0.3.jar:na]
	at com.zaxxer.hikari.pool.HikariPool.getConnection(HikariPool.java:186) ~[HikariCP-4.0.3.jar:na]
	at com.zaxxer.hikari.pool.HikariPool.getConnection(HikariPool.java:162) ~[HikariCP-4.0.3.jar:na]
	at com.zaxxer.hikari.HikariDataSource.getConnection(HikariDataSource.java:128) ~[HikariCP-4.0.3.jar:na]
	at org.springframework.jdbc.datasource.DataSourceUtils.fetchConnection(DataSourceUtils.java:159) ~[spring-jdbc-5.3.27.jar:5.3.27]
	at org.springframework.jdbc.datasource.DataSourceUtils.doGetConnection(DataSourceUtils.java:117) ~[spring-jdbc-5.3.27.jar:5.3.27]
	at org.springframework.jdbc.datasource.DataSourceUtils.getConnection(DataSourceUtils.java:80) ~[spring-jdbc-5.3.27.jar:5.3.27]
	at org.mybatis.spring.transaction.SpringManagedTransaction.openConnection(SpringManagedTransaction.java:80) ~[mybatis-spring-2.0.6.jar:2.0.6]
	at org.mybatis.spring.transaction.SpringManagedTransaction.getConnection(SpringManagedTransaction.java:67) ~[mybatis-spring-2.0.6.jar:2.0.6]
	at org.apache.ibatis.executor.BaseExecutor.getConnection(BaseExecutor.java:337) ~[mybatis-3.5.7.jar:3.5.7]
	at org.apache.ibatis.executor.SimpleExecutor.prepareStatement(SimpleExecutor.java:86) ~[mybatis-3.5.7.jar:3.5.7]
	at org.apache.ibatis.executor.SimpleExecutor.doQuery(SimpleExecutor.java:62) ~[mybatis-3.5.7.jar:3.5.7]
	at org.apache.ibatis.executor.BaseExecutor.queryFromDatabase(BaseExecutor.java:325) ~[mybatis-3.5.7.jar:3.5.7]
	at org.apache.ibatis.executor.BaseExecutor.query(BaseExecutor.java:156) ~[mybatis-3.5.7.jar:3.5.7]
	at org.apache.ibatis.executor.CachingExecutor.query(CachingExecutor.java:109) ~[mybatis-3.5.7.jar:3.5.7]
	at com.baomidou.mybatisplus.extension.plugins.MybatisPlusInterceptor.intercept(MybatisPlusInterceptor.java:81) ~[mybatis-plus-extension-3.4.3.jar:3.4.3]
	at org.apache.ibatis.plugin.Plugin.invoke(Plugin.java:62) ~[mybatis-3.5.7.jar:3.5.7]
	at com.sun.proxy.$Proxy144.query(Unknown Source) ~[na:na]
	at org.apache.ibatis.session.defaults.DefaultSqlSession.selectList(DefaultSqlSession.java:151) ~[mybatis-3.5.7.jar:3.5.7]
	at org.apache.ibatis.session.defaults.DefaultSqlSession.selectList(DefaultSqlSession.java:145) ~[mybatis-3.5.7.jar:3.5.7]
	at org.apache.ibatis.session.defaults.DefaultSqlSession.selectList(DefaultSqlSession.java:140) ~[mybatis-3.5.7.jar:3.5.7]
	at java.base/jdk.internal.reflect.NativeMethodAccessorImpl.invoke0(Native Method) ~[na:na]
	at java.base/jdk.internal.reflect.NativeMethodAccessorImpl.invoke(NativeMethodAccessorImpl.java:62) ~[na:na]
	at java.base/jdk.internal.reflect.DelegatingMethodAccessorImpl.invoke(DelegatingMethodAccessorImpl.java:43) ~[na:na]
	at java.base/java.lang.reflect.Method.invoke(Method.java:566) ~[na:na]
	at org.mybatis.spring.SqlSessionTemplate$SqlSessionInterceptor.invoke(SqlSessionTemplate.java:427) ~[mybatis-spring-2.0.6.jar:2.0.6]
	at com.sun.proxy.$Proxy114.selectList(Unknown Source) ~[na:na]
	at org.mybatis.spring.SqlSessionTemplate.selectList(SqlSessionTemplate.java:224) ~[mybatis-spring-2.0.6.jar:2.0.6]
	at com.baomidou.mybatisplus.core.override.MybatisMapperMethod.executeForMany(MybatisMapperMethod.java:166) ~[mybatis-plus-core-3.4.3.jar:3.4.3]
	at com.baomidou.mybatisplus.core.override.MybatisMapperMethod.execute(MybatisMapperMethod.java:77) ~[mybatis-plus-core-3.4.3.jar:3.4.3]
	at com.baomidou.mybatisplus.core.override.MybatisMapperProxy$PlainMethodInvoker.invoke(MybatisMapperProxy.java:148) ~[mybatis-plus-core-3.4.3.jar:3.4.3]
	at com.baomidou.mybatisplus.core.override.MybatisMapperProxy.invoke(MybatisMapperProxy.java:89) ~[mybatis-plus-core-3.4.3.jar:3.4.3]
	at com.sun.proxy.$Proxy118.selectList(Unknown Source) ~[na:na]
	at com.baomidou.mybatisplus.extension.conditions.query.ChainQuery.list(ChainQuery.java:39) ~[mybatis-plus-extension-3.4.3.jar:3.4.3]
	at com.hmall.cart.service.Impl.CartServiceImpl.queryMyCarts(CartServiceImpl.java:69) ~[classes/:na]
	at com.hmall.cart.service.Impl.CartServiceImpl$$FastClassBySpringCGLIB$$83d8b6af.invoke(<generated>) ~[classes/:na]
	at org.springframework.cglib.proxy.MethodProxy.invoke(MethodProxy.java:218) ~[spring-core-5.3.27.jar:5.3.27]
	at org.springframework.aop.framework.CglibAopProxy.invokeMethod(CglibAopProxy.java:386) ~[spring-aop-5.3.27.jar:5.3.27]
	at org.springframework.aop.framework.CglibAopProxy.access$000(CglibAopProxy.java:85) ~[spring-aop-5.3.27.jar:5.3.27]
	at org.springframework.aop.framework.CglibAopProxy$DynamicAdvisedInterceptor.intercept(CglibAopProxy.java:704) ~[spring-aop-5.3.27.jar:5.3.27]
	at com.hmall.cart.service.Impl.CartServiceImpl$$EnhancerBySpringCGLIB$$e7494a76.queryMyCarts(<generated>) ~[classes/:na]
	at com.hmall.cart.controller.CartController.queryMyCarts(CartController.java:46) ~[classes/:na]
	at java.base/jdk.internal.reflect.NativeMethodAccessorImpl.invoke0(Native Method) ~[na:na]
	at java.base/jdk.internal.reflect.NativeMethodAccessorImpl.invoke(NativeMethodAccessorImpl.java:62) ~[na:na]
	at java.base/jdk.internal.reflect.DelegatingMethodAccessorImpl.invoke(DelegatingMethodAccessorImpl.java:43) ~[na:na]
	at java.base/java.lang.reflect.Method.invoke(Method.java:566) ~[na:na]
	at org.springframework.web.method.support.InvocableHandlerMethod.doInvoke(InvocableHandlerMethod.java:205) ~[spring-web-5.3.27.jar:5.3.27]
	at org.springframework.web.method.support.InvocableHandlerMethod.invokeForRequest(InvocableHandlerMethod.java:150) ~[spring-web-5.3.27.jar:5.3.27]
	at org.springframework.web.servlet.mvc.method.annotation.ServletInvocableHandlerMethod.invokeAndHandle(ServletInvocableHandlerMethod.java:117) ~[spring-webmvc-5.3.27.jar:5.3.27]
	at org.springframework.web.servlet.mvc.method.annotation.RequestMappingHandlerAdapter.invokeHandlerMethod(RequestMappingHandlerAdapter.java:895) ~[spring-webmvc-5.3.27.jar:5.3.27]
	at org.springframework.web.servlet.mvc.method.annotation.RequestMappingHandlerAdapter.handleInternal(RequestMappingHandlerAdapter.java:808) ~[spring-webmvc-5.3.27.jar:5.3.27]
	at org.springframework.web.servlet.mvc.method.AbstractHandlerMethodAdapter.handle(AbstractHandlerMethodAdapter.java:87) ~[spring-webmvc-5.3.27.jar:5.3.27]
	at org.springframework.web.servlet.DispatcherServlet.doDispatch(DispatcherServlet.java:1072) ~[spring-webmvc-5.3.27.jar:5.3.27]
	at org.springframework.web.servlet.DispatcherServlet.doService(DispatcherServlet.java:965) ~[spring-webmvc-5.3.27.jar:5.3.27]
	at org.springframework.web.servlet.FrameworkServlet.processRequest(FrameworkServlet.java:1006) ~[spring-webmvc-5.3.27.jar:5.3.27]
	at org.springframework.web.servlet.FrameworkServlet.doGet(FrameworkServlet.java:898) ~[spring-webmvc-5.3.27.jar:5.3.27]
	at javax.servlet.http.HttpServlet.service(HttpServlet.java:529) ~[tomcat-embed-core-9.0.75.jar:4.0.FR]
	at org.springframework.web.servlet.FrameworkServlet.service(FrameworkServlet.java:883) ~[spring-webmvc-5.3.27.jar:5.3.27]
	at javax.servlet.http.HttpServlet.service(HttpServlet.java:623) ~[tomcat-embed-core-9.0.75.jar:4.0.FR]
	at org.apache.catalina.core.ApplicationFilterChain.internalDoFilter(ApplicationFilterChain.java:209) ~[tomcat-embed-core-9.0.75.jar:9.0.75]
	at org.apache.catalina.core.ApplicationFilterChain.doFilter(ApplicationFilterChain.java:153) ~[tomcat-embed-core-9.0.75.jar:9.0.75]
	at org.apache.tomcat.websocket.server.WsFilter.doFilter(WsFilter.java:51) ~[tomcat-embed-websocket-9.0.75.jar:9.0.75]
	at org.apache.catalina.core.ApplicationFilterChain.internalDoFilter(ApplicationFilterChain.java:178) ~[tomcat-embed-core-9.0.75.jar:9.0.75]
	at org.apache.catalina.core.ApplicationFilterChain.doFilter(ApplicationFilterChain.java:153) ~[tomcat-embed-core-9.0.75.jar:9.0.75]
	at org.springframework.web.filter.RequestContextFilter.doFilterInternal(RequestContextFilter.java:100) ~[spring-web-5.3.27.jar:5.3.27]
	at org.springframework.web.filter.OncePerRequestFilter.doFilter(OncePerRequestFilter.java:117) ~[spring-web-5.3.27.jar:5.3.27]
	at org.apache.catalina.core.ApplicationFilterChain.internalDoFilter(ApplicationFilterChain.java:178) ~[tomcat-embed-core-9.0.75.jar:9.0.75]
	at org.apache.catalina.core.ApplicationFilterChain.doFilter(ApplicationFilterChain.java:153) ~[tomcat-embed-core-9.0.75.jar:9.0.75]
	at org.springframework.web.filter.FormContentFilter.doFilterInternal(FormContentFilter.java:93) ~[spring-web-5.3.27.jar:5.3.27]
	at org.springframework.web.filter.OncePerRequestFilter.doFilter(OncePerRequestFilter.java:117) ~[spring-web-5.3.27.jar:5.3.27]
	at org.apache.catalina.core.ApplicationFilterChain.internalDoFilter(ApplicationFilterChain.java:178) ~[tomcat-embed-core-9.0.75.jar:9.0.75]
	at org.apache.catalina.core.ApplicationFilterChain.doFilter(ApplicationFilterChain.java:153) ~[tomcat-embed-core-9.0.75.jar:9.0.75]
	at org.springframework.web.filter.CharacterEncodingFilter.doFilterInternal(CharacterEncodingFilter.java:201) ~[spring-web-5.3.27.jar:5.3.27]
	at org.springframework.web.filter.OncePerRequestFilter.doFilter(OncePerRequestFilter.java:117) ~[spring-web-5.3.27.jar:5.3.27]
	at org.apache.catalina.core.ApplicationFilterChain.internalDoFilter(ApplicationFilterChain.java:178) ~[tomcat-embed-core-9.0.75.jar:9.0.75]
	at org.apache.catalina.core.ApplicationFilterChain.doFilter(ApplicationFilterChain.java:153) ~[tomcat-embed-core-9.0.75.jar:9.0.75]
	at org.apache.catalina.core.StandardWrapperValve.invoke(StandardWrapperValve.java:167) ~[tomcat-embed-core-9.0.75.jar:9.0.75]
	at org.apache.catalina.core.StandardContextValve.invoke(StandardContextValve.java:90) ~[tomcat-embed-core-9.0.75.jar:9.0.75]
	at org.apache.catalina.authenticator.AuthenticatorBase.invoke(AuthenticatorBase.java:481) ~[tomcat-embed-core-9.0.75.jar:9.0.75]
	at org.apache.catalina.core.StandardHostValve.invoke(StandardHostValve.java:130) ~[tomcat-embed-core-9.0.75.jar:9.0.75]
	at org.apache.catalina.valves.ErrorReportValve.invoke(ErrorReportValve.java:93) ~[tomcat-embed-core-9.0.75.jar:9.0.75]
	at org.apache.catalina.core.StandardEngineValve.invoke(StandardEngineValve.java:74) ~[tomcat-embed-core-9.0.75.jar:9.0.75]
	at org.apache.catalina.connector.CoyoteAdapter.service(CoyoteAdapter.java:343) ~[tomcat-embed-core-9.0.75.jar:9.0.75]
	at org.apache.coyote.http11.Http11Processor.service(Http11Processor.java:390) ~[tomcat-embed-core-9.0.75.jar:9.0.75]
	at org.apache.coyote.AbstractProcessorLight.process(AbstractProcessorLight.java:63) ~[tomcat-embed-core-9.0.75.jar:9.0.75]
	at org.apache.coyote.AbstractProtocol$ConnectionHandler.process(AbstractProtocol.java:926) ~[tomcat-embed-core-9.0.75.jar:9.0.75]
	at org.apache.tomcat.util.net.NioEndpoint$SocketProcessor.doRun(NioEndpoint.java:1791) ~[tomcat-embed-core-9.0.75.jar:9.0.75]
	at org.apache.tomcat.util.net.SocketProcessorBase.run(SocketProcessorBase.java:52) ~[tomcat-embed-core-9.0.75.jar:9.0.75]
	at org.apache.tomcat.util.threads.ThreadPoolExecutor.runWorker(ThreadPoolExecutor.java:1191) ~[tomcat-embed-core-9.0.75.jar:9.0.75]
	at org.apache.tomcat.util.threads.ThreadPoolExecutor$Worker.run(ThreadPoolExecutor.java:659) ~[tomcat-embed-core-9.0.75.jar:9.0.75]
	at org.apache.tomcat.util.threads.TaskThread$WrappingRunnable.run(TaskThread.java:61) ~[tomcat-embed-core-9.0.75.jar:9.0.75]
	at java.base/java.lang.Thread.run(Thread.java:829) ~[na:na]

15:01:46:772  WARN 488 --- [http-nio-8082-exec-2] com.zaxxer.hikari.pool.PoolBase          : HikariPool-1 - Failed to validate connection com.mysql.cj.jdbc.ConnectionImpl@1562e485 (No operations allowed after connection closed.). Possibly consider using a shorter maxLifetime value.
15:01:46:801 DEBUG 488 --- [http-nio-8082-exec-2] c.h.cart.mapper.CartMapper.selectList    : ==>  Preparing: SELECT id,user_id,item_id,num,name,spec,price,image,create_time,update_time FROM cart WHERE (user_id = ?)
15:01:46:801 DEBUG 488 --- [http-nio-8082-exec-2] c.h.cart.mapper.CartMapper.selectList    : ==> Parameters: 2(Long)
15:01:46:846 DEBUG 488 --- [http-nio-8082-exec-2] c.h.cart.mapper.CartMapper.selectList    : <==      Total: 1
15:01:46:847 DEBUG 488 --- [http-nio-8082-exec-2] com.hmall.api.client.ItemClient          : [ItemClient#queryItemsByIds] ---> GET http://item-service/items?ids=317578 HTTP/1.1
15:01:46:847 DEBUG 488 --- [http-nio-8082-exec-2] com.hmall.api.client.ItemClient          : [ItemClient#queryItemsByIds] user-id: 2
15:01:46:848 DEBUG 488 --- [http-nio-8082-exec-2] com.hmall.api.client.ItemClient          : [ItemClient#queryItemsByIds] ---> END HTTP (0-byte body)
15:02:12:499  WARN 488 --- [Thread-7] c.a.n.common.http.HttpClientBeanHolder   : [HttpClientBeanHolder] Start destroying common HttpClient
15:02:12:499  WARN 488 --- [Thread-4] c.a.nacos.common.notify.NotifyCenter     : [NotifyCenter] Start destroying Publisher
15:02:12:499  WARN 488 --- [Thread-4] c.a.nacos.common.notify.NotifyCenter     : [NotifyCenter] Destruction of the end
15:02:12:500  WARN 488 --- [Thread-7] c.a.n.common.http.HttpClientBeanHolder   : [HttpClientBeanHolder] Destruction of the end
15:02:26:359  INFO 33608 --- [main] com.hmall.cart.CartApplication           : Starting CartApplication using Java 11.0.30 on LuciFer with PID 33608 (D:\microService\hmall\cart-service\target\classes started by 烽 in D:\microService\hmall)
15:02:26:361 DEBUG 33608 --- [main] com.hmall.cart.CartApplication           : Running with Spring Boot v2.7.12, Spring v5.3.27
15:02:26:361  INFO 33608 --- [main] com.hmall.cart.CartApplication           : The following 1 profile is active: "local"
15:02:27:231  INFO 33608 --- [main] .s.d.r.c.RepositoryConfigurationDelegate : Multiple Spring Data modules found, entering strict repository configuration mode
15:02:27:234  INFO 33608 --- [main] .s.d.r.c.RepositoryConfigurationDelegate : Bootstrapping Spring Data Redis repositories in DEFAULT mode.
15:02:27:253  INFO 33608 --- [main] .s.d.r.c.RepositoryConfigurationDelegate : Finished Spring Data repository scanning in 8 ms. Found 0 Redis repository interfaces.
15:02:27:435  INFO 33608 --- [main] o.s.cloud.context.scope.GenericScope     : BeanFactory id=aa2c9667-1a28-3f79-b52f-8370c3e5ad8e
15:02:27:764  INFO 33608 --- [main] o.s.b.w.embedded.tomcat.TomcatWebServer  : Tomcat initialized with port(s): 8082 (http)
15:02:27:935  INFO 33608 --- [main] w.s.c.ServletWebServerApplicationContext : Root WebApplicationContext: initialization completed in 1535 ms
15:02:28:111  INFO 33608 --- [main] o.s.c.openfeign.FeignClientFactoryBean   : For 'item-service' URL not provided. Will try picking an instance via load-balancing.
15:02:32:466  INFO 33608 --- [main] pertySourcedRequestMappingHandlerMapping : Mapped URL path [/v2/api-docs] onto method [springfox.documentation.swagger2.web.Swagger2ControllerWebMvc#getDocumentation(String, HttpServletRequest)]
15:02:33:916  WARN 33608 --- [main] ConfigServletWebServerApplicationContext : Exception encountered during context initialization - cancelling refresh attempt: org.springframework.context.ApplicationContextException: Failed to start bean 'nacosWatch'; nested exception is java.lang.RuntimeException: ErrCode:-400, ErrMsg:Shutdown in progress
15:02:33:935 ERROR 33608 --- [main] c.a.cloud.nacos.discovery.NacosWatch     : namingService unsubscribe failed, properties:NacosDiscoveryProperties{serverAddr='47.93.37.97:8848', username='', password='', endpoint='', namespace='', watchDelay=30000, logName='', service='cart-service', weight=1.0, clusterName='DEFAULT', group='DEFAULT_GROUP', namingLoadCacheAtStart='false', metadata={preserved.register.source=SPRING_CLOUD}, registerEnabled=true, ip='192.168.217.1', networkInterface='', port=-1, secure=false, accessKey='', secretKey='', heartBeatInterval=null, heartBeatTimeout=null, ipDeleteTimeout=null, instanceEnabled=true, ephemeral=true, failureToleranceEnabled=false}, ipDeleteTimeout=null, failFast=true}

java.lang.RuntimeException: ErrCode:-400, ErrMsg:Could not initialize class com.alibaba.nacos.common.notify.NotifyCenter
	at com.alibaba.cloud.nacos.NacosServiceManager.createNewNamingService(NacosServiceManager.java:102) ~[spring-cloud-starter-alibaba-nacos-discovery-2021.0.4.0.jar:2021.0.4.0]
	at com.alibaba.cloud.nacos.NacosServiceManager.buildNamingService(NacosServiceManager.java:90) ~[spring-cloud-starter-alibaba-nacos-discovery-2021.0.4.0.jar:2021.0.4.0]
	at com.alibaba.cloud.nacos.NacosServiceManager.getNamingService(NacosServiceManager.java:46) ~[spring-cloud-starter-alibaba-nacos-discovery-2021.0.4.0.jar:2021.0.4.0]
	at com.alibaba.cloud.nacos.discovery.NacosWatch.stop(NacosWatch.java:173) ~[spring-cloud-starter-alibaba-nacos-discovery-2021.0.4.0.jar:2021.0.4.0]
	at com.alibaba.cloud.nacos.discovery.NacosWatch.destroy(NacosWatch.java:204) ~[spring-cloud-starter-alibaba-nacos-discovery-2021.0.4.0.jar:2021.0.4.0]
	at org.springframework.beans.factory.support.DisposableBeanAdapter.destroy(DisposableBeanAdapter.java:213) ~[spring-beans-5.3.27.jar:5.3.27]
	at org.springframework.beans.factory.support.DefaultSingletonBeanRegistry.destroyBean(DefaultSingletonBeanRegistry.java:587) ~[spring-beans-5.3.27.jar:5.3.27]
	at org.springframework.beans.factory.support.DefaultSingletonBeanRegistry.destroySingleton(DefaultSingletonBeanRegistry.java:559) ~[spring-beans-5.3.27.jar:5.3.27]
	at org.springframework.beans.factory.support.DefaultListableBeanFactory.destroySingleton(DefaultListableBeanFactory.java:1163) ~[spring-beans-5.3.27.jar:5.3.27]
	at org.springframework.beans.factory.support.DefaultSingletonBeanRegistry.destroySingletons(DefaultSingletonBeanRegistry.java:520) ~[spring-beans-5.3.27.jar:5.3.27]
	at org.springframework.beans.factory.support.DefaultListableBeanFactory.destroySingletons(DefaultListableBeanFactory.java:1156) ~[spring-beans-5.3.27.jar:5.3.27]
	at org.springframework.context.support.AbstractApplicationContext.destroyBeans(AbstractApplicationContext.java:1108) ~[spring-context-5.3.27.jar:5.3.27]
	at org.springframework.context.support.AbstractApplicationContext.refresh(AbstractApplicationContext.java:596) ~[spring-context-5.3.27.jar:5.3.27]
	at org.springframework.boot.web.servlet.context.ServletWebServerApplicationContext.refresh(ServletWebServerApplicationContext.java:147) ~[spring-boot-2.7.12.jar:2.7.12]
	at org.springframework.boot.SpringApplication.refresh(SpringApplication.java:731) ~[spring-boot-2.7.12.jar:2.7.12]
	at org.springframework.boot.SpringApplication.refreshContext(SpringApplication.java:408) ~[spring-boot-2.7.12.jar:2.7.12]
	at org.springframework.boot.SpringApplication.run(SpringApplication.java:307) ~[spring-boot-2.7.12.jar:2.7.12]
	at org.springframework.boot.SpringApplication.run(SpringApplication.java:1303) ~[spring-boot-2.7.12.jar:2.7.12]
	at org.springframework.boot.SpringApplication.run(SpringApplication.java:1292) ~[spring-boot-2.7.12.jar:2.7.12]
	at com.hmall.cart.CartApplication.main(CartApplication.java:15) ~[classes/:na]
Caused by: com.alibaba.nacos.api.exception.NacosException: java.lang.reflect.InvocationTargetException
	at com.alibaba.nacos.api.naming.NamingFactory.createNamingService(NamingFactory.java:61) ~[nacos-client-2.0.4.jar:na]
	at com.alibaba.nacos.api.NacosFactory.createNamingService(NacosFactory.java:77) ~[nacos-client-2.0.4.jar:na]
	at com.alibaba.cloud.nacos.NacosServiceManager.createNewNamingService(NacosServiceManager.java:99) ~[spring-cloud-starter-alibaba-nacos-discovery-2021.0.4.0.jar:2021.0.4.0]
	... 19 common frames omitted
Caused by: java.lang.reflect.InvocationTargetException: null
	at java.base/jdk.internal.reflect.NativeConstructorAccessorImpl.newInstance0(Native Method) ~[na:na]
	at java.base/jdk.internal.reflect.NativeConstructorAccessorImpl.newInstance(NativeConstructorAccessorImpl.java:62) ~[na:na]
	at java.base/jdk.internal.reflect.DelegatingConstructorAccessorImpl.newInstance(DelegatingConstructorAccessorImpl.java:45) ~[na:na]
	at java.base/java.lang.reflect.Constructor.newInstance(Constructor.java:490) ~[na:na]
	at com.alibaba.nacos.api.naming.NamingFactory.createNamingService(NamingFactory.java:59) ~[nacos-client-2.0.4.jar:na]
	... 21 common frames omitted
Caused by: java.lang.NoClassDefFoundError: Could not initialize class com.alibaba.nacos.common.notify.NotifyCenter
	at com.alibaba.nacos.client.naming.NacosNamingService.init(NacosNamingService.java:92) ~[nacos-client-2.0.4.jar:na]
	at com.alibaba.nacos.client.naming.NacosNamingService.<init>(NacosNamingService.java:81) ~[nacos-client-2.0.4.jar:na]
	... 26 common frames omitted

15:02:40:500  INFO 30852 --- [main] com.hmall.cart.CartApplication           : Starting CartApplication using Java 11.0.30 on LuciFer with PID 30852 (D:\microService\hmall\cart-service\target\classes started by 烽 in D:\microService\hmall)
15:02:40:502 DEBUG 30852 --- [main] com.hmall.cart.CartApplication           : Running with Spring Boot v2.7.12, Spring v5.3.27
15:02:40:502  INFO 30852 --- [main] com.hmall.cart.CartApplication           : The following 1 profile is active: "local"
15:02:41:254  INFO 30852 --- [main] .s.d.r.c.RepositoryConfigurationDelegate : Multiple Spring Data modules found, entering strict repository configuration mode
15:02:41:256  INFO 30852 --- [main] .s.d.r.c.RepositoryConfigurationDelegate : Bootstrapping Spring Data Redis repositories in DEFAULT mode.
15:02:41:275  INFO 30852 --- [main] .s.d.r.c.RepositoryConfigurationDelegate : Finished Spring Data repository scanning in 8 ms. Found 0 Redis repository interfaces.
15:02:41:455  INFO 30852 --- [main] o.s.cloud.context.scope.GenericScope     : BeanFactory id=aa2c9667-1a28-3f79-b52f-8370c3e5ad8e
15:02:41:785  INFO 30852 --- [main] o.s.b.w.embedded.tomcat.TomcatWebServer  : Tomcat initialized with port(s): 8082 (http)
15:02:41:792  INFO 30852 --- [main] o.apache.catalina.core.StandardService   : Starting service [Tomcat]
15:02:41:793  INFO 30852 --- [main] org.apache.catalina.core.StandardEngine  : Starting Servlet engine: [Apache Tomcat/9.0.75]
15:02:41:965  INFO 30852 --- [main] o.a.c.c.C.[Tomcat].[localhost].[/]       : Initializing Spring embedded WebApplicationContext
15:02:41:966  INFO 30852 --- [main] w.s.c.ServletWebServerApplicationContext : Root WebApplicationContext: initialization completed in 1426 ms
15:02:42:161  INFO 30852 --- [main] o.s.c.openfeign.FeignClientFactoryBean   : For 'item-service' URL not provided. Will try picking an instance via load-balancing.
15:02:46:357  INFO 30852 --- [main] pertySourcedRequestMappingHandlerMapping : Mapped URL path [/v2/api-docs] onto method [springfox.documentation.swagger2.web.Swagger2ControllerWebMvc#getDocumentation(String, HttpServletRequest)]
15:02:47:812  INFO 30852 --- [main] com.alibaba.nacos.common.remote.client   : [RpcClientFactory] create a new rpc client of 39744952-a439-4f34-8173-fb3341f959a5
15:02:47:850  INFO 30852 --- [main] org.reflections.Reflections              : Reflections took 20 ms to scan 1 urls, producing 3 keys and 6 values 
15:02:47:872  INFO 30852 --- [main] org.reflections.Reflections              : Reflections took 8 ms to scan 1 urls, producing 4 keys and 9 values 
15:02:47:883  INFO 30852 --- [main] org.reflections.Reflections              : Reflections took 8 ms to scan 1 urls, producing 3 keys and 10 values 
15:02:47:886  WARN 30852 --- [main] org.reflections.Reflections              : given scan urls are empty. set urls in the configuration
15:02:47:892  INFO 30852 --- [main] org.reflections.Reflections              : Reflections took 6 ms to scan 1 urls, producing 1 keys and 5 values 
15:02:47:902  INFO 30852 --- [main] org.reflections.Reflections              : Reflections took 7 ms to scan 1 urls, producing 1 keys and 7 values 
15:02:47:911  INFO 30852 --- [main] org.reflections.Reflections              : Reflections took 6 ms to scan 1 urls, producing 2 keys and 8 values 
15:02:47:913  WARN 30852 --- [main] org.reflections.Reflections              : given scan urls are empty. set urls in the configuration
15:02:47:915  INFO 30852 --- [main] com.alibaba.nacos.common.remote.client   : [39744952-a439-4f34-8173-fb3341f959a5] RpcClient init label, labels = {module=naming, source=sdk}
15:02:47:916  INFO 30852 --- [main] com.alibaba.nacos.common.remote.client   : [39744952-a439-4f34-8173-fb3341f959a5] RpcClient init, ServerListFactory = com.alibaba.nacos.client.naming.core.ServerListManager
15:02:47:916  INFO 30852 --- [main] com.alibaba.nacos.common.remote.client   : [39744952-a439-4f34-8173-fb3341f959a5] Registry connection listener to current client:com.alibaba.nacos.client.naming.remote.gprc.redo.NamingGrpcRedoService
15:02:47:917  INFO 30852 --- [main] com.alibaba.nacos.common.remote.client   : [39744952-a439-4f34-8173-fb3341f959a5] Register server push request handler:com.alibaba.nacos.client.naming.remote.gprc.NamingPushRequestHandler
15:02:47:918  INFO 30852 --- [main] com.alibaba.nacos.common.remote.client   : [39744952-a439-4f34-8173-fb3341f959a5] Try to connect to server on start up, server: {serverIp = '47.93.37.97', server main port = 8848}
15:02:51:043  INFO 30852 --- [main] com.alibaba.nacos.common.remote.client   : [39744952-a439-4f34-8173-fb3341f959a5] Success to connect to server [47.93.37.97:8848] on start up, connectionId = 1775804576896_119.251.158.154_46136
15:02:51:044  INFO 30852 --- [com.alibaba.nacos.client.remote.worker] com.alibaba.nacos.common.remote.client   : [39744952-a439-4f34-8173-fb3341f959a5] Notify connected event to listeners.
15:02:51:045  INFO 30852 --- [main] com.alibaba.nacos.common.remote.client   : [39744952-a439-4f34-8173-fb3341f959a5] Register server push request handler:com.alibaba.nacos.common.remote.client.RpcClient$ConnectResetRequestHandler
15:02:51:045  INFO 30852 --- [main] com.alibaba.nacos.common.remote.client   : [39744952-a439-4f34-8173-fb3341f959a5] Register server push request handler:com.alibaba.nacos.common.remote.client.RpcClient$$Lambda$1129/0x0000000840817840
15:02:51:109  INFO 30852 --- [main] o.s.b.w.embedded.tomcat.TomcatWebServer  : Tomcat started on port(s): 8082 (http) with context path ''
15:02:51:137  INFO 30852 --- [main] c.a.c.n.registry.NacosServiceRegistry    : nacos registry, DEFAULT_GROUP cart-service 192.168.217.1:8082 register finished
15:02:51:617  INFO 30852 --- [nacos-grpc-client-executor-9] com.alibaba.nacos.common.remote.client   : [39744952-a439-4f34-8173-fb3341f959a5] Receive server push request, request = NotifySubscriberRequest, requestId = 223
15:02:51:621  INFO 30852 --- [nacos-grpc-client-executor-9] com.alibaba.nacos.common.remote.client   : [39744952-a439-4f34-8173-fb3341f959a5] Ack server push request, request = NotifySubscriberRequest, requestId = 223
15:02:53:187  INFO 30852 --- [main] o.s.cloud.commons.util.InetUtils         : Cannot determine local hostname
15:02:53:187  INFO 30852 --- [main] d.s.w.p.DocumentationPluginsBootstrapper : Documentation plugins bootstrapped
15:02:53:190  INFO 30852 --- [main] d.s.w.p.DocumentationPluginsBootstrapper : Found 1 custom documentation plugin(s)
15:02:53:208  INFO 30852 --- [main] s.d.s.w.s.ApiListingReferenceScanner     : Scanning for api listing references
15:02:53:280  INFO 30852 --- [main] com.hmall.cart.CartApplication           : Started CartApplication in 15.536 seconds (JVM running for 17.426)
15:02:58:096  INFO 30852 --- [http-nio-8082-exec-1] o.a.c.c.C.[Tomcat].[localhost].[/]       : Initializing Spring DispatcherServlet 'dispatcherServlet'
15:02:58:097  INFO 30852 --- [http-nio-8082-exec-1] o.s.web.servlet.DispatcherServlet        : Initializing Servlet 'dispatcherServlet'
15:02:58:098  INFO 30852 --- [http-nio-8082-exec-1] o.s.web.servlet.DispatcherServlet        : Completed initialization in 1 ms
15:02:58:199  INFO 30852 --- [http-nio-8082-exec-1] com.zaxxer.hikari.HikariDataSource       : HikariPool-1 - Starting...
15:02:58:715  INFO 30852 --- [http-nio-8082-exec-1] com.zaxxer.hikari.HikariDataSource       : HikariPool-1 - Start completed.
15:02:58:720 DEBUG 30852 --- [http-nio-8082-exec-1] c.h.cart.mapper.CartMapper.selectList    : ==>  Preparing: SELECT id,user_id,item_id,num,name,spec,price,image,create_time,update_time FROM cart WHERE (user_id = ?)
15:02:58:740 DEBUG 30852 --- [http-nio-8082-exec-1] c.h.cart.mapper.CartMapper.selectList    : ==> Parameters: 2(Long)
15:02:58:782 DEBUG 30852 --- [http-nio-8082-exec-1] c.h.cart.mapper.CartMapper.selectList    : <==      Total: 1
15:02:58:831 DEBUG 30852 --- [http-nio-8082-exec-1] com.hmall.api.client.ItemClient          : [ItemClient#queryItemsByIds] ---> GET http://item-service/items?ids=317578 HTTP/1.1
15:02:58:831 DEBUG 30852 --- [http-nio-8082-exec-1] com.hmall.api.client.ItemClient          : [ItemClient#queryItemsByIds] user-id: 2
15:02:58:831 DEBUG 30852 --- [http-nio-8082-exec-1] com.hmall.api.client.ItemClient          : [ItemClient#queryItemsByIds] ---> END HTTP (0-byte body)
15:02:59:525  INFO 30852 --- [nacos-grpc-client-executor-13] com.alibaba.nacos.common.remote.client   : [39744952-a439-4f34-8173-fb3341f959a5] Receive server push request, request = NotifySubscriberRequest, requestId = 226
15:02:59:525  INFO 30852 --- [nacos-grpc-client-executor-13] com.alibaba.nacos.common.remote.client   : [39744952-a439-4f34-8173-fb3341f959a5] Ack server push request, request = NotifySubscriberRequest, requestId = 226
15:03:04:943 DEBUG 30852 --- [http-nio-8082-exec-3] c.h.cart.mapper.CartMapper.selectList    : ==>  Preparing: SELECT id,user_id,item_id,num,name,spec,price,image,create_time,update_time FROM cart WHERE (user_id = ?)
15:03:04:943 DEBUG 30852 --- [http-nio-8082-exec-3] c.h.cart.mapper.CartMapper.selectList    : ==> Parameters: 2(Long)
15:03:04:976 DEBUG 30852 --- [http-nio-8082-exec-3] c.h.cart.mapper.CartMapper.selectList    : <==      Total: 1
15:03:04:977 DEBUG 30852 --- [http-nio-8082-exec-3] com.hmall.api.client.ItemClient          : [ItemClient#queryItemsByIds] ---> GET http://item-service/items?ids=317578 HTTP/1.1
15:03:04:977 DEBUG 30852 --- [http-nio-8082-exec-3] com.hmall.api.client.ItemClient          : [ItemClient#queryItemsByIds] user-id: 2
15:03:04:977 DEBUG 30852 --- [http-nio-8082-exec-3] com.hmall.api.client.ItemClient          : [ItemClient#queryItemsByIds] ---> END HTTP (0-byte body)
15:03:25:102 DEBUG 30852 --- [http-nio-8082-exec-3] com.hmall.api.client.ItemClient          : [ItemClient#queryItemsByIds] <--- HTTP/1.1 200  (20123ms)
15:03:25:102 DEBUG 30852 --- [http-nio-8082-exec-3] com.hmall.api.client.ItemClient          : [ItemClient#queryItemsByIds] connection: keep-alive
15:03:25:102 DEBUG 30852 --- [http-nio-8082-exec-3] com.hmall.api.client.ItemClient          : [ItemClient#queryItemsByIds] content-type: application/json
15:03:25:102 DEBUG 30852 --- [http-nio-8082-exec-3] com.hmall.api.client.ItemClient          : [ItemClient#queryItemsByIds] date: Fri, 10 Apr 2026 07:03:25 GMT
15:03:25:102 DEBUG 30852 --- [http-nio-8082-exec-3] com.hmall.api.client.ItemClient          : [ItemClient#queryItemsByIds] keep-alive: timeout=60
15:03:25:102 DEBUG 30852 --- [http-nio-8082-exec-3] com.hmall.api.client.ItemClient          : [ItemClient#queryItemsByIds] transfer-encoding: chunked
15:03:25:102 DEBUG 30852 --- [http-nio-8082-exec-3] com.hmall.api.client.ItemClient          : [ItemClient#queryItemsByIds] 
15:03:25:104 DEBUG 30852 --- [http-nio-8082-exec-3] com.hmall.api.client.ItemClient          : [ItemClient#queryItemsByIds] [{"id":"317578","name":"RIMOWA 21寸托运箱拉杆箱 SALSA AIR系列果绿色 820.70.36.4","price":28900,"stock":9992,"image":"https://m.360buyimg.com/mobilecms/s720x720_jfs/t6934/364/1195375010/84676/e9f2c55f/597ece38N0ddcbc77.jpg!q70.jpg.webp","category":"拉杆箱","brand":"RIMOWA","spec":"{\"颜色\": \"红色\", \"尺码\": \"21寸\"}","sold":0,"commentCount":0,"isAD":false,"status":1}]
15:03:25:104 DEBUG 30852 --- [http-nio-8082-exec-3] com.hmall.api.client.ItemClient          : [ItemClient#queryItemsByIds] <--- END HTTP (396-byte body)
15:03:29:084 DEBUG 30852 --- [http-nio-8082-exec-1] com.hmall.api.client.ItemClient          : [ItemClient#queryItemsByIds] <--- HTTP/1.1 500  (30252ms)
15:03:29:085 DEBUG 30852 --- [http-nio-8082-exec-1] com.hmall.api.client.ItemClient          : [ItemClient#queryItemsByIds] connection: close
15:03:29:085 DEBUG 30852 --- [http-nio-8082-exec-1] com.hmall.api.client.ItemClient          : [ItemClient#queryItemsByIds] content-type: application/json
15:03:29:085 DEBUG 30852 --- [http-nio-8082-exec-1] com.hmall.api.client.ItemClient          : [ItemClient#queryItemsByIds] date: Fri, 10 Apr 2026 07:03:29 GMT
15:03:29:085 DEBUG 30852 --- [http-nio-8082-exec-1] com.hmall.api.client.ItemClient          : [ItemClient#queryItemsByIds] transfer-encoding: chunked
15:03:29:085 DEBUG 30852 --- [http-nio-8082-exec-1] com.hmall.api.client.ItemClient          : [ItemClient#queryItemsByIds] 
15:03:29:085 DEBUG 30852 --- [http-nio-8082-exec-1] com.hmall.api.client.ItemClient          : [ItemClient#queryItemsByIds] {"timestamp":"2026-04-10T07:03:29.083+00:00","status":500,"error":"Internal Server Error","path":"/items"}
15:03:29:085 DEBUG 30852 --- [http-nio-8082-exec-1] com.hmall.api.client.ItemClient          : [ItemClient#queryItemsByIds] <--- END HTTP (106-byte body)
15:03:29:097 ERROR 30852 --- [http-nio-8082-exec-1] o.a.c.c.C.[.[.[/].[dispatcherServlet]    : Servlet.service() for servlet [dispatcherServlet] in context with path [] threw exception [Request processing failed; nested exception is feign.FeignException$InternalServerError: [500 ] during [GET] to [http://item-service/items?ids=317578] [ItemClient#queryItemsByIds(Collection)]: [{"timestamp":"2026-04-10T07:03:29.083+00:00","status":500,"error":"Internal Server Error","path":"/items"}]] with root cause

feign.FeignException$InternalServerError: [500 ] during [GET] to [http://item-service/items?ids=317578] [ItemClient#queryItemsByIds(Collection)]: [{"timestamp":"2026-04-10T07:03:29.083+00:00","status":500,"error":"Internal Server Error","path":"/items"}]
	at feign.FeignException.serverErrorStatus(FeignException.java:250) ~[feign-core-11.8.jar:na]
	at feign.FeignException.errorStatus(FeignException.java:197) ~[feign-core-11.8.jar:na]
	at feign.FeignException.errorStatus(FeignException.java:185) ~[feign-core-11.8.jar:na]
	at feign.codec.ErrorDecoder$Default.decode(ErrorDecoder.java:92) ~[feign-core-11.8.jar:na]
	at feign.AsyncResponseHandler.handleResponse(AsyncResponseHandler.java:96) ~[feign-core-11.8.jar:na]
	at feign.SynchronousMethodHandler.executeAndDecode(SynchronousMethodHandler.java:138) ~[feign-core-11.8.jar:na]
	at feign.SynchronousMethodHandler.invoke(SynchronousMethodHandler.java:89) ~[feign-core-11.8.jar:na]
	at feign.ReflectiveFeign$FeignInvocationHandler.invoke(ReflectiveFeign.java:100) ~[feign-core-11.8.jar:na]
	at com.sun.proxy.$Proxy112.queryItemsByIds(Unknown Source) ~[na:na]
	at com.hmall.cart.service.Impl.CartServiceImpl.handleCartItems(CartServiceImpl.java:86) ~[classes/:na]
	at com.hmall.cart.service.Impl.CartServiceImpl.queryMyCarts(CartServiceImpl.java:76) ~[classes/:na]
	at com.hmall.cart.service.Impl.CartServiceImpl$$FastClassBySpringCGLIB$$83d8b6af.invoke(<generated>) ~[classes/:na]
	at org.springframework.cglib.proxy.MethodProxy.invoke(MethodProxy.java:218) ~[spring-core-5.3.27.jar:5.3.27]
	at org.springframework.aop.framework.CglibAopProxy.invokeMethod(CglibAopProxy.java:386) ~[spring-aop-5.3.27.jar:5.3.27]
	at org.springframework.aop.framework.CglibAopProxy.access$000(CglibAopProxy.java:85) ~[spring-aop-5.3.27.jar:5.3.27]
	at org.springframework.aop.framework.CglibAopProxy$DynamicAdvisedInterceptor.intercept(CglibAopProxy.java:704) ~[spring-aop-5.3.27.jar:5.3.27]
	at com.hmall.cart.service.Impl.CartServiceImpl$$EnhancerBySpringCGLIB$$ffaa12e8.queryMyCarts(<generated>) ~[classes/:na]
	at com.hmall.cart.controller.CartController.queryMyCarts(CartController.java:46) ~[classes/:na]
	at java.base/jdk.internal.reflect.NativeMethodAccessorImpl.invoke0(Native Method) ~[na:na]
	at java.base/jdk.internal.reflect.NativeMethodAccessorImpl.invoke(NativeMethodAccessorImpl.java:62) ~[na:na]
	at java.base/jdk.internal.reflect.DelegatingMethodAccessorImpl.invoke(DelegatingMethodAccessorImpl.java:43) ~[na:na]
	at java.base/java.lang.reflect.Method.invoke(Method.java:566) ~[na:na]
	at org.springframework.web.method.support.InvocableHandlerMethod.doInvoke(InvocableHandlerMethod.java:205) ~[spring-web-5.3.27.jar:5.3.27]
	at org.springframework.web.method.support.InvocableHandlerMethod.invokeForRequest(InvocableHandlerMethod.java:150) ~[spring-web-5.3.27.jar:5.3.27]
	at org.springframework.web.servlet.mvc.method.annotation.ServletInvocableHandlerMethod.invokeAndHandle(ServletInvocableHandlerMethod.java:117) ~[spring-webmvc-5.3.27.jar:5.3.27]
	at org.springframework.web.servlet.mvc.method.annotation.RequestMappingHandlerAdapter.invokeHandlerMethod(RequestMappingHandlerAdapter.java:895) ~[spring-webmvc-5.3.27.jar:5.3.27]
	at org.springframework.web.servlet.mvc.method.annotation.RequestMappingHandlerAdapter.handleInternal(RequestMappingHandlerAdapter.java:808) ~[spring-webmvc-5.3.27.jar:5.3.27]
	at org.springframework.web.servlet.mvc.method.AbstractHandlerMethodAdapter.handle(AbstractHandlerMethodAdapter.java:87) ~[spring-webmvc-5.3.27.jar:5.3.27]
	at org.springframework.web.servlet.DispatcherServlet.doDispatch(DispatcherServlet.java:1072) ~[spring-webmvc-5.3.27.jar:5.3.27]
	at org.springframework.web.servlet.DispatcherServlet.doService(DispatcherServlet.java:965) ~[spring-webmvc-5.3.27.jar:5.3.27]
	at org.springframework.web.servlet.FrameworkServlet.processRequest(FrameworkServlet.java:1006) ~[spring-webmvc-5.3.27.jar:5.3.27]
	at org.springframework.web.servlet.FrameworkServlet.doGet(FrameworkServlet.java:898) ~[spring-webmvc-5.3.27.jar:5.3.27]
	at javax.servlet.http.HttpServlet.service(HttpServlet.java:529) ~[tomcat-embed-core-9.0.75.jar:4.0.FR]
	at org.springframework.web.servlet.FrameworkServlet.service(FrameworkServlet.java:883) ~[spring-webmvc-5.3.27.jar:5.3.27]
	at javax.servlet.http.HttpServlet.service(HttpServlet.java:623) ~[tomcat-embed-core-9.0.75.jar:4.0.FR]
	at org.apache.catalina.core.ApplicationFilterChain.internalDoFilter(ApplicationFilterChain.java:209) ~[tomcat-embed-core-9.0.75.jar:9.0.75]
	at org.apache.catalina.core.ApplicationFilterChain.doFilter(ApplicationFilterChain.java:153) ~[tomcat-embed-core-9.0.75.jar:9.0.75]
	at org.apache.tomcat.websocket.server.WsFilter.doFilter(WsFilter.java:51) ~[tomcat-embed-websocket-9.0.75.jar:9.0.75]
	at org.apache.catalina.core.ApplicationFilterChain.internalDoFilter(ApplicationFilterChain.java:178) ~[tomcat-embed-core-9.0.75.jar:9.0.75]
	at org.apache.catalina.core.ApplicationFilterChain.doFilter(ApplicationFilterChain.java:153) ~[tomcat-embed-core-9.0.75.jar:9.0.75]
	at org.springframework.web.filter.RequestContextFilter.doFilterInternal(RequestContextFilter.java:100) ~[spring-web-5.3.27.jar:5.3.27]
	at org.springframework.web.filter.OncePerRequestFilter.doFilter(OncePerRequestFilter.java:117) ~[spring-web-5.3.27.jar:5.3.27]
	at org.apache.catalina.core.ApplicationFilterChain.internalDoFilter(ApplicationFilterChain.java:178) ~[tomcat-embed-core-9.0.75.jar:9.0.75]
	at org.apache.catalina.core.ApplicationFilterChain.doFilter(ApplicationFilterChain.java:153) ~[tomcat-embed-core-9.0.75.jar:9.0.75]
	at org.springframework.web.filter.FormContentFilter.doFilterInternal(FormContentFilter.java:93) ~[spring-web-5.3.27.jar:5.3.27]
	at org.springframework.web.filter.OncePerRequestFilter.doFilter(OncePerRequestFilter.java:117) ~[spring-web-5.3.27.jar:5.3.27]
	at org.apache.catalina.core.ApplicationFilterChain.internalDoFilter(ApplicationFilterChain.java:178) ~[tomcat-embed-core-9.0.75.jar:9.0.75]
	at org.apache.catalina.core.ApplicationFilterChain.doFilter(ApplicationFilterChain.java:153) ~[tomcat-embed-core-9.0.75.jar:9.0.75]
	at org.springframework.web.filter.CharacterEncodingFilter.doFilterInternal(CharacterEncodingFilter.java:201) ~[spring-web-5.3.27.jar:5.3.27]
	at org.springframework.web.filter.OncePerRequestFilter.doFilter(OncePerRequestFilter.java:117) ~[spring-web-5.3.27.jar:5.3.27]
	at org.apache.catalina.core.ApplicationFilterChain.internalDoFilter(ApplicationFilterChain.java:178) ~[tomcat-embed-core-9.0.75.jar:9.0.75]
	at org.apache.catalina.core.ApplicationFilterChain.doFilter(ApplicationFilterChain.java:153) ~[tomcat-embed-core-9.0.75.jar:9.0.75]
	at org.apache.catalina.core.StandardWrapperValve.invoke(StandardWrapperValve.java:167) ~[tomcat-embed-core-9.0.75.jar:9.0.75]
	at org.apache.catalina.core.StandardContextValve.invoke(StandardContextValve.java:90) ~[tomcat-embed-core-9.0.75.jar:9.0.75]
	at org.apache.catalina.authenticator.AuthenticatorBase.invoke(AuthenticatorBase.java:481) ~[tomcat-embed-core-9.0.75.jar:9.0.75]
	at org.apache.catalina.core.StandardHostValve.invoke(StandardHostValve.java:130) ~[tomcat-embed-core-9.0.75.jar:9.0.75]
	at org.apache.catalina.valves.ErrorReportValve.invoke(ErrorReportValve.java:93) ~[tomcat-embed-core-9.0.75.jar:9.0.75]
	at org.apache.catalina.core.StandardEngineValve.invoke(StandardEngineValve.java:74) ~[tomcat-embed-core-9.0.75.jar:9.0.75]
	at org.apache.catalina.connector.CoyoteAdapter.service(CoyoteAdapter.java:343) ~[tomcat-embed-core-9.0.75.jar:9.0.75]
	at org.apache.coyote.http11.Http11Processor.service(Http11Processor.java:390) ~[tomcat-embed-core-9.0.75.jar:9.0.75]
	at org.apache.coyote.AbstractProcessorLight.process(AbstractProcessorLight.java:63) ~[tomcat-embed-core-9.0.75.jar:9.0.75]
	at org.apache.coyote.AbstractProtocol$ConnectionHandler.process(AbstractProtocol.java:926) ~[tomcat-embed-core-9.0.75.jar:9.0.75]
	at org.apache.tomcat.util.net.NioEndpoint$SocketProcessor.doRun(NioEndpoint.java:1791) ~[tomcat-embed-core-9.0.75.jar:9.0.75]
	at org.apache.tomcat.util.net.SocketProcessorBase.run(SocketProcessorBase.java:52) ~[tomcat-embed-core-9.0.75.jar:9.0.75]
	at org.apache.tomcat.util.threads.ThreadPoolExecutor.runWorker(ThreadPoolExecutor.java:1191) ~[tomcat-embed-core-9.0.75.jar:9.0.75]
	at org.apache.tomcat.util.threads.ThreadPoolExecutor$Worker.run(ThreadPoolExecutor.java:659) ~[tomcat-embed-core-9.0.75.jar:9.0.75]
	at org.apache.tomcat.util.threads.TaskThread$WrappingRunnable.run(TaskThread.java:61) ~[tomcat-embed-core-9.0.75.jar:9.0.75]
	at java.base/java.lang.Thread.run(Thread.java:829) ~[na:na]

15:03:45:711  INFO 30852 --- [nacos-grpc-client-executor-24] com.alibaba.nacos.common.remote.client   : [39744952-a439-4f34-8173-fb3341f959a5] Receive server push request, request = NotifySubscriberRequest, requestId = 227
15:03:45:715  INFO 30852 --- [nacos-grpc-client-executor-24] com.alibaba.nacos.common.remote.client   : [39744952-a439-4f34-8173-fb3341f959a5] Ack server push request, request = NotifySubscriberRequest, requestId = 227
15:04:05:633  INFO 30852 --- [nacos-grpc-client-executor-29] com.alibaba.nacos.common.remote.client   : [39744952-a439-4f34-8173-fb3341f959a5] Receive server push request, request = NotifySubscriberRequest, requestId = 231
15:04:05:640  INFO 30852 --- [nacos-grpc-client-executor-29] com.alibaba.nacos.common.remote.client   : [39744952-a439-4f34-8173-fb3341f959a5] Ack server push request, request = NotifySubscriberRequest, requestId = 231
15:04:38:130 DEBUG 30852 --- [http-nio-8082-exec-4] c.h.cart.mapper.CartMapper.selectCount   : ==>  Preparing: SELECT COUNT( * ) FROM cart WHERE (user_id = ? AND item_id = ?)
15:04:38:132 DEBUG 30852 --- [http-nio-8082-exec-4] c.h.cart.mapper.CartMapper.selectCount   : ==> Parameters: 2(Long), 317578(Long)
15:04:38:162 DEBUG 30852 --- [http-nio-8082-exec-4] c.h.cart.mapper.CartMapper.selectCount   : <==      Total: 1
15:04:38:164 DEBUG 30852 --- [http-nio-8082-exec-4] c.h.cart.mapper.CartMapper.updateNum     : ==>  Preparing: UPDATE cart SET num = num + 1 WHERE user_id = ? AND item_id = ?
15:04:38:165 DEBUG 30852 --- [http-nio-8082-exec-4] c.h.cart.mapper.CartMapper.updateNum     : ==> Parameters: 2(Long), 317578(Long)
15:04:38:219 DEBUG 30852 --- [http-nio-8082-exec-4] c.h.cart.mapper.CartMapper.updateNum     : <==    Updates: 1
15:04:38:292 DEBUG 30852 --- [http-nio-8082-exec-5] c.h.cart.mapper.CartMapper.selectList    : ==>  Preparing: SELECT id,user_id,item_id,num,name,spec,price,image,create_time,update_time FROM cart WHERE (user_id = ?)
15:04:38:292 DEBUG 30852 --- [http-nio-8082-exec-5] c.h.cart.mapper.CartMapper.selectList    : ==> Parameters: 2(Long)
15:04:38:321 DEBUG 30852 --- [http-nio-8082-exec-5] c.h.cart.mapper.CartMapper.selectList    : <==      Total: 1
15:04:38:326 DEBUG 30852 --- [http-nio-8082-exec-5] com.hmall.api.client.ItemClient          : [ItemClient#queryItemsByIds] ---> GET http://item-service/items?ids=317578 HTTP/1.1
15:04:38:327 DEBUG 30852 --- [http-nio-8082-exec-5] com.hmall.api.client.ItemClient          : [ItemClient#queryItemsByIds] user-id: 2
15:04:38:327 DEBUG 30852 --- [http-nio-8082-exec-5] com.hmall.api.client.ItemClient          : [ItemClient#queryItemsByIds] ---> END HTTP (0-byte body)
15:04:38:404 DEBUG 30852 --- [http-nio-8082-exec-5] com.hmall.api.client.ItemClient          : [ItemClient#queryItemsByIds] <--- HTTP/1.1 200  (76ms)
15:04:38:404 DEBUG 30852 --- [http-nio-8082-exec-5] com.hmall.api.client.ItemClient          : [ItemClient#queryItemsByIds] connection: keep-alive
15:04:38:404 DEBUG 30852 --- [http-nio-8082-exec-5] com.hmall.api.client.ItemClient          : [ItemClient#queryItemsByIds] content-type: application/json
15:04:38:404 DEBUG 30852 --- [http-nio-8082-exec-5] com.hmall.api.client.ItemClient          : [ItemClient#queryItemsByIds] date: Fri, 10 Apr 2026 07:04:38 GMT
15:04:38:404 DEBUG 30852 --- [http-nio-8082-exec-5] com.hmall.api.client.ItemClient          : [ItemClient#queryItemsByIds] keep-alive: timeout=60
15:04:38:404 DEBUG 30852 --- [http-nio-8082-exec-5] com.hmall.api.client.ItemClient          : [ItemClient#queryItemsByIds] transfer-encoding: chunked
15:04:38:404 DEBUG 30852 --- [http-nio-8082-exec-5] com.hmall.api.client.ItemClient          : [ItemClient#queryItemsByIds] 
15:04:38:405 DEBUG 30852 --- [http-nio-8082-exec-5] com.hmall.api.client.ItemClient          : [ItemClient#queryItemsByIds] [{"id":"317578","name":"RIMOWA 21寸托运箱拉杆箱 SALSA AIR系列果绿色 820.70.36.4","price":28900,"stock":9992,"image":"https://m.360buyimg.com/mobilecms/s720x720_jfs/t6934/364/1195375010/84676/e9f2c55f/597ece38N0ddcbc77.jpg!q70.jpg.webp","category":"拉杆箱","brand":"RIMOWA","spec":"{\"颜色\": \"红色\", \"尺码\": \"21寸\"}","sold":0,"commentCount":0,"isAD":false,"status":1}]
15:04:38:405 DEBUG 30852 --- [http-nio-8082-exec-5] com.hmall.api.client.ItemClient          : [ItemClient#queryItemsByIds] <--- END HTTP (396-byte body)
15:05:58:295  WARN 30852 --- [Thread-4] c.a.nacos.common.notify.NotifyCenter     : [NotifyCenter] Start destroying Publisher
15:05:58:296  WARN 30852 --- [Thread-7] c.a.n.common.http.HttpClientBeanHolder   : [HttpClientBeanHolder] Start destroying common HttpClient
15:05:58:296  WARN 30852 --- [Thread-4] c.a.nacos.common.notify.NotifyCenter     : [NotifyCenter] Destruction of the end
15:05:58:297  WARN 30852 --- [Thread-7] c.a.n.common.http.HttpClientBeanHolder   : [HttpClientBeanHolder] Destruction of the end
15:05:59:629  INFO 30852 --- [SpringApplicationShutdownHook] c.a.c.n.registry.NacosServiceRegistry    : De-registering from Nacos Server now...
15:05:59:655  INFO 30852 --- [SpringApplicationShutdownHook] c.a.c.n.registry.NacosServiceRegistry    : De-registration finished.
15:05:59:979  INFO 30852 --- [SpringApplicationShutdownHook] com.alibaba.nacos.common.remote.client   : Shutdown rpc client, set status to shutdown
15:05:59:981  INFO 30852 --- [SpringApplicationShutdownHook] com.alibaba.nacos.common.remote.client   : Shutdown client event executor java.util.concurrent.ScheduledThreadPoolExecutor@747bf794[Running, pool size = 2, active threads = 2, queued tasks = 0, completed tasks = 0]
15:05:59:981  INFO 30852 --- [SpringApplicationShutdownHook] com.alibaba.nacos.common.remote.client   : Close current connection 1775804576896_119.251.158.154_46136
15:05:59:987  INFO 30852 --- [SpringApplicationShutdownHook] c.a.n.c.remote.client.grpc.GrpcClient    : Shutdown grpc executor java.util.concurrent.ThreadPoolExecutor@1b2f2884[Running, pool size = 4, active threads = 0, queued tasks = 0, completed tasks = 54]
15:05:59:992  INFO 30852 --- [SpringApplicationShutdownHook] com.zaxxer.hikari.HikariDataSource       : HikariPool-1 - Shutdown initiated...
15:06:00:254  INFO 30852 --- [SpringApplicationShutdownHook] com.zaxxer.hikari.HikariDataSource       : HikariPool-1 - Shutdown completed.
15:07:15:600  INFO 36620 --- [main] com.hmall.cart.CartApplication           : Starting CartApplication using Java 11.0.30 on LuciFer with PID 36620 (D:\microService\hmall\cart-service\target\classes started by 烽 in D:\microService\hmall)
15:07:15:603 DEBUG 36620 --- [main] com.hmall.cart.CartApplication           : Running with Spring Boot v2.7.12, Spring v5.3.27
15:07:15:603  INFO 36620 --- [main] com.hmall.cart.CartApplication           : The following 1 profile is active: "local"
15:07:16:848  INFO 36620 --- [main] .s.d.r.c.RepositoryConfigurationDelegate : Multiple Spring Data modules found, entering strict repository configuration mode
15:07:16:851  INFO 36620 --- [main] .s.d.r.c.RepositoryConfigurationDelegate : Bootstrapping Spring Data Redis repositories in DEFAULT mode.
15:07:16:888  INFO 36620 --- [main] .s.d.r.c.RepositoryConfigurationDelegate : Finished Spring Data repository scanning in 16 ms. Found 0 Redis repository interfaces.
15:07:17:279  INFO 36620 --- [main] o.s.cloud.context.scope.GenericScope     : BeanFactory id=aa2c9667-1a28-3f79-b52f-8370c3e5ad8e
15:07:17:888  INFO 36620 --- [main] o.s.b.w.embedded.tomcat.TomcatWebServer  : Tomcat initialized with port(s): 8082 (http)
15:07:17:902  INFO 36620 --- [main] o.apache.catalina.core.StandardService   : Starting service [Tomcat]
15:07:17:902  INFO 36620 --- [main] org.apache.catalina.core.StandardEngine  : Starting Servlet engine: [Apache Tomcat/9.0.75]
15:07:18:209  INFO 36620 --- [main] o.a.c.c.C.[Tomcat].[localhost].[/]       : Initializing Spring embedded WebApplicationContext
15:07:18:209  INFO 36620 --- [main] w.s.c.ServletWebServerApplicationContext : Root WebApplicationContext: initialization completed in 2556 ms
15:07:18:548  INFO 36620 --- [main] o.s.c.openfeign.FeignClientFactoryBean   : For 'item-service' URL not provided. Will try picking an instance via load-balancing.
15:07:26:025  INFO 36620 --- [main] pertySourcedRequestMappingHandlerMapping : Mapped URL path [/v2/api-docs] onto method [springfox.documentation.swagger2.web.Swagger2ControllerWebMvc#getDocumentation(String, HttpServletRequest)]
15:07:29:537  INFO 36620 --- [main] o.s.cloud.commons.util.InetUtils         : Cannot determine local hostname
15:07:29:686  INFO 36620 --- [main] com.alibaba.nacos.common.remote.client   : [RpcClientFactory] create a new rpc client of fab8e1a1-502a-4afc-b95f-d0b74e81e89d
15:07:29:726  INFO 36620 --- [main] org.reflections.Reflections              : Reflections took 23 ms to scan 1 urls, producing 3 keys and 6 values 
15:07:29:753  INFO 36620 --- [main] org.reflections.Reflections              : Reflections took 11 ms to scan 1 urls, producing 4 keys and 9 values 
15:07:29:762  INFO 36620 --- [main] org.reflections.Reflections              : Reflections took 6 ms to scan 1 urls, producing 3 keys and 10 values 
15:07:29:765  WARN 36620 --- [main] org.reflections.Reflections              : given scan urls are empty. set urls in the configuration
15:07:29:772  INFO 36620 --- [main] org.reflections.Reflections              : Reflections took 6 ms to scan 1 urls, producing 1 keys and 5 values 
15:07:29:787  INFO 36620 --- [main] org.reflections.Reflections              : Reflections took 12 ms to scan 1 urls, producing 1 keys and 7 values 
15:07:29:796  INFO 36620 --- [main] org.reflections.Reflections              : Reflections took 7 ms to scan 1 urls, producing 2 keys and 8 values 
15:07:29:799  WARN 36620 --- [main] org.reflections.Reflections              : given scan urls are empty. set urls in the configuration
15:07:29:800  INFO 36620 --- [main] com.alibaba.nacos.common.remote.client   : [fab8e1a1-502a-4afc-b95f-d0b74e81e89d] RpcClient init label, labels = {module=naming, source=sdk}
15:07:29:802  INFO 36620 --- [main] com.alibaba.nacos.common.remote.client   : [fab8e1a1-502a-4afc-b95f-d0b74e81e89d] RpcClient init, ServerListFactory = com.alibaba.nacos.client.naming.core.ServerListManager
15:07:29:802  INFO 36620 --- [main] com.alibaba.nacos.common.remote.client   : [fab8e1a1-502a-4afc-b95f-d0b74e81e89d] Registry connection listener to current client:com.alibaba.nacos.client.naming.remote.gprc.redo.NamingGrpcRedoService
15:07:29:802  INFO 36620 --- [main] com.alibaba.nacos.common.remote.client   : [fab8e1a1-502a-4afc-b95f-d0b74e81e89d] Register server push request handler:com.alibaba.nacos.client.naming.remote.gprc.NamingPushRequestHandler
15:07:29:804  INFO 36620 --- [main] com.alibaba.nacos.common.remote.client   : [fab8e1a1-502a-4afc-b95f-d0b74e81e89d] Try to connect to server on start up, server: {serverIp = '47.93.37.97', server main port = 8848}
15:07:33:841  INFO 36620 --- [main] com.alibaba.nacos.common.remote.client   : [fab8e1a1-502a-4afc-b95f-d0b74e81e89d] Success to connect to server [47.93.37.97:8848] on start up, connectionId = 1775804859677_119.251.158.154_46369
15:07:33:841  INFO 36620 --- [com.alibaba.nacos.client.remote.worker] com.alibaba.nacos.common.remote.client   : [fab8e1a1-502a-4afc-b95f-d0b74e81e89d] Notify connected event to listeners.
15:07:33:842  INFO 36620 --- [main] com.alibaba.nacos.common.remote.client   : [fab8e1a1-502a-4afc-b95f-d0b74e81e89d] Register server push request handler:com.alibaba.nacos.common.remote.client.RpcClient$ConnectResetRequestHandler
15:07:33:842  INFO 36620 --- [main] com.alibaba.nacos.common.remote.client   : [fab8e1a1-502a-4afc-b95f-d0b74e81e89d] Register server push request handler:com.alibaba.nacos.common.remote.client.RpcClient$$Lambda$1130/0x000000084078fc40
15:07:33:910  INFO 36620 --- [main] o.s.b.w.embedded.tomcat.TomcatWebServer  : Tomcat started on port(s): 8082 (http) with context path ''
15:07:33:939  INFO 36620 --- [main] c.a.c.n.registry.NacosServiceRegistry    : nacos registry, DEFAULT_GROUP cart-service 192.168.217.1:8082 register finished
15:07:34:417  INFO 36620 --- [nacos-grpc-client-executor-8] com.alibaba.nacos.common.remote.client   : [fab8e1a1-502a-4afc-b95f-d0b74e81e89d] Receive server push request, request = NotifySubscriberRequest, requestId = 237
15:07:34:423  INFO 36620 --- [nacos-grpc-client-executor-8] com.alibaba.nacos.common.remote.client   : [fab8e1a1-502a-4afc-b95f-d0b74e81e89d] Ack server push request, request = NotifySubscriberRequest, requestId = 237
15:07:35:454  INFO 36620 --- [main] d.s.w.p.DocumentationPluginsBootstrapper : Documentation plugins bootstrapped
15:07:35:458  INFO 36620 --- [main] d.s.w.p.DocumentationPluginsBootstrapper : Found 1 custom documentation plugin(s)
15:07:35:486  INFO 36620 --- [main] s.d.s.w.s.ApiListingReferenceScanner     : Scanning for api listing references
15:07:35:607  INFO 36620 --- [main] com.hmall.cart.CartApplication           : Started CartApplication in 23.371 seconds (JVM running for 25.555)
15:08:11:134  INFO 36620 --- [http-nio-8082-exec-1] o.a.c.c.C.[Tomcat].[localhost].[/]       : Initializing Spring DispatcherServlet 'dispatcherServlet'
15:08:11:134  INFO 36620 --- [http-nio-8082-exec-1] o.s.web.servlet.DispatcherServlet        : Initializing Servlet 'dispatcherServlet'
15:08:11:137  INFO 36620 --- [http-nio-8082-exec-1] o.s.web.servlet.DispatcherServlet        : Completed initialization in 2 ms
15:08:11:246  INFO 36620 --- [http-nio-8082-exec-1] com.zaxxer.hikari.HikariDataSource       : HikariPool-1 - Starting...
15:08:11:818  INFO 36620 --- [http-nio-8082-exec-1] com.zaxxer.hikari.HikariDataSource       : HikariPool-1 - Start completed.
15:08:11:825 DEBUG 36620 --- [http-nio-8082-exec-1] com.hmall.cart.mapper.CartMapper.delete  : ==>  Preparing: DELETE FROM cart WHERE (user_id = ? AND item_id IN (?))
15:08:11:853 DEBUG 36620 --- [http-nio-8082-exec-1] com.hmall.cart.mapper.CartMapper.delete  : ==> Parameters: null, 317578(Long)
15:08:11:901 DEBUG 36620 --- [http-nio-8082-exec-1] com.hmall.cart.mapper.CartMapper.delete  : <==    Updates: 0
15:08:20:453 DEBUG 36620 --- [http-nio-8082-exec-4] c.h.cart.mapper.CartMapper.selectList    : ==>  Preparing: SELECT id,user_id,item_id,num,name,spec,price,image,create_time,update_time FROM cart WHERE (user_id = ?)
15:08:20:454 DEBUG 36620 --- [http-nio-8082-exec-4] c.h.cart.mapper.CartMapper.selectList    : ==> Parameters: 2(Long)
15:08:20:500 DEBUG 36620 --- [http-nio-8082-exec-4] c.h.cart.mapper.CartMapper.selectList    : <==      Total: 1
15:08:20:543 DEBUG 36620 --- [http-nio-8082-exec-4] com.hmall.api.client.ItemClient          : [ItemClient#queryItemsByIds] ---> GET http://item-service/items?ids=317578 HTTP/1.1
15:08:20:543 DEBUG 36620 --- [http-nio-8082-exec-4] com.hmall.api.client.ItemClient          : [ItemClient#queryItemsByIds] user-id: 2
15:08:20:543 DEBUG 36620 --- [http-nio-8082-exec-4] com.hmall.api.client.ItemClient          : [ItemClient#queryItemsByIds] ---> END HTTP (0-byte body)
15:08:20:771 DEBUG 36620 --- [http-nio-8082-exec-4] com.hmall.api.client.ItemClient          : [ItemClient#queryItemsByIds] <--- HTTP/1.1 200  (227ms)
15:08:20:772 DEBUG 36620 --- [http-nio-8082-exec-4] com.hmall.api.client.ItemClient          : [ItemClient#queryItemsByIds] connection: keep-alive
15:08:20:772 DEBUG 36620 --- [http-nio-8082-exec-4] com.hmall.api.client.ItemClient          : [ItemClient#queryItemsByIds] content-type: application/json
15:08:20:772 DEBUG 36620 --- [http-nio-8082-exec-4] com.hmall.api.client.ItemClient          : [ItemClient#queryItemsByIds] date: Fri, 10 Apr 2026 07:08:20 GMT
15:08:20:772 DEBUG 36620 --- [http-nio-8082-exec-4] com.hmall.api.client.ItemClient          : [ItemClient#queryItemsByIds] keep-alive: timeout=60
15:08:20:772 DEBUG 36620 --- [http-nio-8082-exec-4] com.hmall.api.client.ItemClient          : [ItemClient#queryItemsByIds] transfer-encoding: chunked
15:08:20:772 DEBUG 36620 --- [http-nio-8082-exec-4] com.hmall.api.client.ItemClient          : [ItemClient#queryItemsByIds] 
15:08:20:773 DEBUG 36620 --- [http-nio-8082-exec-4] com.hmall.api.client.ItemClient          : [ItemClient#queryItemsByIds] [{"id":"317578","name":"RIMOWA 21寸托运箱拉杆箱 SALSA AIR系列果绿色 820.70.36.4","price":28900,"stock":9989,"image":"https://m.360buyimg.com/mobilecms/s720x720_jfs/t6934/364/1195375010/84676/e9f2c55f/597ece38N0ddcbc77.jpg!q70.jpg.webp","category":"拉杆箱","brand":"RIMOWA","spec":"{\"颜色\": \"红色\", \"尺码\": \"21寸\"}","sold":0,"commentCount":0,"isAD":false,"status":1}]
15:08:20:773 DEBUG 36620 --- [http-nio-8082-exec-4] com.hmall.api.client.ItemClient          : [ItemClient#queryItemsByIds] <--- END HTTP (396-byte body)
15:08:21:193  INFO 36620 --- [nacos-grpc-client-executor-20] com.alibaba.nacos.common.remote.client   : [fab8e1a1-502a-4afc-b95f-d0b74e81e89d] Receive server push request, request = NotifySubscriberRequest, requestId = 245
15:08:21:193  INFO 36620 --- [nacos-grpc-client-executor-20] com.alibaba.nacos.common.remote.client   : [fab8e1a1-502a-4afc-b95f-d0b74e81e89d] Ack server push request, request = NotifySubscriberRequest, requestId = 245
15:08:38:398 DEBUG 36620 --- [http-nio-8082-exec-3] c.h.cart.mapper.CartMapper.selectList    : ==>  Preparing: SELECT id,user_id,item_id,num,name,spec,price,image,create_time,update_time FROM cart WHERE (user_id = ?)
15:08:38:399 DEBUG 36620 --- [http-nio-8082-exec-3] c.h.cart.mapper.CartMapper.selectList    : ==> Parameters: 2(Long)
15:08:38:422 DEBUG 36620 --- [http-nio-8082-exec-3] c.h.cart.mapper.CartMapper.selectList    : <==      Total: 1
15:08:38:423 DEBUG 36620 --- [http-nio-8082-exec-3] com.hmall.api.client.ItemClient          : [ItemClient#queryItemsByIds] ---> GET http://item-service/items?ids=317578 HTTP/1.1
15:08:38:423 DEBUG 36620 --- [http-nio-8082-exec-3] com.hmall.api.client.ItemClient          : [ItemClient#queryItemsByIds] user-id: 2
15:08:38:424 DEBUG 36620 --- [http-nio-8082-exec-3] com.hmall.api.client.ItemClient          : [ItemClient#queryItemsByIds] ---> END HTTP (0-byte body)
15:08:38:482 DEBUG 36620 --- [http-nio-8082-exec-3] com.hmall.api.client.ItemClient          : [ItemClient#queryItemsByIds] <--- HTTP/1.1 200  (58ms)
15:08:38:482 DEBUG 36620 --- [http-nio-8082-exec-3] com.hmall.api.client.ItemClient          : [ItemClient#queryItemsByIds] connection: keep-alive
15:08:38:482 DEBUG 36620 --- [http-nio-8082-exec-3] com.hmall.api.client.ItemClient          : [ItemClient#queryItemsByIds] content-type: application/json
15:08:38:483 DEBUG 36620 --- [http-nio-8082-exec-3] com.hmall.api.client.ItemClient          : [ItemClient#queryItemsByIds] date: Fri, 10 Apr 2026 07:08:38 GMT
15:08:38:483 DEBUG 36620 --- [http-nio-8082-exec-3] com.hmall.api.client.ItemClient          : [ItemClient#queryItemsByIds] keep-alive: timeout=60
15:08:38:483 DEBUG 36620 --- [http-nio-8082-exec-3] com.hmall.api.client.ItemClient          : [ItemClient#queryItemsByIds] transfer-encoding: chunked
15:08:38:483 DEBUG 36620 --- [http-nio-8082-exec-3] com.hmall.api.client.ItemClient          : [ItemClient#queryItemsByIds] 
15:08:38:483 DEBUG 36620 --- [http-nio-8082-exec-3] com.hmall.api.client.ItemClient          : [ItemClient#queryItemsByIds] [{"id":"317578","name":"RIMOWA 21寸托运箱拉杆箱 SALSA AIR系列果绿色 820.70.36.4","price":28900,"stock":9989,"image":"https://m.360buyimg.com/mobilecms/s720x720_jfs/t6934/364/1195375010/84676/e9f2c55f/597ece38N0ddcbc77.jpg!q70.jpg.webp","category":"拉杆箱","brand":"RIMOWA","spec":"{\"颜色\": \"红色\", \"尺码\": \"21寸\"}","sold":0,"commentCount":0,"isAD":false,"status":1}]
15:08:38:483 DEBUG 36620 --- [http-nio-8082-exec-3] com.hmall.api.client.ItemClient          : [ItemClient#queryItemsByIds] <--- END HTTP (396-byte body)
15:08:40:253 DEBUG 36620 --- [http-nio-8082-exec-2] c.h.cart.mapper.CartMapper.selectList    : ==>  Preparing: SELECT id,user_id,item_id,num,name,spec,price,image,create_time,update_time FROM cart WHERE (user_id = ?)
15:08:40:253 DEBUG 36620 --- [http-nio-8082-exec-2] c.h.cart.mapper.CartMapper.selectList    : ==> Parameters: 2(Long)
15:08:40:280 DEBUG 36620 --- [http-nio-8082-exec-2] c.h.cart.mapper.CartMapper.selectList    : <==      Total: 1
15:08:40:282 DEBUG 36620 --- [http-nio-8082-exec-2] com.hmall.api.client.ItemClient          : [ItemClient#queryItemsByIds] ---> GET http://item-service/items?ids=317578 HTTP/1.1
15:08:40:282 DEBUG 36620 --- [http-nio-8082-exec-2] com.hmall.api.client.ItemClient          : [ItemClient#queryItemsByIds] user-id: 2
15:08:40:282 DEBUG 36620 --- [http-nio-8082-exec-2] com.hmall.api.client.ItemClient          : [ItemClient#queryItemsByIds] ---> END HTTP (0-byte body)
15:08:40:338 DEBUG 36620 --- [http-nio-8082-exec-2] com.hmall.api.client.ItemClient          : [ItemClient#queryItemsByIds] <--- HTTP/1.1 200  (56ms)
15:08:40:338 DEBUG 36620 --- [http-nio-8082-exec-2] com.hmall.api.client.ItemClient          : [ItemClient#queryItemsByIds] connection: keep-alive
15:08:40:338 DEBUG 36620 --- [http-nio-8082-exec-2] com.hmall.api.client.ItemClient          : [ItemClient#queryItemsByIds] content-type: application/json
15:08:40:338 DEBUG 36620 --- [http-nio-8082-exec-2] com.hmall.api.client.ItemClient          : [ItemClient#queryItemsByIds] date: Fri, 10 Apr 2026 07:08:40 GMT
15:08:40:338 DEBUG 36620 --- [http-nio-8082-exec-2] com.hmall.api.client.ItemClient          : [ItemClient#queryItemsByIds] keep-alive: timeout=60
15:08:40:339 DEBUG 36620 --- [http-nio-8082-exec-2] com.hmall.api.client.ItemClient          : [ItemClient#queryItemsByIds] transfer-encoding: chunked
15:08:40:339 DEBUG 36620 --- [http-nio-8082-exec-2] com.hmall.api.client.ItemClient          : [ItemClient#queryItemsByIds] 
15:08:40:339 DEBUG 36620 --- [http-nio-8082-exec-2] com.hmall.api.client.ItemClient          : [ItemClient#queryItemsByIds] [{"id":"317578","name":"RIMOWA 21寸托运箱拉杆箱 SALSA AIR系列果绿色 820.70.36.4","price":28900,"stock":9989,"image":"https://m.360buyimg.com/mobilecms/s720x720_jfs/t6934/364/1195375010/84676/e9f2c55f/597ece38N0ddcbc77.jpg!q70.jpg.webp","category":"拉杆箱","brand":"RIMOWA","spec":"{\"颜色\": \"红色\", \"尺码\": \"21寸\"}","sold":0,"commentCount":0,"isAD":false,"status":1}]
15:08:40:339 DEBUG 36620 --- [http-nio-8082-exec-2] com.hmall.api.client.ItemClient          : [ItemClient#queryItemsByIds] <--- END HTTP (396-byte body)
15:08:43:066 DEBUG 36620 --- [http-nio-8082-exec-5] com.hmall.cart.mapper.CartMapper.delete  : ==>  Preparing: DELETE FROM cart WHERE (user_id = ? AND item_id IN (?))
15:08:43:066 DEBUG 36620 --- [http-nio-8082-exec-5] com.hmall.cart.mapper.CartMapper.delete  : ==> Parameters: null, 317578(Long)
15:08:43:115 DEBUG 36620 --- [http-nio-8082-exec-5] com.hmall.cart.mapper.CartMapper.delete  : <==    Updates: 0
15:08:47:457 DEBUG 36620 --- [http-nio-8082-exec-6] c.h.cart.mapper.CartMapper.selectList    : ==>  Preparing: SELECT id,user_id,item_id,num,name,spec,price,image,create_time,update_time FROM cart WHERE (user_id = ?)
15:08:47:458 DEBUG 36620 --- [http-nio-8082-exec-6] c.h.cart.mapper.CartMapper.selectList    : ==> Parameters: 2(Long)
15:08:47:482 DEBUG 36620 --- [http-nio-8082-exec-6] c.h.cart.mapper.CartMapper.selectList    : <==      Total: 1
15:08:47:483 DEBUG 36620 --- [http-nio-8082-exec-6] com.hmall.api.client.ItemClient          : [ItemClient#queryItemsByIds] ---> GET http://item-service/items?ids=317578 HTTP/1.1
15:08:47:483 DEBUG 36620 --- [http-nio-8082-exec-6] com.hmall.api.client.ItemClient          : [ItemClient#queryItemsByIds] user-id: 2
15:08:47:483 DEBUG 36620 --- [http-nio-8082-exec-6] com.hmall.api.client.ItemClient          : [ItemClient#queryItemsByIds] ---> END HTTP (0-byte body)
15:08:47:542 DEBUG 36620 --- [http-nio-8082-exec-6] com.hmall.api.client.ItemClient          : [ItemClient#queryItemsByIds] <--- HTTP/1.1 200  (59ms)
15:08:47:543 DEBUG 36620 --- [http-nio-8082-exec-6] com.hmall.api.client.ItemClient          : [ItemClient#queryItemsByIds] connection: keep-alive
15:08:47:543 DEBUG 36620 --- [http-nio-8082-exec-6] com.hmall.api.client.ItemClient          : [ItemClient#queryItemsByIds] content-type: application/json
15:08:47:543 DEBUG 36620 --- [http-nio-8082-exec-6] com.hmall.api.client.ItemClient          : [ItemClient#queryItemsByIds] date: Fri, 10 Apr 2026 07:08:47 GMT
15:08:47:543 DEBUG 36620 --- [http-nio-8082-exec-6] com.hmall.api.client.ItemClient          : [ItemClient#queryItemsByIds] keep-alive: timeout=60
15:08:47:543 DEBUG 36620 --- [http-nio-8082-exec-6] com.hmall.api.client.ItemClient          : [ItemClient#queryItemsByIds] transfer-encoding: chunked
15:08:47:543 DEBUG 36620 --- [http-nio-8082-exec-6] com.hmall.api.client.ItemClient          : [ItemClient#queryItemsByIds] 
15:08:47:543 DEBUG 36620 --- [http-nio-8082-exec-6] com.hmall.api.client.ItemClient          : [ItemClient#queryItemsByIds] [{"id":"317578","name":"RIMOWA 21寸托运箱拉杆箱 SALSA AIR系列果绿色 820.70.36.4","price":28900,"stock":9986,"image":"https://m.360buyimg.com/mobilecms/s720x720_jfs/t6934/364/1195375010/84676/e9f2c55f/597ece38N0ddcbc77.jpg!q70.jpg.webp","category":"拉杆箱","brand":"RIMOWA","spec":"{\"颜色\": \"红色\", \"尺码\": \"21寸\"}","sold":0,"commentCount":0,"isAD":false,"status":1}]
15:08:47:544 DEBUG 36620 --- [http-nio-8082-exec-6] com.hmall.api.client.ItemClient          : [ItemClient#queryItemsByIds] <--- END HTTP (396-byte body)
15:08:48:586 DEBUG 36620 --- [http-nio-8082-exec-8] c.h.cart.mapper.CartMapper.selectList    : ==>  Preparing: SELECT id,user_id,item_id,num,name,spec,price,image,create_time,update_time FROM cart WHERE (user_id = ?)
15:08:48:587 DEBUG 36620 --- [http-nio-8082-exec-8] c.h.cart.mapper.CartMapper.selectList    : ==> Parameters: 2(Long)
15:08:48:611 DEBUG 36620 --- [http-nio-8082-exec-8] c.h.cart.mapper.CartMapper.selectList    : <==      Total: 1
15:08:48:612 DEBUG 36620 --- [http-nio-8082-exec-8] com.hmall.api.client.ItemClient          : [ItemClient#queryItemsByIds] ---> GET http://item-service/items?ids=317578 HTTP/1.1
15:08:48:612 DEBUG 36620 --- [http-nio-8082-exec-8] com.hmall.api.client.ItemClient          : [ItemClient#queryItemsByIds] user-id: 2
15:08:48:612 DEBUG 36620 --- [http-nio-8082-exec-8] com.hmall.api.client.ItemClient          : [ItemClient#queryItemsByIds] ---> END HTTP (0-byte body)
15:08:48:677 DEBUG 36620 --- [http-nio-8082-exec-8] com.hmall.api.client.ItemClient          : [ItemClient#queryItemsByIds] <--- HTTP/1.1 200  (64ms)
15:08:48:677 DEBUG 36620 --- [http-nio-8082-exec-8] com.hmall.api.client.ItemClient          : [ItemClient#queryItemsByIds] connection: keep-alive
15:08:48:677 DEBUG 36620 --- [http-nio-8082-exec-8] com.hmall.api.client.ItemClient          : [ItemClient#queryItemsByIds] content-type: application/json
15:08:48:677 DEBUG 36620 --- [http-nio-8082-exec-8] com.hmall.api.client.ItemClient          : [ItemClient#queryItemsByIds] date: Fri, 10 Apr 2026 07:08:48 GMT
15:08:48:677 DEBUG 36620 --- [http-nio-8082-exec-8] com.hmall.api.client.ItemClient          : [ItemClient#queryItemsByIds] keep-alive: timeout=60
15:08:48:677 DEBUG 36620 --- [http-nio-8082-exec-8] com.hmall.api.client.ItemClient          : [ItemClient#queryItemsByIds] transfer-encoding: chunked
15:08:48:678 DEBUG 36620 --- [http-nio-8082-exec-8] com.hmall.api.client.ItemClient          : [ItemClient#queryItemsByIds] 
15:08:48:678 DEBUG 36620 --- [http-nio-8082-exec-8] com.hmall.api.client.ItemClient          : [ItemClient#queryItemsByIds] [{"id":"317578","name":"RIMOWA 21寸托运箱拉杆箱 SALSA AIR系列果绿色 820.70.36.4","price":28900,"stock":9986,"image":"https://m.360buyimg.com/mobilecms/s720x720_jfs/t6934/364/1195375010/84676/e9f2c55f/597ece38N0ddcbc77.jpg!q70.jpg.webp","category":"拉杆箱","brand":"RIMOWA","spec":"{\"颜色\": \"红色\", \"尺码\": \"21寸\"}","sold":0,"commentCount":0,"isAD":false,"status":1}]
15:08:48:678 DEBUG 36620 --- [http-nio-8082-exec-8] com.hmall.api.client.ItemClient          : [ItemClient#queryItemsByIds] <--- END HTTP (396-byte body)
15:08:50:301 DEBUG 36620 --- [http-nio-8082-exec-7] c.h.cart.mapper.CartMapper.selectList    : ==>  Preparing: SELECT id,user_id,item_id,num,name,spec,price,image,create_time,update_time FROM cart WHERE (user_id = ?)
15:08:50:302 DEBUG 36620 --- [http-nio-8082-exec-7] c.h.cart.mapper.CartMapper.selectList    : ==> Parameters: 2(Long)
15:08:50:331 DEBUG 36620 --- [http-nio-8082-exec-7] c.h.cart.mapper.CartMapper.selectList    : <==      Total: 1
15:08:50:332 DEBUG 36620 --- [http-nio-8082-exec-7] com.hmall.api.client.ItemClient          : [ItemClient#queryItemsByIds] ---> GET http://item-service/items?ids=317578 HTTP/1.1
15:08:50:332 DEBUG 36620 --- [http-nio-8082-exec-7] com.hmall.api.client.ItemClient          : [ItemClient#queryItemsByIds] user-id: 2
15:08:50:332 DEBUG 36620 --- [http-nio-8082-exec-7] com.hmall.api.client.ItemClient          : [ItemClient#queryItemsByIds] ---> END HTTP (0-byte body)
15:08:50:405 DEBUG 36620 --- [http-nio-8082-exec-7] com.hmall.api.client.ItemClient          : [ItemClient#queryItemsByIds] <--- HTTP/1.1 200  (72ms)
15:08:50:406 DEBUG 36620 --- [http-nio-8082-exec-7] com.hmall.api.client.ItemClient          : [ItemClient#queryItemsByIds] connection: keep-alive
15:08:50:406 DEBUG 36620 --- [http-nio-8082-exec-7] com.hmall.api.client.ItemClient          : [ItemClient#queryItemsByIds] content-type: application/json
15:08:50:406 DEBUG 36620 --- [http-nio-8082-exec-7] com.hmall.api.client.ItemClient          : [ItemClient#queryItemsByIds] date: Fri, 10 Apr 2026 07:08:50 GMT
15:08:50:406 DEBUG 36620 --- [http-nio-8082-exec-7] com.hmall.api.client.ItemClient          : [ItemClient#queryItemsByIds] keep-alive: timeout=60
15:08:50:406 DEBUG 36620 --- [http-nio-8082-exec-7] com.hmall.api.client.ItemClient          : [ItemClient#queryItemsByIds] transfer-encoding: chunked
15:08:50:406 DEBUG 36620 --- [http-nio-8082-exec-7] com.hmall.api.client.ItemClient          : [ItemClient#queryItemsByIds] 
15:08:50:407 DEBUG 36620 --- [http-nio-8082-exec-7] com.hmall.api.client.ItemClient          : [ItemClient#queryItemsByIds] [{"id":"317578","name":"RIMOWA 21寸托运箱拉杆箱 SALSA AIR系列果绿色 820.70.36.4","price":28900,"stock":9986,"image":"https://m.360buyimg.com/mobilecms/s720x720_jfs/t6934/364/1195375010/84676/e9f2c55f/597ece38N0ddcbc77.jpg!q70.jpg.webp","category":"拉杆箱","brand":"RIMOWA","spec":"{\"颜色\": \"红色\", \"尺码\": \"21寸\"}","sold":0,"commentCount":0,"isAD":false,"status":1}]
15:08:50:407 DEBUG 36620 --- [http-nio-8082-exec-7] com.hmall.api.client.ItemClient          : [ItemClient#queryItemsByIds] <--- END HTTP (396-byte body)
15:09:17:390 DEBUG 36620 --- [http-nio-8082-exec-9] c.h.cart.mapper.CartMapper.selectList    : ==>  Preparing: SELECT id,user_id,item_id,num,name,spec,price,image,create_time,update_time FROM cart WHERE (user_id = ?)
15:09:17:390 DEBUG 36620 --- [http-nio-8082-exec-9] c.h.cart.mapper.CartMapper.selectList    : ==> Parameters: 2(Long)
15:09:17:419 DEBUG 36620 --- [http-nio-8082-exec-9] c.h.cart.mapper.CartMapper.selectList    : <==      Total: 1
15:09:17:420 DEBUG 36620 --- [http-nio-8082-exec-9] com.hmall.api.client.ItemClient          : [ItemClient#queryItemsByIds] ---> GET http://item-service/items?ids=317578 HTTP/1.1
15:09:17:420 DEBUG 36620 --- [http-nio-8082-exec-9] com.hmall.api.client.ItemClient          : [ItemClient#queryItemsByIds] user-id: 2
15:09:17:420 DEBUG 36620 --- [http-nio-8082-exec-9] com.hmall.api.client.ItemClient          : [ItemClient#queryItemsByIds] ---> END HTTP (0-byte body)
15:09:17:494 DEBUG 36620 --- [http-nio-8082-exec-9] com.hmall.api.client.ItemClient          : [ItemClient#queryItemsByIds] <--- HTTP/1.1 200  (73ms)
15:09:17:494 DEBUG 36620 --- [http-nio-8082-exec-9] com.hmall.api.client.ItemClient          : [ItemClient#queryItemsByIds] connection: keep-alive
15:09:17:494 DEBUG 36620 --- [http-nio-8082-exec-9] com.hmall.api.client.ItemClient          : [ItemClient#queryItemsByIds] content-type: application/json
15:09:17:494 DEBUG 36620 --- [http-nio-8082-exec-9] com.hmall.api.client.ItemClient          : [ItemClient#queryItemsByIds] date: Fri, 10 Apr 2026 07:09:17 GMT
15:09:17:494 DEBUG 36620 --- [http-nio-8082-exec-9] com.hmall.api.client.ItemClient          : [ItemClient#queryItemsByIds] keep-alive: timeout=60
15:09:17:495 DEBUG 36620 --- [http-nio-8082-exec-9] com.hmall.api.client.ItemClient          : [ItemClient#queryItemsByIds] transfer-encoding: chunked
15:09:17:495 DEBUG 36620 --- [http-nio-8082-exec-9] com.hmall.api.client.ItemClient          : [ItemClient#queryItemsByIds] 
15:09:17:495 DEBUG 36620 --- [http-nio-8082-exec-9] com.hmall.api.client.ItemClient          : [ItemClient#queryItemsByIds] [{"id":"317578","name":"RIMOWA 21寸托运箱拉杆箱 SALSA AIR系列果绿色 820.70.36.4","price":28900,"stock":9986,"image":"https://m.360buyimg.com/mobilecms/s720x720_jfs/t6934/364/1195375010/84676/e9f2c55f/597ece38N0ddcbc77.jpg!q70.jpg.webp","category":"拉杆箱","brand":"RIMOWA","spec":"{\"颜色\": \"红色\", \"尺码\": \"21寸\"}","sold":0,"commentCount":0,"isAD":false,"status":1}]
15:09:17:495 DEBUG 36620 --- [http-nio-8082-exec-9] com.hmall.api.client.ItemClient          : [ItemClient#queryItemsByIds] <--- END HTTP (396-byte body)
15:09:19:884 DEBUG 36620 --- [http-nio-8082-exec-10] com.hmall.cart.mapper.CartMapper.delete  : ==>  Preparing: DELETE FROM cart WHERE (user_id = ? AND item_id IN (?))
15:09:19:884 DEBUG 36620 --- [http-nio-8082-exec-10] com.hmall.cart.mapper.CartMapper.delete  : ==> Parameters: null, 317578(Long)
15:09:19:935 DEBUG 36620 --- [http-nio-8082-exec-10] com.hmall.cart.mapper.CartMapper.delete  : <==    Updates: 0
15:10:19:755 DEBUG 36620 --- [http-nio-8082-exec-4] c.h.cart.mapper.CartMapper.selectList    : ==>  Preparing: SELECT id,user_id,item_id,num,name,spec,price,image,create_time,update_time FROM cart WHERE (user_id = ?)
15:10:19:756 DEBUG 36620 --- [http-nio-8082-exec-4] c.h.cart.mapper.CartMapper.selectList    : ==> Parameters: 1(Long)
15:10:19:782 DEBUG 36620 --- [http-nio-8082-exec-4] c.h.cart.mapper.CartMapper.selectList    : <==      Total: 1
15:10:19:784 DEBUG 36620 --- [http-nio-8082-exec-4] com.hmall.api.client.ItemClient          : [ItemClient#queryItemsByIds] ---> GET http://item-service/items?ids=100000006163 HTTP/1.1
15:10:19:784 DEBUG 36620 --- [http-nio-8082-exec-4] com.hmall.api.client.ItemClient          : [ItemClient#queryItemsByIds] user-id: 1
15:10:19:784 DEBUG 36620 --- [http-nio-8082-exec-4] com.hmall.api.client.ItemClient          : [ItemClient#queryItemsByIds] ---> END HTTP (0-byte body)
15:10:19:851 DEBUG 36620 --- [http-nio-8082-exec-4] com.hmall.api.client.ItemClient          : [ItemClient#queryItemsByIds] <--- HTTP/1.1 200  (66ms)
15:10:19:851 DEBUG 36620 --- [http-nio-8082-exec-4] com.hmall.api.client.ItemClient          : [ItemClient#queryItemsByIds] connection: keep-alive
15:10:19:851 DEBUG 36620 --- [http-nio-8082-exec-4] com.hmall.api.client.ItemClient          : [ItemClient#queryItemsByIds] content-type: application/json
15:10:19:851 DEBUG 36620 --- [http-nio-8082-exec-4] com.hmall.api.client.ItemClient          : [ItemClient#queryItemsByIds] date: Fri, 10 Apr 2026 07:10:19 GMT
15:10:19:851 DEBUG 36620 --- [http-nio-8082-exec-4] com.hmall.api.client.ItemClient          : [ItemClient#queryItemsByIds] keep-alive: timeout=60
15:10:19:851 DEBUG 36620 --- [http-nio-8082-exec-4] com.hmall.api.client.ItemClient          : [ItemClient#queryItemsByIds] transfer-encoding: chunked
15:10:19:851 DEBUG 36620 --- [http-nio-8082-exec-4] com.hmall.api.client.ItemClient          : [ItemClient#queryItemsByIds] 
15:10:19:852 DEBUG 36620 --- [http-nio-8082-exec-4] com.hmall.api.client.ItemClient          : [ItemClient#queryItemsByIds] [{"id":"100000006163","name":"巴布豆(BOBDOG)柔薄悦动婴儿拉拉裤XXL码80片(15kg以上)","price":67100,"stock":10000,"image":"https://m.360buyimg.com/mobilecms/s720x720_jfs/t23998/350/2363990466/222391/a6e9581d/5b7cba5bN0c18fb4f.jpg!q70.jpg.webp","category":"拉拉裤","brand":"巴布豆","spec":"{}","sold":11,"commentCount":33343434,"isAD":false,"status":2}]
15:10:19:852 DEBUG 36620 --- [http-nio-8082-exec-4] com.hmall.api.client.ItemClient          : [ItemClient#queryItemsByIds] <--- END HTTP (371-byte body)
15:10:21:317 DEBUG 36620 --- [http-nio-8082-exec-2] c.h.cart.mapper.CartMapper.selectList    : ==>  Preparing: SELECT id,user_id,item_id,num,name,spec,price,image,create_time,update_time FROM cart WHERE (user_id = ?)
15:10:21:317 DEBUG 36620 --- [http-nio-8082-exec-2] c.h.cart.mapper.CartMapper.selectList    : ==> Parameters: 1(Long)
15:10:21:356 DEBUG 36620 --- [http-nio-8082-exec-2] c.h.cart.mapper.CartMapper.selectList    : <==      Total: 1
15:10:21:357 DEBUG 36620 --- [http-nio-8082-exec-2] com.hmall.api.client.ItemClient          : [ItemClient#queryItemsByIds] ---> GET http://item-service/items?ids=100000006163 HTTP/1.1
15:10:21:357 DEBUG 36620 --- [http-nio-8082-exec-2] com.hmall.api.client.ItemClient          : [ItemClient#queryItemsByIds] user-id: 1
15:10:21:357 DEBUG 36620 --- [http-nio-8082-exec-2] com.hmall.api.client.ItemClient          : [ItemClient#queryItemsByIds] ---> END HTTP (0-byte body)
15:10:21:422 DEBUG 36620 --- [http-nio-8082-exec-2] com.hmall.api.client.ItemClient          : [ItemClient#queryItemsByIds] <--- HTTP/1.1 200  (63ms)
15:10:21:422 DEBUG 36620 --- [http-nio-8082-exec-2] com.hmall.api.client.ItemClient          : [ItemClient#queryItemsByIds] connection: keep-alive
15:10:21:422 DEBUG 36620 --- [http-nio-8082-exec-2] com.hmall.api.client.ItemClient          : [ItemClient#queryItemsByIds] content-type: application/json
15:10:21:422 DEBUG 36620 --- [http-nio-8082-exec-2] com.hmall.api.client.ItemClient          : [ItemClient#queryItemsByIds] date: Fri, 10 Apr 2026 07:10:21 GMT
15:10:21:422 DEBUG 36620 --- [http-nio-8082-exec-2] com.hmall.api.client.ItemClient          : [ItemClient#queryItemsByIds] keep-alive: timeout=60
15:10:21:422 DEBUG 36620 --- [http-nio-8082-exec-2] com.hmall.api.client.ItemClient          : [ItemClient#queryItemsByIds] transfer-encoding: chunked
15:10:21:422 DEBUG 36620 --- [http-nio-8082-exec-2] com.hmall.api.client.ItemClient          : [ItemClient#queryItemsByIds] 
15:10:21:423 DEBUG 36620 --- [http-nio-8082-exec-2] com.hmall.api.client.ItemClient          : [ItemClient#queryItemsByIds] [{"id":"100000006163","name":"巴布豆(BOBDOG)柔薄悦动婴儿拉拉裤XXL码80片(15kg以上)","price":67100,"stock":10000,"image":"https://m.360buyimg.com/mobilecms/s720x720_jfs/t23998/350/2363990466/222391/a6e9581d/5b7cba5bN0c18fb4f.jpg!q70.jpg.webp","category":"拉拉裤","brand":"巴布豆","spec":"{}","sold":11,"commentCount":33343434,"isAD":false,"status":2}]
15:10:21:423 DEBUG 36620 --- [http-nio-8082-exec-2] com.hmall.api.client.ItemClient          : [ItemClient#queryItemsByIds] <--- END HTTP (371-byte body)
15:10:33:740 DEBUG 36620 --- [http-nio-8082-exec-5] c.h.cart.mapper.CartMapper.selectList    : ==>  Preparing: SELECT id,user_id,item_id,num,name,spec,price,image,create_time,update_time FROM cart WHERE (user_id = ?)
15:10:33:740 DEBUG 36620 --- [http-nio-8082-exec-5] c.h.cart.mapper.CartMapper.selectList    : ==> Parameters: 1(Long)
15:10:33:785 DEBUG 36620 --- [http-nio-8082-exec-5] c.h.cart.mapper.CartMapper.selectList    : <==      Total: 1
15:10:33:786 DEBUG 36620 --- [http-nio-8082-exec-5] com.hmall.api.client.ItemClient          : [ItemClient#queryItemsByIds] ---> GET http://item-service/items?ids=100000006163 HTTP/1.1
15:10:33:786 DEBUG 36620 --- [http-nio-8082-exec-5] com.hmall.api.client.ItemClient          : [ItemClient#queryItemsByIds] user-id: 1
15:10:33:786 DEBUG 36620 --- [http-nio-8082-exec-5] com.hmall.api.client.ItemClient          : [ItemClient#queryItemsByIds] ---> END HTTP (0-byte body)
15:10:33:861 DEBUG 36620 --- [http-nio-8082-exec-5] com.hmall.api.client.ItemClient          : [ItemClient#queryItemsByIds] <--- HTTP/1.1 200  (74ms)
15:10:33:861 DEBUG 36620 --- [http-nio-8082-exec-5] com.hmall.api.client.ItemClient          : [ItemClient#queryItemsByIds] connection: keep-alive
15:10:33:861 DEBUG 36620 --- [http-nio-8082-exec-5] com.hmall.api.client.ItemClient          : [ItemClient#queryItemsByIds] content-type: application/json
15:10:33:861 DEBUG 36620 --- [http-nio-8082-exec-5] com.hmall.api.client.ItemClient          : [ItemClient#queryItemsByIds] date: Fri, 10 Apr 2026 07:10:33 GMT
15:10:33:861 DEBUG 36620 --- [http-nio-8082-exec-5] com.hmall.api.client.ItemClient          : [ItemClient#queryItemsByIds] keep-alive: timeout=60
15:10:33:861 DEBUG 36620 --- [http-nio-8082-exec-5] com.hmall.api.client.ItemClient          : [ItemClient#queryItemsByIds] transfer-encoding: chunked
15:10:33:861 DEBUG 36620 --- [http-nio-8082-exec-5] com.hmall.api.client.ItemClient          : [ItemClient#queryItemsByIds] 
15:10:33:862 DEBUG 36620 --- [http-nio-8082-exec-5] com.hmall.api.client.ItemClient          : [ItemClient#queryItemsByIds] [{"id":"100000006163","name":"巴布豆(BOBDOG)柔薄悦动婴儿拉拉裤XXL码80片(15kg以上)","price":67100,"stock":10000,"image":"https://m.360buyimg.com/mobilecms/s720x720_jfs/t23998/350/2363990466/222391/a6e9581d/5b7cba5bN0c18fb4f.jpg!q70.jpg.webp","category":"拉拉裤","brand":"巴布豆","spec":"{}","sold":11,"commentCount":33343434,"isAD":false,"status":2}]
15:10:33:862 DEBUG 36620 --- [http-nio-8082-exec-5] com.hmall.api.client.ItemClient          : [ItemClient#queryItemsByIds] <--- END HTTP (371-byte body)
15:10:35:005 DEBUG 36620 --- [http-nio-8082-exec-6] c.h.cart.mapper.CartMapper.selectList    : ==>  Preparing: SELECT id,user_id,item_id,num,name,spec,price,image,create_time,update_time FROM cart WHERE (user_id = ?)
15:10:35:006 DEBUG 36620 --- [http-nio-8082-exec-6] c.h.cart.mapper.CartMapper.selectList    : ==> Parameters: 1(Long)
15:10:35:040 DEBUG 36620 --- [http-nio-8082-exec-6] c.h.cart.mapper.CartMapper.selectList    : <==      Total: 1
15:10:35:041 DEBUG 36620 --- [http-nio-8082-exec-6] com.hmall.api.client.ItemClient          : [ItemClient#queryItemsByIds] ---> GET http://item-service/items?ids=100000006163 HTTP/1.1
15:10:35:041 DEBUG 36620 --- [http-nio-8082-exec-6] com.hmall.api.client.ItemClient          : [ItemClient#queryItemsByIds] user-id: 1
15:10:35:041 DEBUG 36620 --- [http-nio-8082-exec-6] com.hmall.api.client.ItemClient          : [ItemClient#queryItemsByIds] ---> END HTTP (0-byte body)
15:10:35:105 DEBUG 36620 --- [http-nio-8082-exec-6] com.hmall.api.client.ItemClient          : [ItemClient#queryItemsByIds] <--- HTTP/1.1 200  (63ms)
15:10:35:105 DEBUG 36620 --- [http-nio-8082-exec-6] com.hmall.api.client.ItemClient          : [ItemClient#queryItemsByIds] connection: keep-alive
15:10:35:105 DEBUG 36620 --- [http-nio-8082-exec-6] com.hmall.api.client.ItemClient          : [ItemClient#queryItemsByIds] content-type: application/json
15:10:35:105 DEBUG 36620 --- [http-nio-8082-exec-6] com.hmall.api.client.ItemClient          : [ItemClient#queryItemsByIds] date: Fri, 10 Apr 2026 07:10:35 GMT
15:10:35:105 DEBUG 36620 --- [http-nio-8082-exec-6] com.hmall.api.client.ItemClient          : [ItemClient#queryItemsByIds] keep-alive: timeout=60
15:10:35:105 DEBUG 36620 --- [http-nio-8082-exec-6] com.hmall.api.client.ItemClient          : [ItemClient#queryItemsByIds] transfer-encoding: chunked
15:10:35:105 DEBUG 36620 --- [http-nio-8082-exec-6] com.hmall.api.client.ItemClient          : [ItemClient#queryItemsByIds] 
15:10:35:105 DEBUG 36620 --- [http-nio-8082-exec-6] com.hmall.api.client.ItemClient          : [ItemClient#queryItemsByIds] [{"id":"100000006163","name":"巴布豆(BOBDOG)柔薄悦动婴儿拉拉裤XXL码80片(15kg以上)","price":67100,"stock":10000,"image":"https://m.360buyimg.com/mobilecms/s720x720_jfs/t23998/350/2363990466/222391/a6e9581d/5b7cba5bN0c18fb4f.jpg!q70.jpg.webp","category":"拉拉裤","brand":"巴布豆","spec":"{}","sold":11,"commentCount":33343434,"isAD":false,"status":2}]
15:10:35:105 DEBUG 36620 --- [http-nio-8082-exec-6] com.hmall.api.client.ItemClient          : [ItemClient#queryItemsByIds] <--- END HTTP (371-byte body)
15:10:36:605 DEBUG 36620 --- [http-nio-8082-exec-8] c.h.cart.mapper.CartMapper.selectList    : ==>  Preparing: SELECT id,user_id,item_id,num,name,spec,price,image,create_time,update_time FROM cart WHERE (user_id = ?)
15:10:36:606 DEBUG 36620 --- [http-nio-8082-exec-8] c.h.cart.mapper.CartMapper.selectList    : ==> Parameters: 1(Long)
15:10:36:630 DEBUG 36620 --- [http-nio-8082-exec-8] c.h.cart.mapper.CartMapper.selectList    : <==      Total: 1
15:10:36:632 DEBUG 36620 --- [http-nio-8082-exec-8] com.hmall.api.client.ItemClient          : [ItemClient#queryItemsByIds] ---> GET http://item-service/items?ids=100000006163 HTTP/1.1
15:10:36:632 DEBUG 36620 --- [http-nio-8082-exec-8] com.hmall.api.client.ItemClient          : [ItemClient#queryItemsByIds] user-id: 1
15:10:36:632 DEBUG 36620 --- [http-nio-8082-exec-8] com.hmall.api.client.ItemClient          : [ItemClient#queryItemsByIds] ---> END HTTP (0-byte body)
15:10:36:702 DEBUG 36620 --- [http-nio-8082-exec-8] com.hmall.api.client.ItemClient          : [ItemClient#queryItemsByIds] <--- HTTP/1.1 200  (69ms)
15:10:36:702 DEBUG 36620 --- [http-nio-8082-exec-8] com.hmall.api.client.ItemClient          : [ItemClient#queryItemsByIds] connection: keep-alive
15:10:36:702 DEBUG 36620 --- [http-nio-8082-exec-8] com.hmall.api.client.ItemClient          : [ItemClient#queryItemsByIds] content-type: application/json
15:10:36:702 DEBUG 36620 --- [http-nio-8082-exec-8] com.hmall.api.client.ItemClient          : [ItemClient#queryItemsByIds] date: Fri, 10 Apr 2026 07:10:36 GMT
15:10:36:702 DEBUG 36620 --- [http-nio-8082-exec-8] com.hmall.api.client.ItemClient          : [ItemClient#queryItemsByIds] keep-alive: timeout=60
15:10:36:703 DEBUG 36620 --- [http-nio-8082-exec-8] com.hmall.api.client.ItemClient          : [ItemClient#queryItemsByIds] transfer-encoding: chunked
15:10:36:703 DEBUG 36620 --- [http-nio-8082-exec-8] com.hmall.api.client.ItemClient          : [ItemClient#queryItemsByIds] 
15:10:36:703 DEBUG 36620 --- [http-nio-8082-exec-8] com.hmall.api.client.ItemClient          : [ItemClient#queryItemsByIds] [{"id":"100000006163","name":"巴布豆(BOBDOG)柔薄悦动婴儿拉拉裤XXL码80片(15kg以上)","price":67100,"stock":10000,"image":"https://m.360buyimg.com/mobilecms/s720x720_jfs/t23998/350/2363990466/222391/a6e9581d/5b7cba5bN0c18fb4f.jpg!q70.jpg.webp","category":"拉拉裤","brand":"巴布豆","spec":"{}","sold":11,"commentCount":33343434,"isAD":false,"status":2}]
15:10:36:703 DEBUG 36620 --- [http-nio-8082-exec-8] com.hmall.api.client.ItemClient          : [ItemClient#queryItemsByIds] <--- END HTTP (371-byte body)
15:11:20:685 DEBUG 36620 --- [http-nio-8082-exec-7] c.h.cart.mapper.CartMapper.selectList    : ==>  Preparing: SELECT id,user_id,item_id,num,name,spec,price,image,create_time,update_time FROM cart WHERE (user_id = ?)
15:11:20:686 DEBUG 36620 --- [http-nio-8082-exec-7] c.h.cart.mapper.CartMapper.selectList    : ==> Parameters: 1(Long)
15:11:20:717 DEBUG 36620 --- [http-nio-8082-exec-7] c.h.cart.mapper.CartMapper.selectList    : <==      Total: 1
15:11:20:718 DEBUG 36620 --- [http-nio-8082-exec-7] com.hmall.api.client.ItemClient          : [ItemClient#queryItemsByIds] ---> GET http://item-service/items?ids=100000006163 HTTP/1.1
15:11:20:718 DEBUG 36620 --- [http-nio-8082-exec-7] com.hmall.api.client.ItemClient          : [ItemClient#queryItemsByIds] user-id: 1
15:11:20:719 DEBUG 36620 --- [http-nio-8082-exec-7] com.hmall.api.client.ItemClient          : [ItemClient#queryItemsByIds] ---> END HTTP (0-byte body)
15:11:20:783 DEBUG 36620 --- [http-nio-8082-exec-7] com.hmall.api.client.ItemClient          : [ItemClient#queryItemsByIds] <--- HTTP/1.1 200  (64ms)
15:11:20:784 DEBUG 36620 --- [http-nio-8082-exec-7] com.hmall.api.client.ItemClient          : [ItemClient#queryItemsByIds] connection: keep-alive
15:11:20:784 DEBUG 36620 --- [http-nio-8082-exec-7] com.hmall.api.client.ItemClient          : [ItemClient#queryItemsByIds] content-type: application/json
15:11:20:784 DEBUG 36620 --- [http-nio-8082-exec-7] com.hmall.api.client.ItemClient          : [ItemClient#queryItemsByIds] date: Fri, 10 Apr 2026 07:11:20 GMT
15:11:20:784 DEBUG 36620 --- [http-nio-8082-exec-7] com.hmall.api.client.ItemClient          : [ItemClient#queryItemsByIds] keep-alive: timeout=60
15:11:20:785 DEBUG 36620 --- [http-nio-8082-exec-7] com.hmall.api.client.ItemClient          : [ItemClient#queryItemsByIds] transfer-encoding: chunked
15:11:20:785 DEBUG 36620 --- [http-nio-8082-exec-7] com.hmall.api.client.ItemClient          : [ItemClient#queryItemsByIds] 
15:11:20:785 DEBUG 36620 --- [http-nio-8082-exec-7] com.hmall.api.client.ItemClient          : [ItemClient#queryItemsByIds] [{"id":"100000006163","name":"巴布豆(BOBDOG)柔薄悦动婴儿拉拉裤XXL码80片(15kg以上)","price":67100,"stock":10000,"image":"https://m.360buyimg.com/mobilecms/s720x720_jfs/t23998/350/2363990466/222391/a6e9581d/5b7cba5bN0c18fb4f.jpg!q70.jpg.webp","category":"拉拉裤","brand":"巴布豆","spec":"{}","sold":11,"commentCount":33343434,"isAD":false,"status":2}]
15:11:20:785 DEBUG 36620 --- [http-nio-8082-exec-7] com.hmall.api.client.ItemClient          : [ItemClient#queryItemsByIds] <--- END HTTP (371-byte body)
15:11:34:270 DEBUG 36620 --- [http-nio-8082-exec-9] c.h.cart.mapper.CartMapper.selectList    : ==>  Preparing: SELECT id,user_id,item_id,num,name,spec,price,image,create_time,update_time FROM cart WHERE (user_id = ?)
15:11:34:271 DEBUG 36620 --- [http-nio-8082-exec-9] c.h.cart.mapper.CartMapper.selectList    : ==> Parameters: 1(Long)
15:11:34:295 DEBUG 36620 --- [http-nio-8082-exec-9] c.h.cart.mapper.CartMapper.selectList    : <==      Total: 1
15:11:34:297 DEBUG 36620 --- [http-nio-8082-exec-9] com.hmall.api.client.ItemClient          : [ItemClient#queryItemsByIds] ---> GET http://item-service/items?ids=100000006163 HTTP/1.1
15:11:34:297 DEBUG 36620 --- [http-nio-8082-exec-9] com.hmall.api.client.ItemClient          : [ItemClient#queryItemsByIds] user-id: 1
15:11:34:297 DEBUG 36620 --- [http-nio-8082-exec-9] com.hmall.api.client.ItemClient          : [ItemClient#queryItemsByIds] ---> END HTTP (0-byte body)
15:11:34:352 DEBUG 36620 --- [http-nio-8082-exec-9] com.hmall.api.client.ItemClient          : [ItemClient#queryItemsByIds] <--- HTTP/1.1 200  (55ms)
15:11:34:352 DEBUG 36620 --- [http-nio-8082-exec-9] com.hmall.api.client.ItemClient          : [ItemClient#queryItemsByIds] connection: keep-alive
15:11:34:352 DEBUG 36620 --- [http-nio-8082-exec-9] com.hmall.api.client.ItemClient          : [ItemClient#queryItemsByIds] content-type: application/json
15:11:34:352 DEBUG 36620 --- [http-nio-8082-exec-9] com.hmall.api.client.ItemClient          : [ItemClient#queryItemsByIds] date: Fri, 10 Apr 2026 07:11:34 GMT
15:11:34:353 DEBUG 36620 --- [http-nio-8082-exec-9] com.hmall.api.client.ItemClient          : [ItemClient#queryItemsByIds] keep-alive: timeout=60
15:11:34:353 DEBUG 36620 --- [http-nio-8082-exec-9] com.hmall.api.client.ItemClient          : [ItemClient#queryItemsByIds] transfer-encoding: chunked
15:11:34:353 DEBUG 36620 --- [http-nio-8082-exec-9] com.hmall.api.client.ItemClient          : [ItemClient#queryItemsByIds] 
15:11:34:353 DEBUG 36620 --- [http-nio-8082-exec-9] com.hmall.api.client.ItemClient          : [ItemClient#queryItemsByIds] [{"id":"100000006163","name":"巴布豆(BOBDOG)柔薄悦动婴儿拉拉裤XXL码80片(15kg以上)","price":67100,"stock":10000,"image":"https://m.360buyimg.com/mobilecms/s720x720_jfs/t23998/350/2363990466/222391/a6e9581d/5b7cba5bN0c18fb4f.jpg!q70.jpg.webp","category":"拉拉裤","brand":"巴布豆","spec":"{}","sold":11,"commentCount":33343434,"isAD":false,"status":2}]
15:11:34:354 DEBUG 36620 --- [http-nio-8082-exec-9] com.hmall.api.client.ItemClient          : [ItemClient#queryItemsByIds] <--- END HTTP (371-byte body)
15:11:47:185 DEBUG 36620 --- [http-nio-8082-exec-10] c.h.cart.mapper.CartMapper.deleteById    : ==>  Preparing: DELETE FROM cart WHERE id=?
15:11:47:185 DEBUG 36620 --- [http-nio-8082-exec-10] c.h.cart.mapper.CartMapper.deleteById    : ==> Parameters: 7(Long)
15:11:47:237 DEBUG 36620 --- [http-nio-8082-exec-10] c.h.cart.mapper.CartMapper.deleteById    : <==    Updates: 1
15:11:47:249 DEBUG 36620 --- [http-nio-8082-exec-1] c.h.cart.mapper.CartMapper.selectList    : ==>  Preparing: SELECT id,user_id,item_id,num,name,spec,price,image,create_time,update_time FROM cart WHERE (user_id = ?)
15:11:47:249 DEBUG 36620 --- [http-nio-8082-exec-1] c.h.cart.mapper.CartMapper.selectList    : ==> Parameters: 1(Long)
15:11:47:278 DEBUG 36620 --- [http-nio-8082-exec-1] c.h.cart.mapper.CartMapper.selectList    : <==      Total: 0
15:11:58:584 DEBUG 36620 --- [http-nio-8082-exec-4] c.h.cart.mapper.CartMapper.selectCount   : ==>  Preparing: SELECT COUNT( * ) FROM cart WHERE (user_id = ? AND item_id = ?)
15:11:58:585 DEBUG 36620 --- [http-nio-8082-exec-4] c.h.cart.mapper.CartMapper.selectCount   : ==> Parameters: 1(Long), 2120808(Long)
15:11:58:612 DEBUG 36620 --- [http-nio-8082-exec-4] c.h.cart.mapper.CartMapper.selectCount   : <==      Total: 1
15:11:58:614 DEBUG 36620 --- [http-nio-8082-exec-4] c.h.cart.mapper.CartMapper.selectCount   : ==>  Preparing: SELECT COUNT( * ) FROM cart WHERE (user_id = ?)
15:11:58:615 DEBUG 36620 --- [http-nio-8082-exec-4] c.h.cart.mapper.CartMapper.selectCount   : ==> Parameters: 1(Long)
15:11:58:636 DEBUG 36620 --- [http-nio-8082-exec-4] c.h.cart.mapper.CartMapper.selectCount   : <==      Total: 1
15:11:58:641 DEBUG 36620 --- [http-nio-8082-exec-4] com.hmall.cart.mapper.CartMapper.insert  : ==>  Preparing: INSERT INTO cart ( user_id, item_id, name, spec, price, image ) VALUES ( ?, ?, ?, ?, ?, ? )
15:11:58:642 DEBUG 36620 --- [http-nio-8082-exec-4] com.hmall.cart.mapper.CartMapper.insert  : ==> Parameters: 1(Long), 2120808(Long), 姬龙雪 guy laroche女包 GL经典手提包女牛皮大容量单肩包女欧美时尚包包女包GS1210001-06杏色(String), {}(String), 71800(Integer), https://m.360buyimg.com/mobilecms/s720x720_jfs/t30694/267/398774087/90954/6fc143cf/5bf25358N14dadbf7.jpg!q70.jpg.webp(String)
15:11:58:695 DEBUG 36620 --- [http-nio-8082-exec-4] com.hmall.cart.mapper.CartMapper.insert  : <==    Updates: 1
15:11:58:759 DEBUG 36620 --- [http-nio-8082-exec-3] c.h.cart.mapper.CartMapper.selectList    : ==>  Preparing: SELECT id,user_id,item_id,num,name,spec,price,image,create_time,update_time FROM cart WHERE (user_id = ?)
15:11:58:760 DEBUG 36620 --- [http-nio-8082-exec-3] c.h.cart.mapper.CartMapper.selectList    : ==> Parameters: 1(Long)
15:11:58:794 DEBUG 36620 --- [http-nio-8082-exec-3] c.h.cart.mapper.CartMapper.selectList    : <==      Total: 1
15:11:58:795 DEBUG 36620 --- [http-nio-8082-exec-3] com.hmall.api.client.ItemClient          : [ItemClient#queryItemsByIds] ---> GET http://item-service/items?ids=2120808 HTTP/1.1
15:11:58:795 DEBUG 36620 --- [http-nio-8082-exec-3] com.hmall.api.client.ItemClient          : [ItemClient#queryItemsByIds] user-id: 1
15:11:58:796 DEBUG 36620 --- [http-nio-8082-exec-3] com.hmall.api.client.ItemClient          : [ItemClient#queryItemsByIds] ---> END HTTP (0-byte body)
15:11:58:871 DEBUG 36620 --- [http-nio-8082-exec-3] com.hmall.api.client.ItemClient          : [ItemClient#queryItemsByIds] <--- HTTP/1.1 200  (75ms)
15:11:58:872 DEBUG 36620 --- [http-nio-8082-exec-3] com.hmall.api.client.ItemClient          : [ItemClient#queryItemsByIds] connection: keep-alive
15:11:58:872 DEBUG 36620 --- [http-nio-8082-exec-3] com.hmall.api.client.ItemClient          : [ItemClient#queryItemsByIds] content-type: application/json
15:11:58:872 DEBUG 36620 --- [http-nio-8082-exec-3] com.hmall.api.client.ItemClient          : [ItemClient#queryItemsByIds] date: Fri, 10 Apr 2026 07:11:58 GMT
15:11:58:872 DEBUG 36620 --- [http-nio-8082-exec-3] com.hmall.api.client.ItemClient          : [ItemClient#queryItemsByIds] keep-alive: timeout=60
15:11:58:872 DEBUG 36620 --- [http-nio-8082-exec-3] com.hmall.api.client.ItemClient          : [ItemClient#queryItemsByIds] transfer-encoding: chunked
15:11:58:872 DEBUG 36620 --- [http-nio-8082-exec-3] com.hmall.api.client.ItemClient          : [ItemClient#queryItemsByIds] 
15:11:58:872 DEBUG 36620 --- [http-nio-8082-exec-3] com.hmall.api.client.ItemClient          : [ItemClient#queryItemsByIds] [{"id":"2120808","name":"姬龙雪 guy laroche女包 GL经典手提包女牛皮大容量单肩包女欧美时尚包包女包GS1210001-06杏色","price":71800,"stock":1,"image":"https://m.360buyimg.com/mobilecms/s720x720_jfs/t30694/267/398774087/90954/6fc143cf/5bf25358N14dadbf7.jpg!q70.jpg.webp","category":"真皮包","brand":"姬龙雪","spec":"{}","sold":0,"commentCount":0,"isAD":false,"status":1}]
15:11:58:872 DEBUG 36620 --- [http-nio-8082-exec-3] com.hmall.api.client.ItemClient          : [ItemClient#queryItemsByIds] <--- END HTTP (402-byte body)
15:12:06:549 DEBUG 36620 --- [http-nio-8082-exec-2] com.hmall.cart.mapper.CartMapper.delete  : ==>  Preparing: DELETE FROM cart WHERE (user_id = ? AND item_id IN (?))
15:12:06:549 DEBUG 36620 --- [http-nio-8082-exec-2] com.hmall.cart.mapper.CartMapper.delete  : ==> Parameters: null, 2120808(Long)
15:12:06:597 DEBUG 36620 --- [http-nio-8082-exec-2] com.hmall.cart.mapper.CartMapper.delete  : <==    Updates: 0
15:12:40:123  WARN 36620 --- [Thread-4] c.a.nacos.common.notify.NotifyCenter     : [NotifyCenter] Start destroying Publisher
15:12:40:124  WARN 36620 --- [Thread-7] c.a.n.common.http.HttpClientBeanHolder   : [HttpClientBeanHolder] Start destroying common HttpClient
15:12:40:124  WARN 36620 --- [Thread-4] c.a.nacos.common.notify.NotifyCenter     : [NotifyCenter] Destruction of the end
15:12:40:125  WARN 36620 --- [Thread-7] c.a.n.common.http.HttpClientBeanHolder   : [HttpClientBeanHolder] Destruction of the end
15:12:41:183  INFO 36620 --- [SpringApplicationShutdownHook] c.a.c.n.registry.NacosServiceRegistry    : De-registering from Nacos Server now...
15:12:41:207  INFO 36620 --- [SpringApplicationShutdownHook] c.a.c.n.registry.NacosServiceRegistry    : De-registration finished.
15:12:41:529  INFO 36620 --- [SpringApplicationShutdownHook] com.alibaba.nacos.common.remote.client   : Shutdown rpc client, set status to shutdown
15:12:41:529  INFO 36620 --- [SpringApplicationShutdownHook] com.alibaba.nacos.common.remote.client   : Shutdown client event executor java.util.concurrent.ScheduledThreadPoolExecutor@11c85130[Running, pool size = 2, active threads = 2, queued tasks = 0, completed tasks = 0]
15:12:41:529  INFO 36620 --- [SpringApplicationShutdownHook] com.alibaba.nacos.common.remote.client   : Close current connection 1775804859677_119.251.158.154_46369
15:12:41:535  INFO 36620 --- [SpringApplicationShutdownHook] c.a.n.c.remote.client.grpc.GrpcClient    : Shutdown grpc executor java.util.concurrent.ThreadPoolExecutor@531451a7[Running, pool size = 3, active threads = 0, queued tasks = 0, completed tasks = 79]
15:12:41:538  INFO 36620 --- [SpringApplicationShutdownHook] com.zaxxer.hikari.HikariDataSource       : HikariPool-1 - Shutdown initiated...
15:12:51:543  INFO 36620 --- [SpringApplicationShutdownHook] com.zaxxer.hikari.HikariDataSource       : HikariPool-1 - Shutdown completed.
15:20:13:669  INFO 29024 --- [main] com.hmall.cart.CartApplication           : Starting CartApplication using Java 11.0.30 on LuciFer with PID 29024 (D:\microService\hmall\cart-service\target\classes started by 烽 in D:\microService\hmall)
15:20:13:672 DEBUG 29024 --- [main] com.hmall.cart.CartApplication           : Running with Spring Boot v2.7.12, Spring v5.3.27
15:20:13:672  INFO 29024 --- [main] com.hmall.cart.CartApplication           : The following 1 profile is active: "local"
15:20:14:802  INFO 29024 --- [main] .s.d.r.c.RepositoryConfigurationDelegate : Multiple Spring Data modules found, entering strict repository configuration mode
15:20:14:806  INFO 29024 --- [main] .s.d.r.c.RepositoryConfigurationDelegate : Bootstrapping Spring Data Redis repositories in DEFAULT mode.
15:20:14:832  INFO 29024 --- [main] .s.d.r.c.RepositoryConfigurationDelegate : Finished Spring Data repository scanning in 11 ms. Found 0 Redis repository interfaces.
15:20:15:121  INFO 29024 --- [main] o.s.cloud.context.scope.GenericScope     : BeanFactory id=aa2c9667-1a28-3f79-b52f-8370c3e5ad8e
15:20:15:614  INFO 29024 --- [main] o.s.b.w.embedded.tomcat.TomcatWebServer  : Tomcat initialized with port(s): 8082 (http)
15:20:15:626  INFO 29024 --- [main] o.apache.catalina.core.StandardService   : Starting service [Tomcat]
15:20:15:626  INFO 29024 --- [main] org.apache.catalina.core.StandardEngine  : Starting Servlet engine: [Apache Tomcat/9.0.75]
15:20:15:826  INFO 29024 --- [main] o.a.c.c.C.[Tomcat].[localhost].[/]       : Initializing Spring embedded WebApplicationContext
15:20:15:827  INFO 29024 --- [main] w.s.c.ServletWebServerApplicationContext : Root WebApplicationContext: initialization completed in 2100 ms
15:20:16:047  INFO 29024 --- [main] o.s.c.openfeign.FeignClientFactoryBean   : For 'item-service' URL not provided. Will try picking an instance via load-balancing.
15:20:22:700  INFO 29024 --- [main] pertySourcedRequestMappingHandlerMapping : Mapped URL path [/v2/api-docs] onto method [springfox.documentation.swagger2.web.Swagger2ControllerWebMvc#getDocumentation(String, HttpServletRequest)]
15:20:24:629  INFO 29024 --- [main] com.alibaba.nacos.common.remote.client   : [RpcClientFactory] create a new rpc client of 2edfa682-e40b-45b1-bc03-85b2716d7e18
15:20:24:688  INFO 29024 --- [main] org.reflections.Reflections              : Reflections took 34 ms to scan 1 urls, producing 3 keys and 6 values 
15:20:24:721  INFO 29024 --- [main] org.reflections.Reflections              : Reflections took 13 ms to scan 1 urls, producing 4 keys and 9 values 
15:20:24:738  INFO 29024 --- [main] org.reflections.Reflections              : Reflections took 13 ms to scan 1 urls, producing 3 keys and 10 values 
15:20:24:742  WARN 29024 --- [main] org.reflections.Reflections              : given scan urls are empty. set urls in the configuration
15:20:24:753  INFO 29024 --- [main] org.reflections.Reflections              : Reflections took 10 ms to scan 1 urls, producing 1 keys and 5 values 
15:20:24:769  INFO 29024 --- [main] org.reflections.Reflections              : Reflections took 13 ms to scan 1 urls, producing 1 keys and 7 values 
15:20:24:782  INFO 29024 --- [main] org.reflections.Reflections              : Reflections took 10 ms to scan 1 urls, producing 2 keys and 8 values 
15:20:24:787  WARN 29024 --- [main] org.reflections.Reflections              : given scan urls are empty. set urls in the configuration
15:20:24:788  INFO 29024 --- [main] com.alibaba.nacos.common.remote.client   : [2edfa682-e40b-45b1-bc03-85b2716d7e18] RpcClient init label, labels = {module=naming, source=sdk}
15:20:24:790  INFO 29024 --- [main] com.alibaba.nacos.common.remote.client   : [2edfa682-e40b-45b1-bc03-85b2716d7e18] RpcClient init, ServerListFactory = com.alibaba.nacos.client.naming.core.ServerListManager
15:20:24:791  INFO 29024 --- [main] com.alibaba.nacos.common.remote.client   : [2edfa682-e40b-45b1-bc03-85b2716d7e18] Registry connection listener to current client:com.alibaba.nacos.client.naming.remote.gprc.redo.NamingGrpcRedoService
15:20:24:792  INFO 29024 --- [main] com.alibaba.nacos.common.remote.client   : [2edfa682-e40b-45b1-bc03-85b2716d7e18] Register server push request handler:com.alibaba.nacos.client.naming.remote.gprc.NamingPushRequestHandler
15:20:24:794  INFO 29024 --- [main] com.alibaba.nacos.common.remote.client   : [2edfa682-e40b-45b1-bc03-85b2716d7e18] Try to connect to server on start up, server: {serverIp = '47.93.37.97', server main port = 8848}
15:20:28:530  INFO 29024 --- [main] com.alibaba.nacos.common.remote.client   : [2edfa682-e40b-45b1-bc03-85b2716d7e18] Success to connect to server [47.93.37.97:8848] on start up, connectionId = 1775805634335_119.251.158.154_46905
15:20:28:530  INFO 29024 --- [com.alibaba.nacos.client.remote.worker] com.alibaba.nacos.common.remote.client   : [2edfa682-e40b-45b1-bc03-85b2716d7e18] Notify connected event to listeners.
15:20:28:531  INFO 29024 --- [main] com.alibaba.nacos.common.remote.client   : [2edfa682-e40b-45b1-bc03-85b2716d7e18] Register server push request handler:com.alibaba.nacos.common.remote.client.RpcClient$ConnectResetRequestHandler
15:20:28:531  INFO 29024 --- [main] com.alibaba.nacos.common.remote.client   : [2edfa682-e40b-45b1-bc03-85b2716d7e18] Register server push request handler:com.alibaba.nacos.common.remote.client.RpcClient$$Lambda$1130/0x0000000840797c40
15:20:28:611  INFO 29024 --- [main] o.s.b.w.embedded.tomcat.TomcatWebServer  : Tomcat started on port(s): 8082 (http) with context path ''
15:20:28:652  INFO 29024 --- [main] c.a.c.n.registry.NacosServiceRegistry    : nacos registry, DEFAULT_GROUP cart-service 192.168.217.1:8082 register finished
15:20:29:129  INFO 29024 --- [nacos-grpc-client-executor-10] com.alibaba.nacos.common.remote.client   : [2edfa682-e40b-45b1-bc03-85b2716d7e18] Receive server push request, request = NotifySubscriberRequest, requestId = 253
15:20:29:133  INFO 29024 --- [nacos-grpc-client-executor-10] com.alibaba.nacos.common.remote.client   : [2edfa682-e40b-45b1-bc03-85b2716d7e18] Ack server push request, request = NotifySubscriberRequest, requestId = 253
15:20:30:905  INFO 29024 --- [main] o.s.cloud.commons.util.InetUtils         : Cannot determine local hostname
15:20:30:905  INFO 29024 --- [main] d.s.w.p.DocumentationPluginsBootstrapper : Documentation plugins bootstrapped
15:20:30:908  INFO 29024 --- [main] d.s.w.p.DocumentationPluginsBootstrapper : Found 1 custom documentation plugin(s)
15:20:30:927  INFO 29024 --- [main] s.d.s.w.s.ApiListingReferenceScanner     : Scanning for api listing references
15:20:30:999  INFO 29024 --- [main] com.hmall.cart.CartApplication           : Started CartApplication in 20.576 seconds (JVM running for 22.608)
15:20:57:369  INFO 29024 --- [http-nio-8082-exec-1] o.a.c.c.C.[Tomcat].[localhost].[/]       : Initializing Spring DispatcherServlet 'dispatcherServlet'
15:20:57:370  INFO 29024 --- [http-nio-8082-exec-1] o.s.web.servlet.DispatcherServlet        : Initializing Servlet 'dispatcherServlet'
15:20:57:374  INFO 29024 --- [http-nio-8082-exec-1] o.s.web.servlet.DispatcherServlet        : Completed initialization in 4 ms
15:20:57:505  INFO 29024 --- [http-nio-8082-exec-1] com.zaxxer.hikari.HikariDataSource       : HikariPool-1 - Starting...
15:20:58:100  INFO 29024 --- [http-nio-8082-exec-1] com.zaxxer.hikari.HikariDataSource       : HikariPool-1 - Start completed.
15:20:58:108 DEBUG 29024 --- [http-nio-8082-exec-1] c.h.cart.mapper.CartMapper.selectList    : ==>  Preparing: SELECT id,user_id,item_id,num,name,spec,price,image,create_time,update_time FROM cart WHERE (user_id = ?)
15:20:58:132 DEBUG 29024 --- [http-nio-8082-exec-1] c.h.cart.mapper.CartMapper.selectList    : ==> Parameters: 2(Long)
15:20:58:188 DEBUG 29024 --- [http-nio-8082-exec-1] c.h.cart.mapper.CartMapper.selectList    : <==      Total: 1
15:20:58:245 DEBUG 29024 --- [http-nio-8082-exec-1] com.hmall.api.client.ItemClient          : [ItemClient#queryItemsByIds] ---> GET http://item-service/items?ids=317578 HTTP/1.1
15:20:58:246 DEBUG 29024 --- [http-nio-8082-exec-1] com.hmall.api.client.ItemClient          : [ItemClient#queryItemsByIds] user-info: 2
15:20:58:246 DEBUG 29024 --- [http-nio-8082-exec-1] com.hmall.api.client.ItemClient          : [ItemClient#queryItemsByIds] ---> END HTTP (0-byte body)
15:20:58:967  INFO 29024 --- [nacos-grpc-client-executor-21] com.alibaba.nacos.common.remote.client   : [2edfa682-e40b-45b1-bc03-85b2716d7e18] Receive server push request, request = NotifySubscriberRequest, requestId = 261
15:20:58:968  INFO 29024 --- [nacos-grpc-client-executor-21] com.alibaba.nacos.common.remote.client   : [2edfa682-e40b-45b1-bc03-85b2716d7e18] Ack server push request, request = NotifySubscriberRequest, requestId = 261
15:20:59:367 DEBUG 29024 --- [http-nio-8082-exec-1] com.hmall.api.client.ItemClient          : [ItemClient#queryItemsByIds] <--- HTTP/1.1 200  (1121ms)
15:20:59:367 DEBUG 29024 --- [http-nio-8082-exec-1] com.hmall.api.client.ItemClient          : [ItemClient#queryItemsByIds] connection: keep-alive
15:20:59:367 DEBUG 29024 --- [http-nio-8082-exec-1] com.hmall.api.client.ItemClient          : [ItemClient#queryItemsByIds] content-type: application/json
15:20:59:367 DEBUG 29024 --- [http-nio-8082-exec-1] com.hmall.api.client.ItemClient          : [ItemClient#queryItemsByIds] date: Fri, 10 Apr 2026 07:20:59 GMT
15:20:59:368 DEBUG 29024 --- [http-nio-8082-exec-1] com.hmall.api.client.ItemClient          : [ItemClient#queryItemsByIds] keep-alive: timeout=60
15:20:59:368 DEBUG 29024 --- [http-nio-8082-exec-1] com.hmall.api.client.ItemClient          : [ItemClient#queryItemsByIds] transfer-encoding: chunked
15:20:59:368 DEBUG 29024 --- [http-nio-8082-exec-1] com.hmall.api.client.ItemClient          : [ItemClient#queryItemsByIds] 
15:20:59:369 DEBUG 29024 --- [http-nio-8082-exec-1] com.hmall.api.client.ItemClient          : [ItemClient#queryItemsByIds] [{"id":"317578","name":"RIMOWA 21寸托运箱拉杆箱 SALSA AIR系列果绿色 820.70.36.4","price":28900,"stock":9983,"image":"https://m.360buyimg.com/mobilecms/s720x720_jfs/t6934/364/1195375010/84676/e9f2c55f/597ece38N0ddcbc77.jpg!q70.jpg.webp","category":"拉杆箱","brand":"RIMOWA","spec":"{\"颜色\": \"红色\", \"尺码\": \"21寸\"}","sold":0,"commentCount":0,"isAD":false,"status":1}]
15:20:59:369 DEBUG 29024 --- [http-nio-8082-exec-1] com.hmall.api.client.ItemClient          : [ItemClient#queryItemsByIds] <--- END HTTP (396-byte body)
15:20:59:453 DEBUG 29024 --- [http-nio-8082-exec-2] c.h.cart.mapper.CartMapper.selectList    : ==>  Preparing: SELECT id,user_id,item_id,num,name,spec,price,image,create_time,update_time FROM cart WHERE (user_id = ?)
15:20:59:453 DEBUG 29024 --- [http-nio-8082-exec-2] c.h.cart.mapper.CartMapper.selectList    : ==> Parameters: 2(Long)
15:20:59:478 DEBUG 29024 --- [http-nio-8082-exec-2] c.h.cart.mapper.CartMapper.selectList    : <==      Total: 1
15:20:59:480 DEBUG 29024 --- [http-nio-8082-exec-2] com.hmall.api.client.ItemClient          : [ItemClient#queryItemsByIds] ---> GET http://item-service/items?ids=317578 HTTP/1.1
15:20:59:480 DEBUG 29024 --- [http-nio-8082-exec-2] com.hmall.api.client.ItemClient          : [ItemClient#queryItemsByIds] user-info: 2
15:20:59:480 DEBUG 29024 --- [http-nio-8082-exec-2] com.hmall.api.client.ItemClient          : [ItemClient#queryItemsByIds] ---> END HTTP (0-byte body)
15:20:59:515 DEBUG 29024 --- [http-nio-8082-exec-2] com.hmall.api.client.ItemClient          : [ItemClient#queryItemsByIds] <--- HTTP/1.1 200  (35ms)
15:20:59:516 DEBUG 29024 --- [http-nio-8082-exec-2] com.hmall.api.client.ItemClient          : [ItemClient#queryItemsByIds] connection: keep-alive
15:20:59:516 DEBUG 29024 --- [http-nio-8082-exec-2] com.hmall.api.client.ItemClient          : [ItemClient#queryItemsByIds] content-type: application/json
15:20:59:516 DEBUG 29024 --- [http-nio-8082-exec-2] com.hmall.api.client.ItemClient          : [ItemClient#queryItemsByIds] date: Fri, 10 Apr 2026 07:20:59 GMT
15:20:59:516 DEBUG 29024 --- [http-nio-8082-exec-2] com.hmall.api.client.ItemClient          : [ItemClient#queryItemsByIds] keep-alive: timeout=60
15:20:59:516 DEBUG 29024 --- [http-nio-8082-exec-2] com.hmall.api.client.ItemClient          : [ItemClient#queryItemsByIds] transfer-encoding: chunked
15:20:59:516 DEBUG 29024 --- [http-nio-8082-exec-2] com.hmall.api.client.ItemClient          : [ItemClient#queryItemsByIds] 
15:20:59:516 DEBUG 29024 --- [http-nio-8082-exec-2] com.hmall.api.client.ItemClient          : [ItemClient#queryItemsByIds] [{"id":"317578","name":"RIMOWA 21寸托运箱拉杆箱 SALSA AIR系列果绿色 820.70.36.4","price":28900,"stock":9983,"image":"https://m.360buyimg.com/mobilecms/s720x720_jfs/t6934/364/1195375010/84676/e9f2c55f/597ece38N0ddcbc77.jpg!q70.jpg.webp","category":"拉杆箱","brand":"RIMOWA","spec":"{\"颜色\": \"红色\", \"尺码\": \"21寸\"}","sold":0,"commentCount":0,"isAD":false,"status":1}]
15:20:59:516 DEBUG 29024 --- [http-nio-8082-exec-2] com.hmall.api.client.ItemClient          : [ItemClient#queryItemsByIds] <--- END HTTP (396-byte body)
15:21:03:664 DEBUG 29024 --- [http-nio-8082-exec-3] com.hmall.cart.mapper.CartMapper.delete  : ==>  Preparing: DELETE FROM cart WHERE (user_id = ? AND item_id IN (?))
15:21:03:666 DEBUG 29024 --- [http-nio-8082-exec-3] com.hmall.cart.mapper.CartMapper.delete  : ==> Parameters: null, 317578(Long)
15:21:03:719 DEBUG 29024 --- [http-nio-8082-exec-3] com.hmall.cart.mapper.CartMapper.delete  : <==    Updates: 0
15:21:08:539 DEBUG 29024 --- [http-nio-8082-exec-4] c.h.cart.mapper.CartMapper.selectList    : ==>  Preparing: SELECT id,user_id,item_id,num,name,spec,price,image,create_time,update_time FROM cart WHERE (user_id = ?)
15:21:08:539 DEBUG 29024 --- [http-nio-8082-exec-4] c.h.cart.mapper.CartMapper.selectList    : ==> Parameters: 2(Long)
15:21:08:567 DEBUG 29024 --- [http-nio-8082-exec-4] c.h.cart.mapper.CartMapper.selectList    : <==      Total: 1
15:21:08:568 DEBUG 29024 --- [http-nio-8082-exec-4] com.hmall.api.client.ItemClient          : [ItemClient#queryItemsByIds] ---> GET http://item-service/items?ids=317578 HTTP/1.1
15:21:08:568 DEBUG 29024 --- [http-nio-8082-exec-4] com.hmall.api.client.ItemClient          : [ItemClient#queryItemsByIds] user-info: 2
15:21:08:568 DEBUG 29024 --- [http-nio-8082-exec-4] com.hmall.api.client.ItemClient          : [ItemClient#queryItemsByIds] ---> END HTTP (0-byte body)
15:21:08:623 DEBUG 29024 --- [http-nio-8082-exec-4] com.hmall.api.client.ItemClient          : [ItemClient#queryItemsByIds] <--- HTTP/1.1 200  (54ms)
15:21:08:623 DEBUG 29024 --- [http-nio-8082-exec-4] com.hmall.api.client.ItemClient          : [ItemClient#queryItemsByIds] connection: keep-alive
15:21:08:623 DEBUG 29024 --- [http-nio-8082-exec-4] com.hmall.api.client.ItemClient          : [ItemClient#queryItemsByIds] content-type: application/json
15:21:08:623 DEBUG 29024 --- [http-nio-8082-exec-4] com.hmall.api.client.ItemClient          : [ItemClient#queryItemsByIds] date: Fri, 10 Apr 2026 07:21:08 GMT
15:21:08:623 DEBUG 29024 --- [http-nio-8082-exec-4] com.hmall.api.client.ItemClient          : [ItemClient#queryItemsByIds] keep-alive: timeout=60
15:21:08:623 DEBUG 29024 --- [http-nio-8082-exec-4] com.hmall.api.client.ItemClient          : [ItemClient#queryItemsByIds] transfer-encoding: chunked
15:21:08:624 DEBUG 29024 --- [http-nio-8082-exec-4] com.hmall.api.client.ItemClient          : [ItemClient#queryItemsByIds] 
15:21:08:624 DEBUG 29024 --- [http-nio-8082-exec-4] com.hmall.api.client.ItemClient          : [ItemClient#queryItemsByIds] [{"id":"317578","name":"RIMOWA 21寸托运箱拉杆箱 SALSA AIR系列果绿色 820.70.36.4","price":28900,"stock":9980,"image":"https://m.360buyimg.com/mobilecms/s720x720_jfs/t6934/364/1195375010/84676/e9f2c55f/597ece38N0ddcbc77.jpg!q70.jpg.webp","category":"拉杆箱","brand":"RIMOWA","spec":"{\"颜色\": \"红色\", \"尺码\": \"21寸\"}","sold":0,"commentCount":0,"isAD":false,"status":1}]
15:21:08:624 DEBUG 29024 --- [http-nio-8082-exec-4] com.hmall.api.client.ItemClient          : [ItemClient#queryItemsByIds] <--- END HTTP (396-byte body)
15:21:10:510 DEBUG 29024 --- [http-nio-8082-exec-7] c.h.cart.mapper.CartMapper.selectList    : ==>  Preparing: SELECT id,user_id,item_id,num,name,spec,price,image,create_time,update_time FROM cart WHERE (user_id = ?)
15:21:10:511 DEBUG 29024 --- [http-nio-8082-exec-7] c.h.cart.mapper.CartMapper.selectList    : ==> Parameters: 2(Long)
15:21:10:540 DEBUG 29024 --- [http-nio-8082-exec-7] c.h.cart.mapper.CartMapper.selectList    : <==      Total: 1
15:21:10:541 DEBUG 29024 --- [http-nio-8082-exec-7] com.hmall.api.client.ItemClient          : [ItemClient#queryItemsByIds] ---> GET http://item-service/items?ids=317578 HTTP/1.1
15:21:10:541 DEBUG 29024 --- [http-nio-8082-exec-7] com.hmall.api.client.ItemClient          : [ItemClient#queryItemsByIds] user-info: 2
15:21:10:541 DEBUG 29024 --- [http-nio-8082-exec-7] com.hmall.api.client.ItemClient          : [ItemClient#queryItemsByIds] ---> END HTTP (0-byte body)
15:21:10:595 DEBUG 29024 --- [http-nio-8082-exec-7] com.hmall.api.client.ItemClient          : [ItemClient#queryItemsByIds] <--- HTTP/1.1 200  (53ms)
15:21:10:596 DEBUG 29024 --- [http-nio-8082-exec-7] com.hmall.api.client.ItemClient          : [ItemClient#queryItemsByIds] connection: keep-alive
15:21:10:596 DEBUG 29024 --- [http-nio-8082-exec-7] com.hmall.api.client.ItemClient          : [ItemClient#queryItemsByIds] content-type: application/json
15:21:10:596 DEBUG 29024 --- [http-nio-8082-exec-7] com.hmall.api.client.ItemClient          : [ItemClient#queryItemsByIds] date: Fri, 10 Apr 2026 07:21:10 GMT
15:21:10:596 DEBUG 29024 --- [http-nio-8082-exec-7] com.hmall.api.client.ItemClient          : [ItemClient#queryItemsByIds] keep-alive: timeout=60
15:21:10:596 DEBUG 29024 --- [http-nio-8082-exec-7] com.hmall.api.client.ItemClient          : [ItemClient#queryItemsByIds] transfer-encoding: chunked
15:21:10:596 DEBUG 29024 --- [http-nio-8082-exec-7] com.hmall.api.client.ItemClient          : [ItemClient#queryItemsByIds] 
15:21:10:596 DEBUG 29024 --- [http-nio-8082-exec-7] com.hmall.api.client.ItemClient          : [ItemClient#queryItemsByIds] [{"id":"317578","name":"RIMOWA 21寸托运箱拉杆箱 SALSA AIR系列果绿色 820.70.36.4","price":28900,"stock":9980,"image":"https://m.360buyimg.com/mobilecms/s720x720_jfs/t6934/364/1195375010/84676/e9f2c55f/597ece38N0ddcbc77.jpg!q70.jpg.webp","category":"拉杆箱","brand":"RIMOWA","spec":"{\"颜色\": \"红色\", \"尺码\": \"21寸\"}","sold":0,"commentCount":0,"isAD":false,"status":1}]
15:21:10:596 DEBUG 29024 --- [http-nio-8082-exec-7] com.hmall.api.client.ItemClient          : [ItemClient#queryItemsByIds] <--- END HTTP (396-byte body)
15:21:11:330 DEBUG 29024 --- [http-nio-8082-exec-6] c.h.cart.mapper.CartMapper.selectList    : ==>  Preparing: SELECT id,user_id,item_id,num,name,spec,price,image,create_time,update_time FROM cart WHERE (user_id = ?)
15:21:11:330 DEBUG 29024 --- [http-nio-8082-exec-6] c.h.cart.mapper.CartMapper.selectList    : ==> Parameters: 2(Long)
15:21:11:362 DEBUG 29024 --- [http-nio-8082-exec-6] c.h.cart.mapper.CartMapper.selectList    : <==      Total: 1
15:21:11:363 DEBUG 29024 --- [http-nio-8082-exec-6] com.hmall.api.client.ItemClient          : [ItemClient#queryItemsByIds] ---> GET http://item-service/items?ids=317578 HTTP/1.1
15:21:11:363 DEBUG 29024 --- [http-nio-8082-exec-6] com.hmall.api.client.ItemClient          : [ItemClient#queryItemsByIds] user-info: 2
15:21:11:363 DEBUG 29024 --- [http-nio-8082-exec-6] com.hmall.api.client.ItemClient          : [ItemClient#queryItemsByIds] ---> END HTTP (0-byte body)
15:21:11:425 DEBUG 29024 --- [http-nio-8082-exec-6] com.hmall.api.client.ItemClient          : [ItemClient#queryItemsByIds] <--- HTTP/1.1 200  (61ms)
15:21:11:425 DEBUG 29024 --- [http-nio-8082-exec-6] com.hmall.api.client.ItemClient          : [ItemClient#queryItemsByIds] connection: keep-alive
15:21:11:425 DEBUG 29024 --- [http-nio-8082-exec-6] com.hmall.api.client.ItemClient          : [ItemClient#queryItemsByIds] content-type: application/json
15:21:11:425 DEBUG 29024 --- [http-nio-8082-exec-6] com.hmall.api.client.ItemClient          : [ItemClient#queryItemsByIds] date: Fri, 10 Apr 2026 07:21:10 GMT
15:21:11:425 DEBUG 29024 --- [http-nio-8082-exec-6] com.hmall.api.client.ItemClient          : [ItemClient#queryItemsByIds] keep-alive: timeout=60
15:21:11:425 DEBUG 29024 --- [http-nio-8082-exec-6] com.hmall.api.client.ItemClient          : [ItemClient#queryItemsByIds] transfer-encoding: chunked
15:21:11:425 DEBUG 29024 --- [http-nio-8082-exec-6] com.hmall.api.client.ItemClient          : [ItemClient#queryItemsByIds] 
15:21:11:425 DEBUG 29024 --- [http-nio-8082-exec-6] com.hmall.api.client.ItemClient          : [ItemClient#queryItemsByIds] [{"id":"317578","name":"RIMOWA 21寸托运箱拉杆箱 SALSA AIR系列果绿色 820.70.36.4","price":28900,"stock":9980,"image":"https://m.360buyimg.com/mobilecms/s720x720_jfs/t6934/364/1195375010/84676/e9f2c55f/597ece38N0ddcbc77.jpg!q70.jpg.webp","category":"拉杆箱","brand":"RIMOWA","spec":"{\"颜色\": \"红色\", \"尺码\": \"21寸\"}","sold":0,"commentCount":0,"isAD":false,"status":1}]
15:21:11:426 DEBUG 29024 --- [http-nio-8082-exec-6] com.hmall.api.client.ItemClient          : [ItemClient#queryItemsByIds] <--- END HTTP (396-byte body)
15:21:14:230 DEBUG 29024 --- [http-nio-8082-exec-5] c.h.cart.mapper.CartMapper.selectList    : ==>  Preparing: SELECT id,user_id,item_id,num,name,spec,price,image,create_time,update_time FROM cart WHERE (user_id = ?)
15:21:14:230 DEBUG 29024 --- [http-nio-8082-exec-5] c.h.cart.mapper.CartMapper.selectList    : ==> Parameters: 2(Long)
15:21:14:274 DEBUG 29024 --- [http-nio-8082-exec-5] c.h.cart.mapper.CartMapper.selectList    : <==      Total: 1
15:21:14:275 DEBUG 29024 --- [http-nio-8082-exec-5] com.hmall.api.client.ItemClient          : [ItemClient#queryItemsByIds] ---> GET http://item-service/items?ids=317578 HTTP/1.1
15:21:14:275 DEBUG 29024 --- [http-nio-8082-exec-5] com.hmall.api.client.ItemClient          : [ItemClient#queryItemsByIds] user-info: 2
15:21:14:275 DEBUG 29024 --- [http-nio-8082-exec-5] com.hmall.api.client.ItemClient          : [ItemClient#queryItemsByIds] ---> END HTTP (0-byte body)
15:21:14:332 DEBUG 29024 --- [http-nio-8082-exec-5] com.hmall.api.client.ItemClient          : [ItemClient#queryItemsByIds] <--- HTTP/1.1 200  (57ms)
15:21:14:332 DEBUG 29024 --- [http-nio-8082-exec-5] com.hmall.api.client.ItemClient          : [ItemClient#queryItemsByIds] connection: keep-alive
15:21:14:332 DEBUG 29024 --- [http-nio-8082-exec-5] com.hmall.api.client.ItemClient          : [ItemClient#queryItemsByIds] content-type: application/json
15:21:14:332 DEBUG 29024 --- [http-nio-8082-exec-5] com.hmall.api.client.ItemClient          : [ItemClient#queryItemsByIds] date: Fri, 10 Apr 2026 07:21:14 GMT
15:21:14:332 DEBUG 29024 --- [http-nio-8082-exec-5] com.hmall.api.client.ItemClient          : [ItemClient#queryItemsByIds] keep-alive: timeout=60
15:21:14:332 DEBUG 29024 --- [http-nio-8082-exec-5] com.hmall.api.client.ItemClient          : [ItemClient#queryItemsByIds] transfer-encoding: chunked
15:21:14:332 DEBUG 29024 --- [http-nio-8082-exec-5] com.hmall.api.client.ItemClient          : [ItemClient#queryItemsByIds] 
15:21:14:332 DEBUG 29024 --- [http-nio-8082-exec-5] com.hmall.api.client.ItemClient          : [ItemClient#queryItemsByIds] [{"id":"317578","name":"RIMOWA 21寸托运箱拉杆箱 SALSA AIR系列果绿色 820.70.36.4","price":28900,"stock":9980,"image":"https://m.360buyimg.com/mobilecms/s720x720_jfs/t6934/364/1195375010/84676/e9f2c55f/597ece38N0ddcbc77.jpg!q70.jpg.webp","category":"拉杆箱","brand":"RIMOWA","spec":"{\"颜色\": \"红色\", \"尺码\": \"21寸\"}","sold":0,"commentCount":0,"isAD":false,"status":1}]
15:21:14:332 DEBUG 29024 --- [http-nio-8082-exec-5] com.hmall.api.client.ItemClient          : [ItemClient#queryItemsByIds] <--- END HTTP (396-byte body)
15:21:15:397 DEBUG 29024 --- [http-nio-8082-exec-8] c.h.cart.mapper.CartMapper.selectList    : ==>  Preparing: SELECT id,user_id,item_id,num,name,spec,price,image,create_time,update_time FROM cart WHERE (user_id = ?)
15:21:15:397 DEBUG 29024 --- [http-nio-8082-exec-8] c.h.cart.mapper.CartMapper.selectList    : ==> Parameters: 2(Long)
15:21:15:427 DEBUG 29024 --- [http-nio-8082-exec-8] c.h.cart.mapper.CartMapper.selectList    : <==      Total: 1
15:21:15:427 DEBUG 29024 --- [http-nio-8082-exec-8] com.hmall.api.client.ItemClient          : [ItemClient#queryItemsByIds] ---> GET http://item-service/items?ids=317578 HTTP/1.1
15:21:15:428 DEBUG 29024 --- [http-nio-8082-exec-8] com.hmall.api.client.ItemClient          : [ItemClient#queryItemsByIds] user-info: 2
15:21:15:428 DEBUG 29024 --- [http-nio-8082-exec-8] com.hmall.api.client.ItemClient          : [ItemClient#queryItemsByIds] ---> END HTTP (0-byte body)
15:21:15:482 DEBUG 29024 --- [http-nio-8082-exec-8] com.hmall.api.client.ItemClient          : [ItemClient#queryItemsByIds] <--- HTTP/1.1 200  (54ms)
15:21:15:483 DEBUG 29024 --- [http-nio-8082-exec-8] com.hmall.api.client.ItemClient          : [ItemClient#queryItemsByIds] connection: keep-alive
15:21:15:483 DEBUG 29024 --- [http-nio-8082-exec-8] com.hmall.api.client.ItemClient          : [ItemClient#queryItemsByIds] content-type: application/json
15:21:15:483 DEBUG 29024 --- [http-nio-8082-exec-8] com.hmall.api.client.ItemClient          : [ItemClient#queryItemsByIds] date: Fri, 10 Apr 2026 07:21:15 GMT
15:21:15:483 DEBUG 29024 --- [http-nio-8082-exec-8] com.hmall.api.client.ItemClient          : [ItemClient#queryItemsByIds] keep-alive: timeout=60
15:21:15:483 DEBUG 29024 --- [http-nio-8082-exec-8] com.hmall.api.client.ItemClient          : [ItemClient#queryItemsByIds] transfer-encoding: chunked
15:21:15:483 DEBUG 29024 --- [http-nio-8082-exec-8] com.hmall.api.client.ItemClient          : [ItemClient#queryItemsByIds] 
15:21:15:483 DEBUG 29024 --- [http-nio-8082-exec-8] com.hmall.api.client.ItemClient          : [ItemClient#queryItemsByIds] [{"id":"317578","name":"RIMOWA 21寸托运箱拉杆箱 SALSA AIR系列果绿色 820.70.36.4","price":28900,"stock":9980,"image":"https://m.360buyimg.com/mobilecms/s720x720_jfs/t6934/364/1195375010/84676/e9f2c55f/597ece38N0ddcbc77.jpg!q70.jpg.webp","category":"拉杆箱","brand":"RIMOWA","spec":"{\"颜色\": \"红色\", \"尺码\": \"21寸\"}","sold":0,"commentCount":0,"isAD":false,"status":1}]
15:21:15:483 DEBUG 29024 --- [http-nio-8082-exec-8] com.hmall.api.client.ItemClient          : [ItemClient#queryItemsByIds] <--- END HTTP (396-byte body)
15:22:05:906 DEBUG 29024 --- [http-nio-8082-exec-10] c.h.cart.mapper.CartMapper.selectList    : ==>  Preparing: SELECT id,user_id,item_id,num,name,spec,price,image,create_time,update_time FROM cart WHERE (user_id = ?)
15:22:05:907 DEBUG 29024 --- [http-nio-8082-exec-10] c.h.cart.mapper.CartMapper.selectList    : ==> Parameters: 2(Long)
15:22:05:936 DEBUG 29024 --- [http-nio-8082-exec-10] c.h.cart.mapper.CartMapper.selectList    : <==      Total: 1
15:22:05:937 DEBUG 29024 --- [http-nio-8082-exec-10] com.hmall.api.client.ItemClient          : [ItemClient#queryItemsByIds] ---> GET http://item-service/items?ids=317578 HTTP/1.1
15:22:05:938 DEBUG 29024 --- [http-nio-8082-exec-10] com.hmall.api.client.ItemClient          : [ItemClient#queryItemsByIds] user-info: 2
15:22:05:938 DEBUG 29024 --- [http-nio-8082-exec-10] com.hmall.api.client.ItemClient          : [ItemClient#queryItemsByIds] ---> END HTTP (0-byte body)
15:22:05:995 DEBUG 29024 --- [http-nio-8082-exec-10] com.hmall.api.client.ItemClient          : [ItemClient#queryItemsByIds] <--- HTTP/1.1 200  (57ms)
15:22:05:995 DEBUG 29024 --- [http-nio-8082-exec-10] com.hmall.api.client.ItemClient          : [ItemClient#queryItemsByIds] connection: keep-alive
15:22:05:995 DEBUG 29024 --- [http-nio-8082-exec-10] com.hmall.api.client.ItemClient          : [ItemClient#queryItemsByIds] content-type: application/json
15:22:05:995 DEBUG 29024 --- [http-nio-8082-exec-10] com.hmall.api.client.ItemClient          : [ItemClient#queryItemsByIds] date: Fri, 10 Apr 2026 07:22:05 GMT
15:22:05:995 DEBUG 29024 --- [http-nio-8082-exec-10] com.hmall.api.client.ItemClient          : [ItemClient#queryItemsByIds] keep-alive: timeout=60
15:22:05:995 DEBUG 29024 --- [http-nio-8082-exec-10] com.hmall.api.client.ItemClient          : [ItemClient#queryItemsByIds] transfer-encoding: chunked
15:22:05:995 DEBUG 29024 --- [http-nio-8082-exec-10] com.hmall.api.client.ItemClient          : [ItemClient#queryItemsByIds] 
15:22:05:996 DEBUG 29024 --- [http-nio-8082-exec-10] com.hmall.api.client.ItemClient          : [ItemClient#queryItemsByIds] [{"id":"317578","name":"RIMOWA 21寸托运箱拉杆箱 SALSA AIR系列果绿色 820.70.36.4","price":28900,"stock":9980,"image":"https://m.360buyimg.com/mobilecms/s720x720_jfs/t6934/364/1195375010/84676/e9f2c55f/597ece38N0ddcbc77.jpg!q70.jpg.webp","category":"拉杆箱","brand":"RIMOWA","spec":"{\"颜色\": \"红色\", \"尺码\": \"21寸\"}","sold":0,"commentCount":0,"isAD":false,"status":1}]
15:22:05:996 DEBUG 29024 --- [http-nio-8082-exec-10] com.hmall.api.client.ItemClient          : [ItemClient#queryItemsByIds] <--- END HTTP (396-byte body)
15:22:08:119 DEBUG 29024 --- [http-nio-8082-exec-1] c.h.cart.mapper.CartMapper.selectList    : ==>  Preparing: SELECT id,user_id,item_id,num,name,spec,price,image,create_time,update_time FROM cart WHERE (user_id = ?)
15:22:08:121 DEBUG 29024 --- [http-nio-8082-exec-1] c.h.cart.mapper.CartMapper.selectList    : ==> Parameters: 2(Long)
15:22:08:151 DEBUG 29024 --- [http-nio-8082-exec-1] c.h.cart.mapper.CartMapper.selectList    : <==      Total: 1
15:22:08:152 DEBUG 29024 --- [http-nio-8082-exec-1] com.hmall.api.client.ItemClient          : [ItemClient#queryItemsByIds] ---> GET http://item-service/items?ids=317578 HTTP/1.1
15:22:08:152 DEBUG 29024 --- [http-nio-8082-exec-1] com.hmall.api.client.ItemClient          : [ItemClient#queryItemsByIds] user-info: 2
15:22:08:152 DEBUG 29024 --- [http-nio-8082-exec-1] com.hmall.api.client.ItemClient          : [ItemClient#queryItemsByIds] ---> END HTTP (0-byte body)
15:22:08:207 DEBUG 29024 --- [http-nio-8082-exec-1] com.hmall.api.client.ItemClient          : [ItemClient#queryItemsByIds] <--- HTTP/1.1 200  (54ms)
15:22:08:207 DEBUG 29024 --- [http-nio-8082-exec-1] com.hmall.api.client.ItemClient          : [ItemClient#queryItemsByIds] connection: keep-alive
15:22:08:207 DEBUG 29024 --- [http-nio-8082-exec-1] com.hmall.api.client.ItemClient          : [ItemClient#queryItemsByIds] content-type: application/json
15:22:08:207 DEBUG 29024 --- [http-nio-8082-exec-1] com.hmall.api.client.ItemClient          : [ItemClient#queryItemsByIds] date: Fri, 10 Apr 2026 07:22:08 GMT
15:22:08:207 DEBUG 29024 --- [http-nio-8082-exec-1] com.hmall.api.client.ItemClient          : [ItemClient#queryItemsByIds] keep-alive: timeout=60
15:22:08:208 DEBUG 29024 --- [http-nio-8082-exec-1] com.hmall.api.client.ItemClient          : [ItemClient#queryItemsByIds] transfer-encoding: chunked
15:22:08:208 DEBUG 29024 --- [http-nio-8082-exec-1] com.hmall.api.client.ItemClient          : [ItemClient#queryItemsByIds] 
15:22:08:208 DEBUG 29024 --- [http-nio-8082-exec-1] com.hmall.api.client.ItemClient          : [ItemClient#queryItemsByIds] [{"id":"317578","name":"RIMOWA 21寸托运箱拉杆箱 SALSA AIR系列果绿色 820.70.36.4","price":28900,"stock":9980,"image":"https://m.360buyimg.com/mobilecms/s720x720_jfs/t6934/364/1195375010/84676/e9f2c55f/597ece38N0ddcbc77.jpg!q70.jpg.webp","category":"拉杆箱","brand":"RIMOWA","spec":"{\"颜色\": \"红色\", \"尺码\": \"21寸\"}","sold":0,"commentCount":0,"isAD":false,"status":1}]
15:22:08:208 DEBUG 29024 --- [http-nio-8082-exec-1] com.hmall.api.client.ItemClient          : [ItemClient#queryItemsByIds] <--- END HTTP (396-byte body)
15:22:10:253 DEBUG 29024 --- [http-nio-8082-exec-2] c.h.cart.mapper.CartMapper.updateById    : ==>  Preparing: UPDATE cart SET num=? WHERE id=?
15:22:10:254 DEBUG 29024 --- [http-nio-8082-exec-2] c.h.cart.mapper.CartMapper.updateById    : ==> Parameters: 2(Integer), 13(Long)
15:22:10:309 DEBUG 29024 --- [http-nio-8082-exec-2] c.h.cart.mapper.CartMapper.updateById    : <==    Updates: 1
15:22:10:320 DEBUG 29024 --- [http-nio-8082-exec-3] c.h.cart.mapper.CartMapper.selectList    : ==>  Preparing: SELECT id,user_id,item_id,num,name,spec,price,image,create_time,update_time FROM cart WHERE (user_id = ?)
15:22:10:321 DEBUG 29024 --- [http-nio-8082-exec-3] c.h.cart.mapper.CartMapper.selectList    : ==> Parameters: 2(Long)
15:22:10:356 DEBUG 29024 --- [http-nio-8082-exec-3] c.h.cart.mapper.CartMapper.selectList    : <==      Total: 1
15:22:10:358 DEBUG 29024 --- [http-nio-8082-exec-3] com.hmall.api.client.ItemClient          : [ItemClient#queryItemsByIds] ---> GET http://item-service/items?ids=317578 HTTP/1.1
15:22:10:358 DEBUG 29024 --- [http-nio-8082-exec-3] com.hmall.api.client.ItemClient          : [ItemClient#queryItemsByIds] user-info: 2
15:22:10:358 DEBUG 29024 --- [http-nio-8082-exec-3] com.hmall.api.client.ItemClient          : [ItemClient#queryItemsByIds] ---> END HTTP (0-byte body)
15:22:10:413 DEBUG 29024 --- [http-nio-8082-exec-3] com.hmall.api.client.ItemClient          : [ItemClient#queryItemsByIds] <--- HTTP/1.1 200  (55ms)
15:22:10:413 DEBUG 29024 --- [http-nio-8082-exec-3] com.hmall.api.client.ItemClient          : [ItemClient#queryItemsByIds] connection: keep-alive
15:22:10:414 DEBUG 29024 --- [http-nio-8082-exec-3] com.hmall.api.client.ItemClient          : [ItemClient#queryItemsByIds] content-type: application/json
15:22:10:414 DEBUG 29024 --- [http-nio-8082-exec-3] com.hmall.api.client.ItemClient          : [ItemClient#queryItemsByIds] date: Fri, 10 Apr 2026 07:22:10 GMT
15:22:10:414 DEBUG 29024 --- [http-nio-8082-exec-3] com.hmall.api.client.ItemClient          : [ItemClient#queryItemsByIds] keep-alive: timeout=60
15:22:10:414 DEBUG 29024 --- [http-nio-8082-exec-3] com.hmall.api.client.ItemClient          : [ItemClient#queryItemsByIds] transfer-encoding: chunked
15:22:10:414 DEBUG 29024 --- [http-nio-8082-exec-3] com.hmall.api.client.ItemClient          : [ItemClient#queryItemsByIds] 
15:22:10:414 DEBUG 29024 --- [http-nio-8082-exec-3] com.hmall.api.client.ItemClient          : [ItemClient#queryItemsByIds] [{"id":"317578","name":"RIMOWA 21寸托运箱拉杆箱 SALSA AIR系列果绿色 820.70.36.4","price":28900,"stock":9980,"image":"https://m.360buyimg.com/mobilecms/s720x720_jfs/t6934/364/1195375010/84676/e9f2c55f/597ece38N0ddcbc77.jpg!q70.jpg.webp","category":"拉杆箱","brand":"RIMOWA","spec":"{\"颜色\": \"红色\", \"尺码\": \"21寸\"}","sold":0,"commentCount":0,"isAD":false,"status":1}]
15:22:10:414 DEBUG 29024 --- [http-nio-8082-exec-3] com.hmall.api.client.ItemClient          : [ItemClient#queryItemsByIds] <--- END HTTP (396-byte body)
15:22:13:644 DEBUG 29024 --- [http-nio-8082-exec-4] com.hmall.cart.mapper.CartMapper.delete  : ==>  Preparing: DELETE FROM cart WHERE (user_id = ? AND item_id IN (?))
15:22:13:644 DEBUG 29024 --- [http-nio-8082-exec-4] com.hmall.cart.mapper.CartMapper.delete  : ==> Parameters: null, 317578(Long)
15:22:13:695 DEBUG 29024 --- [http-nio-8082-exec-4] com.hmall.cart.mapper.CartMapper.delete  : <==    Updates: 0
15:22:18:040 DEBUG 29024 --- [http-nio-8082-exec-7] c.h.cart.mapper.CartMapper.selectList    : ==>  Preparing: SELECT id,user_id,item_id,num,name,spec,price,image,create_time,update_time FROM cart WHERE (user_id = ?)
15:22:18:042 DEBUG 29024 --- [http-nio-8082-exec-7] c.h.cart.mapper.CartMapper.selectList    : ==> Parameters: 2(Long)
15:22:18:068 DEBUG 29024 --- [http-nio-8082-exec-7] c.h.cart.mapper.CartMapper.selectList    : <==      Total: 1
15:22:18:069 DEBUG 29024 --- [http-nio-8082-exec-7] com.hmall.api.client.ItemClient          : [ItemClient#queryItemsByIds] ---> GET http://item-service/items?ids=317578 HTTP/1.1
15:22:18:069 DEBUG 29024 --- [http-nio-8082-exec-7] com.hmall.api.client.ItemClient          : [ItemClient#queryItemsByIds] user-info: 2
15:22:18:069 DEBUG 29024 --- [http-nio-8082-exec-7] com.hmall.api.client.ItemClient          : [ItemClient#queryItemsByIds] ---> END HTTP (0-byte body)
15:22:18:121 DEBUG 29024 --- [http-nio-8082-exec-7] com.hmall.api.client.ItemClient          : [ItemClient#queryItemsByIds] <--- HTTP/1.1 200  (51ms)
15:22:18:121 DEBUG 29024 --- [http-nio-8082-exec-7] com.hmall.api.client.ItemClient          : [ItemClient#queryItemsByIds] connection: keep-alive
15:22:18:121 DEBUG 29024 --- [http-nio-8082-exec-7] com.hmall.api.client.ItemClient          : [ItemClient#queryItemsByIds] content-type: application/json
15:22:18:122 DEBUG 29024 --- [http-nio-8082-exec-7] com.hmall.api.client.ItemClient          : [ItemClient#queryItemsByIds] date: Fri, 10 Apr 2026 07:22:18 GMT
15:22:18:122 DEBUG 29024 --- [http-nio-8082-exec-7] com.hmall.api.client.ItemClient          : [ItemClient#queryItemsByIds] keep-alive: timeout=60
15:22:18:122 DEBUG 29024 --- [http-nio-8082-exec-7] com.hmall.api.client.ItemClient          : [ItemClient#queryItemsByIds] transfer-encoding: chunked
15:22:18:122 DEBUG 29024 --- [http-nio-8082-exec-7] com.hmall.api.client.ItemClient          : [ItemClient#queryItemsByIds] 
15:22:18:122 DEBUG 29024 --- [http-nio-8082-exec-7] com.hmall.api.client.ItemClient          : [ItemClient#queryItemsByIds] [{"id":"317578","name":"RIMOWA 21寸托运箱拉杆箱 SALSA AIR系列果绿色 820.70.36.4","price":28900,"stock":9978,"image":"https://m.360buyimg.com/mobilecms/s720x720_jfs/t6934/364/1195375010/84676/e9f2c55f/597ece38N0ddcbc77.jpg!q70.jpg.webp","category":"拉杆箱","brand":"RIMOWA","spec":"{\"颜色\": \"红色\", \"尺码\": \"21寸\"}","sold":0,"commentCount":0,"isAD":false,"status":1}]
15:22:18:123 DEBUG 29024 --- [http-nio-8082-exec-7] com.hmall.api.client.ItemClient          : [ItemClient#queryItemsByIds] <--- END HTTP (396-byte body)
15:22:23:821 DEBUG 29024 --- [http-nio-8082-exec-6] c.h.cart.mapper.CartMapper.selectList    : ==>  Preparing: SELECT id,user_id,item_id,num,name,spec,price,image,create_time,update_time FROM cart WHERE (user_id = ?)
15:22:23:821 DEBUG 29024 --- [http-nio-8082-exec-6] c.h.cart.mapper.CartMapper.selectList    : ==> Parameters: 2(Long)
15:22:23:855 DEBUG 29024 --- [http-nio-8082-exec-6] c.h.cart.mapper.CartMapper.selectList    : <==      Total: 1
15:22:23:855 DEBUG 29024 --- [http-nio-8082-exec-6] com.hmall.api.client.ItemClient          : [ItemClient#queryItemsByIds] ---> GET http://item-service/items?ids=317578 HTTP/1.1
15:22:23:855 DEBUG 29024 --- [http-nio-8082-exec-6] com.hmall.api.client.ItemClient          : [ItemClient#queryItemsByIds] user-info: 2
15:22:23:855 DEBUG 29024 --- [http-nio-8082-exec-6] com.hmall.api.client.ItemClient          : [ItemClient#queryItemsByIds] ---> END HTTP (0-byte body)
15:22:23:918 DEBUG 29024 --- [http-nio-8082-exec-6] com.hmall.api.client.ItemClient          : [ItemClient#queryItemsByIds] <--- HTTP/1.1 200  (62ms)
15:22:23:918 DEBUG 29024 --- [http-nio-8082-exec-6] com.hmall.api.client.ItemClient          : [ItemClient#queryItemsByIds] connection: keep-alive
15:22:23:918 DEBUG 29024 --- [http-nio-8082-exec-6] com.hmall.api.client.ItemClient          : [ItemClient#queryItemsByIds] content-type: application/json
15:22:23:918 DEBUG 29024 --- [http-nio-8082-exec-6] com.hmall.api.client.ItemClient          : [ItemClient#queryItemsByIds] date: Fri, 10 Apr 2026 07:22:23 GMT
15:22:23:918 DEBUG 29024 --- [http-nio-8082-exec-6] com.hmall.api.client.ItemClient          : [ItemClient#queryItemsByIds] keep-alive: timeout=60
15:22:23:919 DEBUG 29024 --- [http-nio-8082-exec-6] com.hmall.api.client.ItemClient          : [ItemClient#queryItemsByIds] transfer-encoding: chunked
15:22:23:919 DEBUG 29024 --- [http-nio-8082-exec-6] com.hmall.api.client.ItemClient          : [ItemClient#queryItemsByIds] 
15:22:23:919 DEBUG 29024 --- [http-nio-8082-exec-6] com.hmall.api.client.ItemClient          : [ItemClient#queryItemsByIds] [{"id":"317578","name":"RIMOWA 21寸托运箱拉杆箱 SALSA AIR系列果绿色 820.70.36.4","price":28900,"stock":9978,"image":"https://m.360buyimg.com/mobilecms/s720x720_jfs/t6934/364/1195375010/84676/e9f2c55f/597ece38N0ddcbc77.jpg!q70.jpg.webp","category":"拉杆箱","brand":"RIMOWA","spec":"{\"颜色\": \"红色\", \"尺码\": \"21寸\"}","sold":0,"commentCount":0,"isAD":false,"status":1}]
15:22:23:919 DEBUG 29024 --- [http-nio-8082-exec-6] com.hmall.api.client.ItemClient          : [ItemClient#queryItemsByIds] <--- END HTTP (396-byte body)
15:25:49:985  WARN 29024 --- [Thread-7] c.a.n.common.http.HttpClientBeanHolder   : [HttpClientBeanHolder] Start destroying common HttpClient
15:25:49:985  WARN 29024 --- [Thread-4] c.a.nacos.common.notify.NotifyCenter     : [NotifyCenter] Start destroying Publisher
15:25:49:986  WARN 29024 --- [Thread-4] c.a.nacos.common.notify.NotifyCenter     : [NotifyCenter] Destruction of the end
15:25:49:986  WARN 29024 --- [Thread-7] c.a.n.common.http.HttpClientBeanHolder   : [HttpClientBeanHolder] Destruction of the end
15:25:51:000  INFO 29024 --- [SpringApplicationShutdownHook] c.a.c.n.registry.NacosServiceRegistry    : De-registering from Nacos Server now...
15:25:51:026  INFO 29024 --- [SpringApplicationShutdownHook] c.a.c.n.registry.NacosServiceRegistry    : De-registration finished.
15:25:51:348  INFO 29024 --- [SpringApplicationShutdownHook] com.alibaba.nacos.common.remote.client   : Shutdown rpc client, set status to shutdown
15:25:51:348  INFO 29024 --- [SpringApplicationShutdownHook] com.alibaba.nacos.common.remote.client   : Shutdown client event executor java.util.concurrent.ScheduledThreadPoolExecutor@2c5cf2a0[Running, pool size = 2, active threads = 2, queued tasks = 0, completed tasks = 0]
15:25:51:349  INFO 29024 --- [SpringApplicationShutdownHook] com.alibaba.nacos.common.remote.client   : Close current connection 1775805634335_119.251.158.154_46905
15:25:51:355  INFO 29024 --- [SpringApplicationShutdownHook] c.a.n.c.remote.client.grpc.GrpcClient    : Shutdown grpc executor java.util.concurrent.ThreadPoolExecutor@466d9234[Running, pool size = 4, active threads = 0, queued tasks = 0, completed tasks = 85]
15:25:51:358  INFO 29024 --- [SpringApplicationShutdownHook] com.zaxxer.hikari.HikariDataSource       : HikariPool-1 - Shutdown initiated...
15:26:01:370  INFO 29024 --- [SpringApplicationShutdownHook] com.zaxxer.hikari.HikariDataSource       : HikariPool-1 - Shutdown completed.
15:26:26:762  INFO 32184 --- [main] com.hmall.cart.CartApplication           : Starting CartApplication using Java 11.0.30 on LuciFer with PID 32184 (D:\microService\hmall\cart-service\target\classes started by 烽 in D:\microService\hmall)
15:26:26:764 DEBUG 32184 --- [main] com.hmall.cart.CartApplication           : Running with Spring Boot v2.7.12, Spring v5.3.27
15:26:26:765  INFO 32184 --- [main] com.hmall.cart.CartApplication           : The following 1 profile is active: "local"
15:26:27:805  INFO 32184 --- [main] .s.d.r.c.RepositoryConfigurationDelegate : Multiple Spring Data modules found, entering strict repository configuration mode
15:26:27:808  INFO 32184 --- [main] .s.d.r.c.RepositoryConfigurationDelegate : Bootstrapping Spring Data Redis repositories in DEFAULT mode.
15:26:27:840  INFO 32184 --- [main] .s.d.r.c.RepositoryConfigurationDelegate : Finished Spring Data repository scanning in 13 ms. Found 0 Redis repository interfaces.
15:26:28:172  INFO 32184 --- [main] o.s.cloud.context.scope.GenericScope     : BeanFactory id=aa2c9667-1a28-3f79-b52f-8370c3e5ad8e
15:26:28:705  INFO 32184 --- [main] o.s.b.w.embedded.tomcat.TomcatWebServer  : Tomcat initialized with port(s): 8082 (http)
15:26:28:714  INFO 32184 --- [main] o.apache.catalina.core.StandardService   : Starting service [Tomcat]
15:26:28:714  INFO 32184 --- [main] org.apache.catalina.core.StandardEngine  : Starting Servlet engine: [Apache Tomcat/9.0.75]
15:26:28:946  INFO 32184 --- [main] o.a.c.c.C.[Tomcat].[localhost].[/]       : Initializing Spring embedded WebApplicationContext
15:26:28:946  INFO 32184 --- [main] w.s.c.ServletWebServerApplicationContext : Root WebApplicationContext: initialization completed in 2135 ms
15:26:29:239  INFO 32184 --- [main] o.s.c.openfeign.FeignClientFactoryBean   : For 'item-service' URL not provided. Will try picking an instance via load-balancing.
15:26:35:357  INFO 32184 --- [main] pertySourcedRequestMappingHandlerMapping : Mapped URL path [/v2/api-docs] onto method [springfox.documentation.swagger2.web.Swagger2ControllerWebMvc#getDocumentation(String, HttpServletRequest)]
15:26:37:102  INFO 32184 --- [main] com.alibaba.nacos.common.remote.client   : [RpcClientFactory] create a new rpc client of 7bc84ac9-5754-44da-b78d-87c66ab688d7
15:26:37:140  INFO 32184 --- [main] org.reflections.Reflections              : Reflections took 19 ms to scan 1 urls, producing 3 keys and 6 values 
15:26:37:169  INFO 32184 --- [main] org.reflections.Reflections              : Reflections took 13 ms to scan 1 urls, producing 4 keys and 9 values 
15:26:37:179  INFO 32184 --- [main] org.reflections.Reflections              : Reflections took 7 ms to scan 1 urls, producing 3 keys and 10 values 
15:26:37:182  WARN 32184 --- [main] org.reflections.Reflections              : given scan urls are empty. set urls in the configuration
15:26:37:189  INFO 32184 --- [main] org.reflections.Reflections              : Reflections took 7 ms to scan 1 urls, producing 1 keys and 5 values 
15:26:37:198  INFO 32184 --- [main] org.reflections.Reflections              : Reflections took 7 ms to scan 1 urls, producing 1 keys and 7 values 
15:26:37:206  INFO 32184 --- [main] org.reflections.Reflections              : Reflections took 6 ms to scan 1 urls, producing 2 keys and 8 values 
15:26:37:209  WARN 32184 --- [main] org.reflections.Reflections              : given scan urls are empty. set urls in the configuration
15:26:37:210  INFO 32184 --- [main] com.alibaba.nacos.common.remote.client   : [7bc84ac9-5754-44da-b78d-87c66ab688d7] RpcClient init label, labels = {module=naming, source=sdk}
15:26:37:212  INFO 32184 --- [main] com.alibaba.nacos.common.remote.client   : [7bc84ac9-5754-44da-b78d-87c66ab688d7] RpcClient init, ServerListFactory = com.alibaba.nacos.client.naming.core.ServerListManager
15:26:37:212  INFO 32184 --- [main] com.alibaba.nacos.common.remote.client   : [7bc84ac9-5754-44da-b78d-87c66ab688d7] Registry connection listener to current client:com.alibaba.nacos.client.naming.remote.gprc.redo.NamingGrpcRedoService
15:26:37:213  INFO 32184 --- [main] com.alibaba.nacos.common.remote.client   : [7bc84ac9-5754-44da-b78d-87c66ab688d7] Register server push request handler:com.alibaba.nacos.client.naming.remote.gprc.NamingPushRequestHandler
15:26:37:215  INFO 32184 --- [main] com.alibaba.nacos.common.remote.client   : [7bc84ac9-5754-44da-b78d-87c66ab688d7] Try to connect to server on start up, server: {serverIp = '47.93.37.97', server main port = 8848}
15:26:40:731  INFO 32184 --- [main] com.alibaba.nacos.common.remote.client   : [7bc84ac9-5754-44da-b78d-87c66ab688d7] Success to connect to server [47.93.37.97:8848] on start up, connectionId = 1775806006535_119.251.158.154_47154
15:26:40:732  INFO 32184 --- [com.alibaba.nacos.client.remote.worker] com.alibaba.nacos.common.remote.client   : [7bc84ac9-5754-44da-b78d-87c66ab688d7] Notify connected event to listeners.
15:26:40:732  INFO 32184 --- [main] com.alibaba.nacos.common.remote.client   : [7bc84ac9-5754-44da-b78d-87c66ab688d7] Register server push request handler:com.alibaba.nacos.common.remote.client.RpcClient$ConnectResetRequestHandler
15:26:40:734  INFO 32184 --- [main] com.alibaba.nacos.common.remote.client   : [7bc84ac9-5754-44da-b78d-87c66ab688d7] Register server push request handler:com.alibaba.nacos.common.remote.client.RpcClient$$Lambda$1130/0x000000084079fc40
15:26:40:797  INFO 32184 --- [main] o.s.b.w.embedded.tomcat.TomcatWebServer  : Tomcat started on port(s): 8082 (http) with context path ''
15:26:40:828  INFO 32184 --- [main] c.a.c.n.registry.NacosServiceRegistry    : nacos registry, DEFAULT_GROUP cart-service 192.168.217.1:8082 register finished
15:26:41:287  INFO 32184 --- [nacos-grpc-client-executor-9] com.alibaba.nacos.common.remote.client   : [7bc84ac9-5754-44da-b78d-87c66ab688d7] Receive server push request, request = NotifySubscriberRequest, requestId = 268
15:26:41:291  INFO 32184 --- [nacos-grpc-client-executor-9] com.alibaba.nacos.common.remote.client   : [7bc84ac9-5754-44da-b78d-87c66ab688d7] Ack server push request, request = NotifySubscriberRequest, requestId = 268
15:26:43:104  INFO 32184 --- [main] o.s.cloud.commons.util.InetUtils         : Cannot determine local hostname
15:26:43:104  INFO 32184 --- [main] d.s.w.p.DocumentationPluginsBootstrapper : Documentation plugins bootstrapped
15:26:43:108  INFO 32184 --- [main] d.s.w.p.DocumentationPluginsBootstrapper : Found 1 custom documentation plugin(s)
15:26:43:127  INFO 32184 --- [main] s.d.s.w.s.ApiListingReferenceScanner     : Scanning for api listing references
15:26:43:203  INFO 32184 --- [main] com.hmall.cart.CartApplication           : Started CartApplication in 19.664 seconds (JVM running for 21.67)
15:26:59:262  INFO 32184 --- [http-nio-8082-exec-1] o.a.c.c.C.[Tomcat].[localhost].[/]       : Initializing Spring DispatcherServlet 'dispatcherServlet'
15:26:59:262  INFO 32184 --- [http-nio-8082-exec-1] o.s.web.servlet.DispatcherServlet        : Initializing Servlet 'dispatcherServlet'
15:26:59:264  INFO 32184 --- [http-nio-8082-exec-1] o.s.web.servlet.DispatcherServlet        : Completed initialization in 2 ms
15:26:59:345  INFO 32184 --- [http-nio-8082-exec-1] com.zaxxer.hikari.HikariDataSource       : HikariPool-1 - Starting...
15:26:59:849  INFO 32184 --- [http-nio-8082-exec-1] com.zaxxer.hikari.HikariDataSource       : HikariPool-1 - Start completed.
15:26:59:855 DEBUG 32184 --- [http-nio-8082-exec-1] c.h.cart.mapper.CartMapper.selectList    : ==>  Preparing: SELECT id,user_id,item_id,num,name,spec,price,image,create_time,update_time FROM cart WHERE (user_id = ?)
15:26:59:870 DEBUG 32184 --- [http-nio-8082-exec-1] c.h.cart.mapper.CartMapper.selectList    : ==> Parameters: 2(Long)
15:26:59:919 DEBUG 32184 --- [http-nio-8082-exec-1] c.h.cart.mapper.CartMapper.selectList    : <==      Total: 1
15:26:59:955 DEBUG 32184 --- [http-nio-8082-exec-1] com.hmall.api.client.ItemClient          : [ItemClient#queryItemsByIds] ---> GET http://item-service/items?ids=317578 HTTP/1.1
15:26:59:955 DEBUG 32184 --- [http-nio-8082-exec-1] com.hmall.api.client.ItemClient          : [ItemClient#queryItemsByIds] user-info: 2
15:26:59:955 DEBUG 32184 --- [http-nio-8082-exec-1] com.hmall.api.client.ItemClient          : [ItemClient#queryItemsByIds] ---> END HTTP (0-byte body)
15:27:00:611  INFO 32184 --- [nacos-grpc-client-executor-15] com.alibaba.nacos.common.remote.client   : [7bc84ac9-5754-44da-b78d-87c66ab688d7] Receive server push request, request = NotifySubscriberRequest, requestId = 272
15:27:00:611  INFO 32184 --- [nacos-grpc-client-executor-15] com.alibaba.nacos.common.remote.client   : [7bc84ac9-5754-44da-b78d-87c66ab688d7] Ack server push request, request = NotifySubscriberRequest, requestId = 272
15:27:00:951 DEBUG 32184 --- [http-nio-8082-exec-1] com.hmall.api.client.ItemClient          : [ItemClient#queryItemsByIds] <--- HTTP/1.1 200  (995ms)
15:27:00:951 DEBUG 32184 --- [http-nio-8082-exec-1] com.hmall.api.client.ItemClient          : [ItemClient#queryItemsByIds] connection: keep-alive
15:27:00:951 DEBUG 32184 --- [http-nio-8082-exec-1] com.hmall.api.client.ItemClient          : [ItemClient#queryItemsByIds] content-type: application/json
15:27:00:952 DEBUG 32184 --- [http-nio-8082-exec-1] com.hmall.api.client.ItemClient          : [ItemClient#queryItemsByIds] date: Fri, 10 Apr 2026 07:27:00 GMT
15:27:00:952 DEBUG 32184 --- [http-nio-8082-exec-1] com.hmall.api.client.ItemClient          : [ItemClient#queryItemsByIds] keep-alive: timeout=60
15:27:00:952 DEBUG 32184 --- [http-nio-8082-exec-1] com.hmall.api.client.ItemClient          : [ItemClient#queryItemsByIds] transfer-encoding: chunked
15:27:00:952 DEBUG 32184 --- [http-nio-8082-exec-1] com.hmall.api.client.ItemClient          : [ItemClient#queryItemsByIds] 
15:27:00:955 DEBUG 32184 --- [http-nio-8082-exec-1] com.hmall.api.client.ItemClient          : [ItemClient#queryItemsByIds] [{"id":"317578","name":"RIMOWA 21寸托运箱拉杆箱 SALSA AIR系列果绿色 820.70.36.4","price":28900,"stock":9978,"image":"https://m.360buyimg.com/mobilecms/s720x720_jfs/t6934/364/1195375010/84676/e9f2c55f/597ece38N0ddcbc77.jpg!q70.jpg.webp","category":"拉杆箱","brand":"RIMOWA","spec":"{\"颜色\": \"红色\", \"尺码\": \"21寸\"}","sold":0,"commentCount":0,"isAD":false,"status":1}]
15:27:00:956 DEBUG 32184 --- [http-nio-8082-exec-1] com.hmall.api.client.ItemClient          : [ItemClient#queryItemsByIds] <--- END HTTP (396-byte body)
15:27:04:833 DEBUG 32184 --- [http-nio-8082-exec-2] c.h.cart.mapper.CartMapper.selectList    : ==>  Preparing: SELECT id,user_id,item_id,num,name,spec,price,image,create_time,update_time FROM cart WHERE (user_id = ?)
15:27:04:835 DEBUG 32184 --- [http-nio-8082-exec-2] c.h.cart.mapper.CartMapper.selectList    : ==> Parameters: 2(Long)
15:27:04:859 DEBUG 32184 --- [http-nio-8082-exec-2] c.h.cart.mapper.CartMapper.selectList    : <==      Total: 1
15:27:04:863 DEBUG 32184 --- [http-nio-8082-exec-2] com.hmall.api.client.ItemClient          : [ItemClient#queryItemsByIds] ---> GET http://item-service/items?ids=317578 HTTP/1.1
15:27:04:863 DEBUG 32184 --- [http-nio-8082-exec-2] com.hmall.api.client.ItemClient          : [ItemClient#queryItemsByIds] user-info: 2
15:27:04:863 DEBUG 32184 --- [http-nio-8082-exec-2] com.hmall.api.client.ItemClient          : [ItemClient#queryItemsByIds] ---> END HTTP (0-byte body)
15:27:04:934 DEBUG 32184 --- [http-nio-8082-exec-2] com.hmall.api.client.ItemClient          : [ItemClient#queryItemsByIds] <--- HTTP/1.1 200  (70ms)
15:27:04:934 DEBUG 32184 --- [http-nio-8082-exec-2] com.hmall.api.client.ItemClient          : [ItemClient#queryItemsByIds] connection: keep-alive
15:27:04:934 DEBUG 32184 --- [http-nio-8082-exec-2] com.hmall.api.client.ItemClient          : [ItemClient#queryItemsByIds] content-type: application/json
15:27:04:934 DEBUG 32184 --- [http-nio-8082-exec-2] com.hmall.api.client.ItemClient          : [ItemClient#queryItemsByIds] date: Fri, 10 Apr 2026 07:27:04 GMT
15:27:04:934 DEBUG 32184 --- [http-nio-8082-exec-2] com.hmall.api.client.ItemClient          : [ItemClient#queryItemsByIds] keep-alive: timeout=60
15:27:04:935 DEBUG 32184 --- [http-nio-8082-exec-2] com.hmall.api.client.ItemClient          : [ItemClient#queryItemsByIds] transfer-encoding: chunked
15:27:04:935 DEBUG 32184 --- [http-nio-8082-exec-2] com.hmall.api.client.ItemClient          : [ItemClient#queryItemsByIds] 
15:27:04:935 DEBUG 32184 --- [http-nio-8082-exec-2] com.hmall.api.client.ItemClient          : [ItemClient#queryItemsByIds] [{"id":"317578","name":"RIMOWA 21寸托运箱拉杆箱 SALSA AIR系列果绿色 820.70.36.4","price":28900,"stock":9978,"image":"https://m.360buyimg.com/mobilecms/s720x720_jfs/t6934/364/1195375010/84676/e9f2c55f/597ece38N0ddcbc77.jpg!q70.jpg.webp","category":"拉杆箱","brand":"RIMOWA","spec":"{\"颜色\": \"红色\", \"尺码\": \"21寸\"}","sold":0,"commentCount":0,"isAD":false,"status":1}]
15:27:04:935 DEBUG 32184 --- [http-nio-8082-exec-2] com.hmall.api.client.ItemClient          : [ItemClient#queryItemsByIds] <--- END HTTP (396-byte body)
15:27:07:446 DEBUG 32184 --- [http-nio-8082-exec-3] c.h.cart.mapper.CartMapper.selectList    : ==>  Preparing: SELECT id,user_id,item_id,num,name,spec,price,image,create_time,update_time FROM cart WHERE (user_id = ?)
15:27:07:447 DEBUG 32184 --- [http-nio-8082-exec-3] c.h.cart.mapper.CartMapper.selectList    : ==> Parameters: 2(Long)
15:27:07:471 DEBUG 32184 --- [http-nio-8082-exec-3] c.h.cart.mapper.CartMapper.selectList    : <==      Total: 1
15:27:07:472 DEBUG 32184 --- [http-nio-8082-exec-3] com.hmall.api.client.ItemClient          : [ItemClient#queryItemsByIds] ---> GET http://item-service/items?ids=317578 HTTP/1.1
15:27:07:472 DEBUG 32184 --- [http-nio-8082-exec-3] com.hmall.api.client.ItemClient          : [ItemClient#queryItemsByIds] user-info: 2
15:27:07:472 DEBUG 32184 --- [http-nio-8082-exec-3] com.hmall.api.client.ItemClient          : [ItemClient#queryItemsByIds] ---> END HTTP (0-byte body)
15:27:07:517 DEBUG 32184 --- [http-nio-8082-exec-3] com.hmall.api.client.ItemClient          : [ItemClient#queryItemsByIds] <--- HTTP/1.1 200  (45ms)
15:27:07:517 DEBUG 32184 --- [http-nio-8082-exec-3] com.hmall.api.client.ItemClient          : [ItemClient#queryItemsByIds] connection: keep-alive
15:27:07:517 DEBUG 32184 --- [http-nio-8082-exec-3] com.hmall.api.client.ItemClient          : [ItemClient#queryItemsByIds] content-type: application/json
15:27:07:517 DEBUG 32184 --- [http-nio-8082-exec-3] com.hmall.api.client.ItemClient          : [ItemClient#queryItemsByIds] date: Fri, 10 Apr 2026 07:27:07 GMT
15:27:07:517 DEBUG 32184 --- [http-nio-8082-exec-3] com.hmall.api.client.ItemClient          : [ItemClient#queryItemsByIds] keep-alive: timeout=60
15:27:07:517 DEBUG 32184 --- [http-nio-8082-exec-3] com.hmall.api.client.ItemClient          : [ItemClient#queryItemsByIds] transfer-encoding: chunked
15:27:07:517 DEBUG 32184 --- [http-nio-8082-exec-3] com.hmall.api.client.ItemClient          : [ItemClient#queryItemsByIds] 
15:27:07:519 DEBUG 32184 --- [http-nio-8082-exec-3] com.hmall.api.client.ItemClient          : [ItemClient#queryItemsByIds] [{"id":"317578","name":"RIMOWA 21寸托运箱拉杆箱 SALSA AIR系列果绿色 820.70.36.4","price":28900,"stock":9978,"image":"https://m.360buyimg.com/mobilecms/s720x720_jfs/t6934/364/1195375010/84676/e9f2c55f/597ece38N0ddcbc77.jpg!q70.jpg.webp","category":"拉杆箱","brand":"RIMOWA","spec":"{\"颜色\": \"红色\", \"尺码\": \"21寸\"}","sold":0,"commentCount":0,"isAD":false,"status":1}]
15:27:07:519 DEBUG 32184 --- [http-nio-8082-exec-3] com.hmall.api.client.ItemClient          : [ItemClient#queryItemsByIds] <--- END HTTP (396-byte body)
15:27:13:427 DEBUG 32184 --- [http-nio-8082-exec-5] c.h.cart.mapper.CartMapper.selectList    : ==>  Preparing: SELECT id,user_id,item_id,num,name,spec,price,image,create_time,update_time FROM cart WHERE (user_id = ?)
15:27:13:429 DEBUG 32184 --- [http-nio-8082-exec-5] c.h.cart.mapper.CartMapper.selectList    : ==> Parameters: 2(Long)
15:27:13:451 DEBUG 32184 --- [http-nio-8082-exec-5] c.h.cart.mapper.CartMapper.selectList    : <==      Total: 1
15:27:13:452 DEBUG 32184 --- [http-nio-8082-exec-5] com.hmall.api.client.ItemClient          : [ItemClient#queryItemsByIds] ---> GET http://item-service/items?ids=317578 HTTP/1.1
15:27:13:452 DEBUG 32184 --- [http-nio-8082-exec-5] com.hmall.api.client.ItemClient          : [ItemClient#queryItemsByIds] user-info: 2
15:27:13:452 DEBUG 32184 --- [http-nio-8082-exec-5] com.hmall.api.client.ItemClient          : [ItemClient#queryItemsByIds] ---> END HTTP (0-byte body)
15:27:13:504 DEBUG 32184 --- [http-nio-8082-exec-5] com.hmall.api.client.ItemClient          : [ItemClient#queryItemsByIds] <--- HTTP/1.1 200  (50ms)
15:27:13:504 DEBUG 32184 --- [http-nio-8082-exec-5] com.hmall.api.client.ItemClient          : [ItemClient#queryItemsByIds] connection: keep-alive
15:27:13:504 DEBUG 32184 --- [http-nio-8082-exec-5] com.hmall.api.client.ItemClient          : [ItemClient#queryItemsByIds] content-type: application/json
15:27:13:504 DEBUG 32184 --- [http-nio-8082-exec-5] com.hmall.api.client.ItemClient          : [ItemClient#queryItemsByIds] date: Fri, 10 Apr 2026 07:27:13 GMT
15:27:13:505 DEBUG 32184 --- [http-nio-8082-exec-5] com.hmall.api.client.ItemClient          : [ItemClient#queryItemsByIds] keep-alive: timeout=60
15:27:13:505 DEBUG 32184 --- [http-nio-8082-exec-5] com.hmall.api.client.ItemClient          : [ItemClient#queryItemsByIds] transfer-encoding: chunked
15:27:13:505 DEBUG 32184 --- [http-nio-8082-exec-5] com.hmall.api.client.ItemClient          : [ItemClient#queryItemsByIds] 
15:27:13:505 DEBUG 32184 --- [http-nio-8082-exec-5] com.hmall.api.client.ItemClient          : [ItemClient#queryItemsByIds] [{"id":"317578","name":"RIMOWA 21寸托运箱拉杆箱 SALSA AIR系列果绿色 820.70.36.4","price":28900,"stock":9978,"image":"https://m.360buyimg.com/mobilecms/s720x720_jfs/t6934/364/1195375010/84676/e9f2c55f/597ece38N0ddcbc77.jpg!q70.jpg.webp","category":"拉杆箱","brand":"RIMOWA","spec":"{\"颜色\": \"红色\", \"尺码\": \"21寸\"}","sold":0,"commentCount":0,"isAD":false,"status":1}]
15:27:13:506 DEBUG 32184 --- [http-nio-8082-exec-5] com.hmall.api.client.ItemClient          : [ItemClient#queryItemsByIds] <--- END HTTP (396-byte body)
15:29:03:741  WARN 32184 --- [Thread-7] c.a.n.common.http.HttpClientBeanHolder   : [HttpClientBeanHolder] Start destroying common HttpClient
15:29:03:741  WARN 32184 --- [Thread-4] c.a.nacos.common.notify.NotifyCenter     : [NotifyCenter] Start destroying Publisher
15:29:03:742  WARN 32184 --- [Thread-4] c.a.nacos.common.notify.NotifyCenter     : [NotifyCenter] Destruction of the end
15:29:03:743  WARN 32184 --- [Thread-7] c.a.n.common.http.HttpClientBeanHolder   : [HttpClientBeanHolder] Destruction of the end
15:29:04:726  INFO 32184 --- [SpringApplicationShutdownHook] c.a.c.n.registry.NacosServiceRegistry    : De-registering from Nacos Server now...
15:29:04:752  INFO 32184 --- [SpringApplicationShutdownHook] c.a.c.n.registry.NacosServiceRegistry    : De-registration finished.
15:29:05:088  INFO 32184 --- [SpringApplicationShutdownHook] com.alibaba.nacos.common.remote.client   : Shutdown rpc client, set status to shutdown
15:29:05:088  INFO 32184 --- [SpringApplicationShutdownHook] com.alibaba.nacos.common.remote.client   : Shutdown client event executor java.util.concurrent.ScheduledThreadPoolExecutor@39325d3c[Running, pool size = 2, active threads = 2, queued tasks = 0, completed tasks = 0]
15:29:05:088  INFO 32184 --- [SpringApplicationShutdownHook] com.alibaba.nacos.common.remote.client   : Close current connection 1775806006535_119.251.158.154_47154
15:29:05:092  INFO 32184 --- [SpringApplicationShutdownHook] c.a.n.c.remote.client.grpc.GrpcClient    : Shutdown grpc executor java.util.concurrent.ThreadPoolExecutor@496547fd[Running, pool size = 4, active threads = 0, queued tasks = 0, completed tasks = 47]
15:29:05:095  INFO 32184 --- [SpringApplicationShutdownHook] com.zaxxer.hikari.HikariDataSource       : HikariPool-1 - Shutdown initiated...
15:29:08:970  INFO 32184 --- [SpringApplicationShutdownHook] com.zaxxer.hikari.HikariDataSource       : HikariPool-1 - Shutdown completed.
15:35:51:027  INFO 29892 --- [main] com.hmall.cart.CartApplication           : Starting CartApplication using Java 11.0.30 on LuciFer with PID 29892 (D:\microService\hmall\cart-service\target\classes started by 烽 in D:\microService\hmall)
15:35:51:030 DEBUG 29892 --- [main] com.hmall.cart.CartApplication           : Running with Spring Boot v2.7.12, Spring v5.3.27
15:35:51:030  INFO 29892 --- [main] com.hmall.cart.CartApplication           : The following 1 profile is active: "local"
15:35:52:072  INFO 29892 --- [main] .s.d.r.c.RepositoryConfigurationDelegate : Multiple Spring Data modules found, entering strict repository configuration mode
15:35:52:076  INFO 29892 --- [main] .s.d.r.c.RepositoryConfigurationDelegate : Bootstrapping Spring Data Redis repositories in DEFAULT mode.
15:35:52:105  INFO 29892 --- [main] .s.d.r.c.RepositoryConfigurationDelegate : Finished Spring Data repository scanning in 12 ms. Found 0 Redis repository interfaces.
15:35:52:396  INFO 29892 --- [main] o.s.cloud.context.scope.GenericScope     : BeanFactory id=aa2c9667-1a28-3f79-b52f-8370c3e5ad8e
15:35:52:866  INFO 29892 --- [main] o.s.b.w.embedded.tomcat.TomcatWebServer  : Tomcat initialized with port(s): 8082 (http)
15:35:52:877  INFO 29892 --- [main] o.apache.catalina.core.StandardService   : Starting service [Tomcat]
15:35:52:877  INFO 29892 --- [main] org.apache.catalina.core.StandardEngine  : Starting Servlet engine: [Apache Tomcat/9.0.75]
15:35:53:101  INFO 29892 --- [main] o.a.c.c.C.[Tomcat].[localhost].[/]       : Initializing Spring embedded WebApplicationContext
15:35:53:102  INFO 29892 --- [main] w.s.c.ServletWebServerApplicationContext : Root WebApplicationContext: initialization completed in 2010 ms
15:35:53:378  INFO 29892 --- [main] o.s.c.openfeign.FeignClientFactoryBean   : For 'item-service' URL not provided. Will try picking an instance via load-balancing.
15:35:59:987  INFO 29892 --- [main] pertySourcedRequestMappingHandlerMapping : Mapped URL path [/v2/api-docs] onto method [springfox.documentation.swagger2.web.Swagger2ControllerWebMvc#getDocumentation(String, HttpServletRequest)]
15:36:03:509  INFO 29892 --- [main] o.s.cloud.commons.util.InetUtils         : Cannot determine local hostname
15:36:03:716  INFO 29892 --- [main] com.alibaba.nacos.common.remote.client   : [RpcClientFactory] create a new rpc client of 565e546f-0234-46a7-a22d-672037c2d3b3
15:36:03:757  INFO 29892 --- [main] org.reflections.Reflections              : Reflections took 21 ms to scan 1 urls, producing 3 keys and 6 values 
15:36:03:785  INFO 29892 --- [main] org.reflections.Reflections              : Reflections took 9 ms to scan 1 urls, producing 4 keys and 9 values 
15:36:03:798  INFO 29892 --- [main] org.reflections.Reflections              : Reflections took 9 ms to scan 1 urls, producing 3 keys and 10 values 
15:36:03:801  WARN 29892 --- [main] org.reflections.Reflections              : given scan urls are empty. set urls in the configuration
15:36:03:809  INFO 29892 --- [main] org.reflections.Reflections              : Reflections took 7 ms to scan 1 urls, producing 1 keys and 5 values 
15:36:03:819  INFO 29892 --- [main] org.reflections.Reflections              : Reflections took 7 ms to scan 1 urls, producing 1 keys and 7 values 
15:36:03:833  INFO 29892 --- [main] org.reflections.Reflections              : Reflections took 10 ms to scan 1 urls, producing 2 keys and 8 values 
15:36:03:835  WARN 29892 --- [main] org.reflections.Reflections              : given scan urls are empty. set urls in the configuration
15:36:03:837  INFO 29892 --- [main] com.alibaba.nacos.common.remote.client   : [565e546f-0234-46a7-a22d-672037c2d3b3] RpcClient init label, labels = {module=naming, source=sdk}
15:36:03:839  INFO 29892 --- [main] com.alibaba.nacos.common.remote.client   : [565e546f-0234-46a7-a22d-672037c2d3b3] RpcClient init, ServerListFactory = com.alibaba.nacos.client.naming.core.ServerListManager
15:36:03:839  INFO 29892 --- [main] com.alibaba.nacos.common.remote.client   : [565e546f-0234-46a7-a22d-672037c2d3b3] Registry connection listener to current client:com.alibaba.nacos.client.naming.remote.gprc.redo.NamingGrpcRedoService
15:36:03:840  INFO 29892 --- [main] com.alibaba.nacos.common.remote.client   : [565e546f-0234-46a7-a22d-672037c2d3b3] Register server push request handler:com.alibaba.nacos.client.naming.remote.gprc.NamingPushRequestHandler
15:36:03:841  INFO 29892 --- [main] com.alibaba.nacos.common.remote.client   : [565e546f-0234-46a7-a22d-672037c2d3b3] Try to connect to server on start up, server: {serverIp = '47.93.37.97', server main port = 8848}
15:36:08:478  INFO 29892 --- [main] com.alibaba.nacos.common.remote.client   : [565e546f-0234-46a7-a22d-672037c2d3b3] Success to connect to server [47.93.37.97:8848] on start up, connectionId = 1775806574240_119.251.158.154_47690
15:36:08:478  INFO 29892 --- [com.alibaba.nacos.client.remote.worker] com.alibaba.nacos.common.remote.client   : [565e546f-0234-46a7-a22d-672037c2d3b3] Notify connected event to listeners.
15:36:08:479  INFO 29892 --- [main] com.alibaba.nacos.common.remote.client   : [565e546f-0234-46a7-a22d-672037c2d3b3] Register server push request handler:com.alibaba.nacos.common.remote.client.RpcClient$ConnectResetRequestHandler
15:36:08:479  INFO 29892 --- [main] com.alibaba.nacos.common.remote.client   : [565e546f-0234-46a7-a22d-672037c2d3b3] Register server push request handler:com.alibaba.nacos.common.remote.client.RpcClient$$Lambda$1130/0x000000084078fc40
15:36:08:574  INFO 29892 --- [main] o.s.b.w.embedded.tomcat.TomcatWebServer  : Tomcat started on port(s): 8082 (http) with context path ''
15:36:08:612  INFO 29892 --- [main] c.a.c.n.registry.NacosServiceRegistry    : nacos registry, DEFAULT_GROUP cart-service 192.168.217.1:8082 register finished
15:36:09:065  INFO 29892 --- [nacos-grpc-client-executor-9] com.alibaba.nacos.common.remote.client   : [565e546f-0234-46a7-a22d-672037c2d3b3] Receive server push request, request = NotifySubscriberRequest, requestId = 284
15:36:09:071  INFO 29892 --- [nacos-grpc-client-executor-9] com.alibaba.nacos.common.remote.client   : [565e546f-0234-46a7-a22d-672037c2d3b3] Ack server push request, request = NotifySubscriberRequest, requestId = 284
15:36:10:240  INFO 29892 --- [main] d.s.w.p.DocumentationPluginsBootstrapper : Documentation plugins bootstrapped
15:36:10:243  INFO 29892 --- [main] d.s.w.p.DocumentationPluginsBootstrapper : Found 1 custom documentation plugin(s)
15:36:10:278  INFO 29892 --- [main] s.d.s.w.s.ApiListingReferenceScanner     : Scanning for api listing references
15:36:10:395  INFO 29892 --- [main] com.hmall.cart.CartApplication           : Started CartApplication in 22.319 seconds (JVM running for 24.104)
15:36:38:609  INFO 29892 --- [http-nio-8082-exec-1] o.a.c.c.C.[Tomcat].[localhost].[/]       : Initializing Spring DispatcherServlet 'dispatcherServlet'
15:36:38:609  INFO 29892 --- [http-nio-8082-exec-1] o.s.web.servlet.DispatcherServlet        : Initializing Servlet 'dispatcherServlet'
15:36:38:612  INFO 29892 --- [http-nio-8082-exec-1] o.s.web.servlet.DispatcherServlet        : Completed initialization in 3 ms
15:36:38:731  WARN 29892 --- [http-nio-8082-exec-1] com.zaxxer.hikari.HikariConfig           : HikariPool-1 - idleTimeout is close to or more than maxLifetime, disabling it.
15:36:38:731  INFO 29892 --- [http-nio-8082-exec-1] com.zaxxer.hikari.HikariDataSource       : HikariPool-1 - Starting...
15:36:39:254  INFO 29892 --- [http-nio-8082-exec-1] com.zaxxer.hikari.HikariDataSource       : HikariPool-1 - Start completed.
15:36:39:261 DEBUG 29892 --- [http-nio-8082-exec-1] c.h.cart.mapper.CartMapper.selectList    : ==>  Preparing: SELECT id,user_id,item_id,num,name,spec,price,image,create_time,update_time FROM cart WHERE (user_id = ?)
15:36:39:284 DEBUG 29892 --- [http-nio-8082-exec-1] c.h.cart.mapper.CartMapper.selectList    : ==> Parameters: 2(Long)
15:36:39:329 DEBUG 29892 --- [http-nio-8082-exec-1] c.h.cart.mapper.CartMapper.selectList    : <==      Total: 1
15:36:39:383 DEBUG 29892 --- [http-nio-8082-exec-1] com.hmall.api.client.ItemClient          : [ItemClient#queryItemsByIds] ---> GET http://item-service/items?ids=317578 HTTP/1.1
15:36:39:384 DEBUG 29892 --- [http-nio-8082-exec-1] com.hmall.api.client.ItemClient          : [ItemClient#queryItemsByIds] user-info: 2
15:36:39:384 DEBUG 29892 --- [http-nio-8082-exec-1] com.hmall.api.client.ItemClient          : [ItemClient#queryItemsByIds] ---> END HTTP (0-byte body)
15:36:40:104  INFO 29892 --- [nacos-grpc-client-executor-19] com.alibaba.nacos.common.remote.client   : [565e546f-0234-46a7-a22d-672037c2d3b3] Receive server push request, request = NotifySubscriberRequest, requestId = 290
15:36:40:105  INFO 29892 --- [nacos-grpc-client-executor-19] com.alibaba.nacos.common.remote.client   : [565e546f-0234-46a7-a22d-672037c2d3b3] Ack server push request, request = NotifySubscriberRequest, requestId = 290
15:36:40:519 DEBUG 29892 --- [http-nio-8082-exec-1] com.hmall.api.client.ItemClient          : [ItemClient#queryItemsByIds] <--- HTTP/1.1 200  (1134ms)
15:36:40:519 DEBUG 29892 --- [http-nio-8082-exec-1] com.hmall.api.client.ItemClient          : [ItemClient#queryItemsByIds] connection: keep-alive
15:36:40:519 DEBUG 29892 --- [http-nio-8082-exec-1] com.hmall.api.client.ItemClient          : [ItemClient#queryItemsByIds] content-type: application/json
15:36:40:519 DEBUG 29892 --- [http-nio-8082-exec-1] com.hmall.api.client.ItemClient          : [ItemClient#queryItemsByIds] date: Fri, 10 Apr 2026 07:36:40 GMT
15:36:40:519 DEBUG 29892 --- [http-nio-8082-exec-1] com.hmall.api.client.ItemClient          : [ItemClient#queryItemsByIds] keep-alive: timeout=60
15:36:40:519 DEBUG 29892 --- [http-nio-8082-exec-1] com.hmall.api.client.ItemClient          : [ItemClient#queryItemsByIds] transfer-encoding: chunked
15:36:40:519 DEBUG 29892 --- [http-nio-8082-exec-1] com.hmall.api.client.ItemClient          : [ItemClient#queryItemsByIds] 
15:36:40:520 DEBUG 29892 --- [http-nio-8082-exec-1] com.hmall.api.client.ItemClient          : [ItemClient#queryItemsByIds] [{"id":"317578","name":"RIMOWA 21寸托运箱拉杆箱 SALSA AIR系列果绿色 820.70.36.4","price":28900,"stock":9978,"image":"https://m.360buyimg.com/mobilecms/s720x720_jfs/t6934/364/1195375010/84676/e9f2c55f/597ece38N0ddcbc77.jpg!q70.jpg.webp","category":"拉杆箱","brand":"RIMOWA","spec":"{\"颜色\": \"红色\", \"尺码\": \"21寸\"}","sold":0,"commentCount":0,"isAD":false,"status":1}]
15:36:40:520 DEBUG 29892 --- [http-nio-8082-exec-1] com.hmall.api.client.ItemClient          : [ItemClient#queryItemsByIds] <--- END HTTP (396-byte body)
15:36:42:558 DEBUG 29892 --- [http-nio-8082-exec-2] c.h.cart.mapper.CartMapper.selectList    : ==>  Preparing: SELECT id,user_id,item_id,num,name,spec,price,image,create_time,update_time FROM cart WHERE (user_id = ?)
15:36:42:558 DEBUG 29892 --- [http-nio-8082-exec-2] c.h.cart.mapper.CartMapper.selectList    : ==> Parameters: 2(Long)
15:36:42:588 DEBUG 29892 --- [http-nio-8082-exec-2] c.h.cart.mapper.CartMapper.selectList    : <==      Total: 1
15:36:42:590 DEBUG 29892 --- [http-nio-8082-exec-2] com.hmall.api.client.ItemClient          : [ItemClient#queryItemsByIds] ---> GET http://item-service/items?ids=317578 HTTP/1.1
15:36:42:590 DEBUG 29892 --- [http-nio-8082-exec-2] com.hmall.api.client.ItemClient          : [ItemClient#queryItemsByIds] user-info: 2
15:36:42:590 DEBUG 29892 --- [http-nio-8082-exec-2] com.hmall.api.client.ItemClient          : [ItemClient#queryItemsByIds] ---> END HTTP (0-byte body)
15:36:42:656 DEBUG 29892 --- [http-nio-8082-exec-2] com.hmall.api.client.ItemClient          : [ItemClient#queryItemsByIds] <--- HTTP/1.1 200  (66ms)
15:36:42:656 DEBUG 29892 --- [http-nio-8082-exec-2] com.hmall.api.client.ItemClient          : [ItemClient#queryItemsByIds] connection: keep-alive
15:36:42:656 DEBUG 29892 --- [http-nio-8082-exec-2] com.hmall.api.client.ItemClient          : [ItemClient#queryItemsByIds] content-type: application/json
15:36:42:656 DEBUG 29892 --- [http-nio-8082-exec-2] com.hmall.api.client.ItemClient          : [ItemClient#queryItemsByIds] date: Fri, 10 Apr 2026 07:36:42 GMT
15:36:42:656 DEBUG 29892 --- [http-nio-8082-exec-2] com.hmall.api.client.ItemClient          : [ItemClient#queryItemsByIds] keep-alive: timeout=60
15:36:42:656 DEBUG 29892 --- [http-nio-8082-exec-2] com.hmall.api.client.ItemClient          : [ItemClient#queryItemsByIds] transfer-encoding: chunked
15:36:42:656 DEBUG 29892 --- [http-nio-8082-exec-2] com.hmall.api.client.ItemClient          : [ItemClient#queryItemsByIds] 
15:36:42:656 DEBUG 29892 --- [http-nio-8082-exec-2] com.hmall.api.client.ItemClient          : [ItemClient#queryItemsByIds] [{"id":"317578","name":"RIMOWA 21寸托运箱拉杆箱 SALSA AIR系列果绿色 820.70.36.4","price":28900,"stock":9978,"image":"https://m.360buyimg.com/mobilecms/s720x720_jfs/t6934/364/1195375010/84676/e9f2c55f/597ece38N0ddcbc77.jpg!q70.jpg.webp","category":"拉杆箱","brand":"RIMOWA","spec":"{\"颜色\": \"红色\", \"尺码\": \"21寸\"}","sold":0,"commentCount":0,"isAD":false,"status":1}]
15:36:42:658 DEBUG 29892 --- [http-nio-8082-exec-2] com.hmall.api.client.ItemClient          : [ItemClient#queryItemsByIds] <--- END HTTP (396-byte body)
15:36:45:028 DEBUG 29892 --- [http-nio-8082-exec-3] c.h.cart.mapper.CartMapper.selectList    : ==>  Preparing: SELECT id,user_id,item_id,num,name,spec,price,image,create_time,update_time FROM cart WHERE (user_id = ?)
15:36:45:029 DEBUG 29892 --- [http-nio-8082-exec-3] c.h.cart.mapper.CartMapper.selectList    : ==> Parameters: 2(Long)
15:36:45:052 DEBUG 29892 --- [http-nio-8082-exec-3] c.h.cart.mapper.CartMapper.selectList    : <==      Total: 1
15:36:45:054 DEBUG 29892 --- [http-nio-8082-exec-3] com.hmall.api.client.ItemClient          : [ItemClient#queryItemsByIds] ---> GET http://item-service/items?ids=317578 HTTP/1.1
15:36:45:054 DEBUG 29892 --- [http-nio-8082-exec-3] com.hmall.api.client.ItemClient          : [ItemClient#queryItemsByIds] user-info: 2
15:36:45:054 DEBUG 29892 --- [http-nio-8082-exec-3] com.hmall.api.client.ItemClient          : [ItemClient#queryItemsByIds] ---> END HTTP (0-byte body)
15:36:45:115 DEBUG 29892 --- [http-nio-8082-exec-3] com.hmall.api.client.ItemClient          : [ItemClient#queryItemsByIds] <--- HTTP/1.1 200  (61ms)
15:36:45:116 DEBUG 29892 --- [http-nio-8082-exec-3] com.hmall.api.client.ItemClient          : [ItemClient#queryItemsByIds] connection: keep-alive
15:36:45:116 DEBUG 29892 --- [http-nio-8082-exec-3] com.hmall.api.client.ItemClient          : [ItemClient#queryItemsByIds] content-type: application/json
15:36:45:116 DEBUG 29892 --- [http-nio-8082-exec-3] com.hmall.api.client.ItemClient          : [ItemClient#queryItemsByIds] date: Fri, 10 Apr 2026 07:36:45 GMT
15:36:45:116 DEBUG 29892 --- [http-nio-8082-exec-3] com.hmall.api.client.ItemClient          : [ItemClient#queryItemsByIds] keep-alive: timeout=60
15:36:45:116 DEBUG 29892 --- [http-nio-8082-exec-3] com.hmall.api.client.ItemClient          : [ItemClient#queryItemsByIds] transfer-encoding: chunked
15:36:45:116 DEBUG 29892 --- [http-nio-8082-exec-3] com.hmall.api.client.ItemClient          : [ItemClient#queryItemsByIds] 
15:36:45:117 DEBUG 29892 --- [http-nio-8082-exec-3] com.hmall.api.client.ItemClient          : [ItemClient#queryItemsByIds] [{"id":"317578","name":"RIMOWA 21寸托运箱拉杆箱 SALSA AIR系列果绿色 820.70.36.4","price":28900,"stock":9978,"image":"https://m.360buyimg.com/mobilecms/s720x720_jfs/t6934/364/1195375010/84676/e9f2c55f/597ece38N0ddcbc77.jpg!q70.jpg.webp","category":"拉杆箱","brand":"RIMOWA","spec":"{\"颜色\": \"红色\", \"尺码\": \"21寸\"}","sold":0,"commentCount":0,"isAD":false,"status":1}]
15:36:45:117 DEBUG 29892 --- [http-nio-8082-exec-3] com.hmall.api.client.ItemClient          : [ItemClient#queryItemsByIds] <--- END HTTP (396-byte body)
15:36:49:476 DEBUG 29892 --- [http-nio-8082-exec-4] c.h.cart.mapper.CartMapper.selectCount   : ==>  Preparing: SELECT COUNT( * ) FROM cart WHERE (user_id = ? AND item_id = ?)
15:36:49:476 DEBUG 29892 --- [http-nio-8082-exec-4] c.h.cart.mapper.CartMapper.selectCount   : ==> Parameters: 2(Long), 2120808(Long)
15:36:49:496 DEBUG 29892 --- [http-nio-8082-exec-4] c.h.cart.mapper.CartMapper.selectCount   : <==      Total: 1
15:36:49:499 DEBUG 29892 --- [http-nio-8082-exec-4] c.h.cart.mapper.CartMapper.selectCount   : ==>  Preparing: SELECT COUNT( * ) FROM cart WHERE (user_id = ?)
15:36:49:499 DEBUG 29892 --- [http-nio-8082-exec-4] c.h.cart.mapper.CartMapper.selectCount   : ==> Parameters: 2(Long)
15:36:49:520 DEBUG 29892 --- [http-nio-8082-exec-4] c.h.cart.mapper.CartMapper.selectCount   : <==      Total: 1
15:36:49:524 DEBUG 29892 --- [http-nio-8082-exec-4] com.hmall.cart.mapper.CartMapper.insert  : ==>  Preparing: INSERT INTO cart ( user_id, item_id, name, spec, price, image ) VALUES ( ?, ?, ?, ?, ?, ? )
15:36:49:525 DEBUG 29892 --- [http-nio-8082-exec-4] com.hmall.cart.mapper.CartMapper.insert  : ==> Parameters: 2(Long), 2120808(Long), 姬龙雪 guy laroche女包 GL经典手提包女牛皮大容量单肩包女欧美时尚包包女包GS1210001-06杏色(String), {}(String), 71800(Integer), https://m.360buyimg.com/mobilecms/s720x720_jfs/t30694/267/398774087/90954/6fc143cf/5bf25358N14dadbf7.jpg!q70.jpg.webp(String)
15:36:49:570 DEBUG 29892 --- [http-nio-8082-exec-4] com.hmall.cart.mapper.CartMapper.insert  : <==    Updates: 1
15:36:49:621 DEBUG 29892 --- [http-nio-8082-exec-5] c.h.cart.mapper.CartMapper.selectList    : ==>  Preparing: SELECT id,user_id,item_id,num,name,spec,price,image,create_time,update_time FROM cart WHERE (user_id = ?)
15:36:49:622 DEBUG 29892 --- [http-nio-8082-exec-5] c.h.cart.mapper.CartMapper.selectList    : ==> Parameters: 2(Long)
15:36:49:640 DEBUG 29892 --- [http-nio-8082-exec-5] c.h.cart.mapper.CartMapper.selectList    : <==      Total: 2
15:36:49:642 DEBUG 29892 --- [http-nio-8082-exec-5] com.hmall.api.client.ItemClient          : [ItemClient#queryItemsByIds] ---> GET http://item-service/items?ids=2120808&ids=317578 HTTP/1.1
15:36:49:642 DEBUG 29892 --- [http-nio-8082-exec-5] com.hmall.api.client.ItemClient          : [ItemClient#queryItemsByIds] user-info: 2
15:36:49:642 DEBUG 29892 --- [http-nio-8082-exec-5] com.hmall.api.client.ItemClient          : [ItemClient#queryItemsByIds] ---> END HTTP (0-byte body)
15:36:49:699 DEBUG 29892 --- [http-nio-8082-exec-5] com.hmall.api.client.ItemClient          : [ItemClient#queryItemsByIds] <--- HTTP/1.1 200  (57ms)
15:36:49:700 DEBUG 29892 --- [http-nio-8082-exec-5] com.hmall.api.client.ItemClient          : [ItemClient#queryItemsByIds] connection: keep-alive
15:36:49:700 DEBUG 29892 --- [http-nio-8082-exec-5] com.hmall.api.client.ItemClient          : [ItemClient#queryItemsByIds] content-type: application/json
15:36:49:700 DEBUG 29892 --- [http-nio-8082-exec-5] com.hmall.api.client.ItemClient          : [ItemClient#queryItemsByIds] date: Fri, 10 Apr 2026 07:36:49 GMT
15:36:49:700 DEBUG 29892 --- [http-nio-8082-exec-5] com.hmall.api.client.ItemClient          : [ItemClient#queryItemsByIds] keep-alive: timeout=60
15:36:49:700 DEBUG 29892 --- [http-nio-8082-exec-5] com.hmall.api.client.ItemClient          : [ItemClient#queryItemsByIds] transfer-encoding: chunked
15:36:49:700 DEBUG 29892 --- [http-nio-8082-exec-5] com.hmall.api.client.ItemClient          : [ItemClient#queryItemsByIds] 
15:36:49:700 DEBUG 29892 --- [http-nio-8082-exec-5] com.hmall.api.client.ItemClient          : [ItemClient#queryItemsByIds] [{"id":"317578","name":"RIMOWA 21寸托运箱拉杆箱 SALSA AIR系列果绿色 820.70.36.4","price":28900,"stock":9978,"image":"https://m.360buyimg.com/mobilecms/s720x720_jfs/t6934/364/1195375010/84676/e9f2c55f/597ece38N0ddcbc77.jpg!q70.jpg.webp","category":"拉杆箱","brand":"RIMOWA","spec":"{\"颜色\": \"红色\", \"尺码\": \"21寸\"}","sold":0,"commentCount":0,"isAD":false,"status":1},{"id":"2120808","name":"姬龙雪 guy laroche女包 GL经典手提包女牛皮大容量单肩包女欧美时尚包包女包GS1210001-06杏色","price":71800,"stock":0,"image":"https://m.360buyimg.com/mobilecms/s720x720_jfs/t30694/267/398774087/90954/6fc143cf/5bf25358N14dadbf7.jpg!q70.jpg.webp","category":"真皮包","brand":"姬龙雪","spec":"{}","sold":0,"commentCount":0,"isAD":false,"status":1}]
15:36:49:701 DEBUG 29892 --- [http-nio-8082-exec-5] com.hmall.api.client.ItemClient          : [ItemClient#queryItemsByIds] <--- END HTTP (797-byte body)
15:37:00:044 DEBUG 29892 --- [http-nio-8082-exec-6] c.h.cart.mapper.CartMapper.deleteById    : ==>  Preparing: DELETE FROM cart WHERE id=?
15:37:00:045 DEBUG 29892 --- [http-nio-8082-exec-6] c.h.cart.mapper.CartMapper.deleteById    : ==> Parameters: 15(Long)
15:37:00:087 DEBUG 29892 --- [http-nio-8082-exec-6] c.h.cart.mapper.CartMapper.deleteById    : <==    Updates: 1
15:37:00:102 DEBUG 29892 --- [http-nio-8082-exec-7] c.h.cart.mapper.CartMapper.selectList    : ==>  Preparing: SELECT id,user_id,item_id,num,name,spec,price,image,create_time,update_time FROM cart WHERE (user_id = ?)
15:37:00:102 DEBUG 29892 --- [http-nio-8082-exec-7] c.h.cart.mapper.CartMapper.selectList    : ==> Parameters: 2(Long)
15:37:00:126 DEBUG 29892 --- [http-nio-8082-exec-7] c.h.cart.mapper.CartMapper.selectList    : <==      Total: 1
15:37:00:127 DEBUG 29892 --- [http-nio-8082-exec-7] com.hmall.api.client.ItemClient          : [ItemClient#queryItemsByIds] ---> GET http://item-service/items?ids=317578 HTTP/1.1
15:37:00:127 DEBUG 29892 --- [http-nio-8082-exec-7] com.hmall.api.client.ItemClient          : [ItemClient#queryItemsByIds] user-info: 2
15:37:00:127 DEBUG 29892 --- [http-nio-8082-exec-7] com.hmall.api.client.ItemClient          : [ItemClient#queryItemsByIds] ---> END HTTP (0-byte body)
15:37:00:191 DEBUG 29892 --- [http-nio-8082-exec-7] com.hmall.api.client.ItemClient          : [ItemClient#queryItemsByIds] <--- HTTP/1.1 200  (63ms)
15:37:00:191 DEBUG 29892 --- [http-nio-8082-exec-7] com.hmall.api.client.ItemClient          : [ItemClient#queryItemsByIds] connection: keep-alive
15:37:00:191 DEBUG 29892 --- [http-nio-8082-exec-7] com.hmall.api.client.ItemClient          : [ItemClient#queryItemsByIds] content-type: application/json
15:37:00:191 DEBUG 29892 --- [http-nio-8082-exec-7] com.hmall.api.client.ItemClient          : [ItemClient#queryItemsByIds] date: Fri, 10 Apr 2026 07:37:00 GMT
15:37:00:191 DEBUG 29892 --- [http-nio-8082-exec-7] com.hmall.api.client.ItemClient          : [ItemClient#queryItemsByIds] keep-alive: timeout=60
15:37:00:191 DEBUG 29892 --- [http-nio-8082-exec-7] com.hmall.api.client.ItemClient          : [ItemClient#queryItemsByIds] transfer-encoding: chunked
15:37:00:191 DEBUG 29892 --- [http-nio-8082-exec-7] com.hmall.api.client.ItemClient          : [ItemClient#queryItemsByIds] 
15:37:00:191 DEBUG 29892 --- [http-nio-8082-exec-7] com.hmall.api.client.ItemClient          : [ItemClient#queryItemsByIds] [{"id":"317578","name":"RIMOWA 21寸托运箱拉杆箱 SALSA AIR系列果绿色 820.70.36.4","price":28900,"stock":9978,"image":"https://m.360buyimg.com/mobilecms/s720x720_jfs/t6934/364/1195375010/84676/e9f2c55f/597ece38N0ddcbc77.jpg!q70.jpg.webp","category":"拉杆箱","brand":"RIMOWA","spec":"{\"颜色\": \"红色\", \"尺码\": \"21寸\"}","sold":0,"commentCount":0,"isAD":false,"status":1}]
15:37:00:191 DEBUG 29892 --- [http-nio-8082-exec-7] com.hmall.api.client.ItemClient          : [ItemClient#queryItemsByIds] <--- END HTTP (396-byte body)
15:37:02:862 DEBUG 29892 --- [http-nio-8082-exec-8] c.h.cart.mapper.CartMapper.selectList    : ==>  Preparing: SELECT id,user_id,item_id,num,name,spec,price,image,create_time,update_time FROM cart WHERE (user_id = ?)
15:37:02:863 DEBUG 29892 --- [http-nio-8082-exec-8] c.h.cart.mapper.CartMapper.selectList    : ==> Parameters: 2(Long)
15:37:02:884 DEBUG 29892 --- [http-nio-8082-exec-8] c.h.cart.mapper.CartMapper.selectList    : <==      Total: 1
15:37:02:885 DEBUG 29892 --- [http-nio-8082-exec-8] com.hmall.api.client.ItemClient          : [ItemClient#queryItemsByIds] ---> GET http://item-service/items?ids=317578 HTTP/1.1
15:37:02:885 DEBUG 29892 --- [http-nio-8082-exec-8] com.hmall.api.client.ItemClient          : [ItemClient#queryItemsByIds] user-info: 2
15:37:02:885 DEBUG 29892 --- [http-nio-8082-exec-8] com.hmall.api.client.ItemClient          : [ItemClient#queryItemsByIds] ---> END HTTP (0-byte body)
15:37:02:951 DEBUG 29892 --- [http-nio-8082-exec-8] com.hmall.api.client.ItemClient          : [ItemClient#queryItemsByIds] <--- HTTP/1.1 200  (65ms)
15:37:02:951 DEBUG 29892 --- [http-nio-8082-exec-8] com.hmall.api.client.ItemClient          : [ItemClient#queryItemsByIds] connection: keep-alive
15:37:02:951 DEBUG 29892 --- [http-nio-8082-exec-8] com.hmall.api.client.ItemClient          : [ItemClient#queryItemsByIds] content-type: application/json
15:37:02:951 DEBUG 29892 --- [http-nio-8082-exec-8] com.hmall.api.client.ItemClient          : [ItemClient#queryItemsByIds] date: Fri, 10 Apr 2026 07:37:02 GMT
15:37:02:952 DEBUG 29892 --- [http-nio-8082-exec-8] com.hmall.api.client.ItemClient          : [ItemClient#queryItemsByIds] keep-alive: timeout=60
15:37:02:952 DEBUG 29892 --- [http-nio-8082-exec-8] com.hmall.api.client.ItemClient          : [ItemClient#queryItemsByIds] transfer-encoding: chunked
15:37:02:952 DEBUG 29892 --- [http-nio-8082-exec-8] com.hmall.api.client.ItemClient          : [ItemClient#queryItemsByIds] 
15:37:02:952 DEBUG 29892 --- [http-nio-8082-exec-8] com.hmall.api.client.ItemClient          : [ItemClient#queryItemsByIds] [{"id":"317578","name":"RIMOWA 21寸托运箱拉杆箱 SALSA AIR系列果绿色 820.70.36.4","price":28900,"stock":9978,"image":"https://m.360buyimg.com/mobilecms/s720x720_jfs/t6934/364/1195375010/84676/e9f2c55f/597ece38N0ddcbc77.jpg!q70.jpg.webp","category":"拉杆箱","brand":"RIMOWA","spec":"{\"颜色\": \"红色\", \"尺码\": \"21寸\"}","sold":0,"commentCount":0,"isAD":false,"status":1}]
15:37:02:952 DEBUG 29892 --- [http-nio-8082-exec-8] com.hmall.api.client.ItemClient          : [ItemClient#queryItemsByIds] <--- END HTTP (396-byte body)
15:37:08:459 DEBUG 29892 --- [http-nio-8082-exec-9] c.h.cart.mapper.CartMapper.selectCount   : ==>  Preparing: SELECT COUNT( * ) FROM cart WHERE (user_id = ? AND item_id = ?)
15:37:08:460 DEBUG 29892 --- [http-nio-8082-exec-9] c.h.cart.mapper.CartMapper.selectCount   : ==> Parameters: 2(Long), 100001511821(Long)
15:37:08:479 DEBUG 29892 --- [http-nio-8082-exec-9] c.h.cart.mapper.CartMapper.selectCount   : <==      Total: 1
15:37:08:482 DEBUG 29892 --- [http-nio-8082-exec-9] c.h.cart.mapper.CartMapper.selectCount   : ==>  Preparing: SELECT COUNT( * ) FROM cart WHERE (user_id = ?)
15:37:08:482 DEBUG 29892 --- [http-nio-8082-exec-9] c.h.cart.mapper.CartMapper.selectCount   : ==> Parameters: 2(Long)
15:37:08:503 DEBUG 29892 --- [http-nio-8082-exec-9] c.h.cart.mapper.CartMapper.selectCount   : <==      Total: 1
15:37:08:505 DEBUG 29892 --- [http-nio-8082-exec-9] com.hmall.cart.mapper.CartMapper.insert  : ==>  Preparing: INSERT INTO cart ( user_id, item_id, name, spec, price, image ) VALUES ( ?, ?, ?, ?, ?, ? )
15:37:08:505 DEBUG 29892 --- [http-nio-8082-exec-9] com.hmall.cart.mapper.CartMapper.insert  : ==> Parameters: 2(Long), 100001511821(Long), HMDIME 牛仔背带裤女2018秋冬新品 韩版学院风潮流百搭弹力修身补丁学生吊带长裤女 AXNZ369 深蓝 30(String), {"颜色": "蓝色", "尺码": "30"}(String), 13700(Integer), https://m.360buyimg.com/mobilecms/s720x720_jfs/t30892/263/313055374/557791/c98e9abc/5bef811aN036f7c3b.jpg!q70.jpg.webp(String)
15:37:08:547 DEBUG 29892 --- [http-nio-8082-exec-9] com.hmall.cart.mapper.CartMapper.insert  : <==    Updates: 1
15:37:08:593 DEBUG 29892 --- [http-nio-8082-exec-10] c.h.cart.mapper.CartMapper.selectList    : ==>  Preparing: SELECT id,user_id,item_id,num,name,spec,price,image,create_time,update_time FROM cart WHERE (user_id = ?)
15:37:08:595 DEBUG 29892 --- [http-nio-8082-exec-10] c.h.cart.mapper.CartMapper.selectList    : ==> Parameters: 2(Long)
15:37:08:619 DEBUG 29892 --- [http-nio-8082-exec-10] c.h.cart.mapper.CartMapper.selectList    : <==      Total: 2
15:37:08:621 DEBUG 29892 --- [http-nio-8082-exec-10] com.hmall.api.client.ItemClient          : [ItemClient#queryItemsByIds] ---> GET http://item-service/items?ids=100001511821&ids=317578 HTTP/1.1
15:37:08:621 DEBUG 29892 --- [http-nio-8082-exec-10] com.hmall.api.client.ItemClient          : [ItemClient#queryItemsByIds] user-info: 2
15:37:08:621 DEBUG 29892 --- [http-nio-8082-exec-10] com.hmall.api.client.ItemClient          : [ItemClient#queryItemsByIds] ---> END HTTP (0-byte body)
15:37:08:686 DEBUG 29892 --- [http-nio-8082-exec-10] com.hmall.api.client.ItemClient          : [ItemClient#queryItemsByIds] <--- HTTP/1.1 200  (65ms)
15:37:08:686 DEBUG 29892 --- [http-nio-8082-exec-10] com.hmall.api.client.ItemClient          : [ItemClient#queryItemsByIds] connection: keep-alive
15:37:08:686 DEBUG 29892 --- [http-nio-8082-exec-10] com.hmall.api.client.ItemClient          : [ItemClient#queryItemsByIds] content-type: application/json
15:37:08:686 DEBUG 29892 --- [http-nio-8082-exec-10] com.hmall.api.client.ItemClient          : [ItemClient#queryItemsByIds] date: Fri, 10 Apr 2026 07:37:08 GMT
15:37:08:686 DEBUG 29892 --- [http-nio-8082-exec-10] com.hmall.api.client.ItemClient          : [ItemClient#queryItemsByIds] keep-alive: timeout=60
15:37:08:686 DEBUG 29892 --- [http-nio-8082-exec-10] com.hmall.api.client.ItemClient          : [ItemClient#queryItemsByIds] transfer-encoding: chunked
15:37:08:686 DEBUG 29892 --- [http-nio-8082-exec-10] com.hmall.api.client.ItemClient          : [ItemClient#queryItemsByIds] 
15:37:08:687 DEBUG 29892 --- [http-nio-8082-exec-10] com.hmall.api.client.ItemClient          : [ItemClient#queryItemsByIds] [{"id":"317578","name":"RIMOWA 21寸托运箱拉杆箱 SALSA AIR系列果绿色 820.70.36.4","price":28900,"stock":9978,"image":"https://m.360buyimg.com/mobilecms/s720x720_jfs/t6934/364/1195375010/84676/e9f2c55f/597ece38N0ddcbc77.jpg!q70.jpg.webp","category":"拉杆箱","brand":"RIMOWA","spec":"{\"颜色\": \"红色\", \"尺码\": \"21寸\"}","sold":0,"commentCount":0,"isAD":false,"status":1},{"id":"100001511821","name":"HMDIME 牛仔背带裤女2018秋冬新品 韩版学院风潮流百搭弹力修身补丁学生吊带长裤女 AXNZ369 深蓝 30","price":13700,"stock":10000,"image":"https://m.360buyimg.com/mobilecms/s720x720_jfs/t30892/263/313055374/557791/c98e9abc/5bef811aN036f7c3b.jpg!q70.jpg.webp","category":"牛仔裤","brand":"HMDIME","spec":"{\"颜色\": \"蓝色\", \"尺码\": \"30\"}","sold":0,"commentCount":0,"isAD":false,"status":1}]
15:37:08:687 DEBUG 29892 --- [http-nio-8082-exec-10] com.hmall.api.client.ItemClient          : [ItemClient#queryItemsByIds] <--- END HTTP (855-byte body)
15:37:13:623 DEBUG 29892 --- [http-nio-8082-exec-1] com.hmall.cart.mapper.CartMapper.delete  : ==>  Preparing: DELETE FROM cart WHERE (user_id = ? AND item_id IN (?,?))
15:37:13:624 DEBUG 29892 --- [http-nio-8082-exec-1] com.hmall.cart.mapper.CartMapper.delete  : ==> Parameters: 2(Long), 100001511821(Long), 317578(Long)
15:37:13:670 DEBUG 29892 --- [http-nio-8082-exec-1] com.hmall.cart.mapper.CartMapper.delete  : <==    Updates: 2
15:37:15:646 DEBUG 29892 --- [http-nio-8082-exec-2] c.h.cart.mapper.CartMapper.selectList    : ==>  Preparing: SELECT id,user_id,item_id,num,name,spec,price,image,create_time,update_time FROM cart WHERE (user_id = ?)
15:37:15:646 DEBUG 29892 --- [http-nio-8082-exec-2] c.h.cart.mapper.CartMapper.selectList    : ==> Parameters: 2(Long)
15:37:15:668 DEBUG 29892 --- [http-nio-8082-exec-2] c.h.cart.mapper.CartMapper.selectList    : <==      Total: 0
15:37:18:380 DEBUG 29892 --- [http-nio-8082-exec-3] c.h.cart.mapper.CartMapper.selectList    : ==>  Preparing: SELECT id,user_id,item_id,num,name,spec,price,image,create_time,update_time FROM cart WHERE (user_id = ?)
15:37:18:380 DEBUG 29892 --- [http-nio-8082-exec-3] c.h.cart.mapper.CartMapper.selectList    : ==> Parameters: 2(Long)
15:37:18:400 DEBUG 29892 --- [http-nio-8082-exec-3] c.h.cart.mapper.CartMapper.selectList    : <==      Total: 0
15:37:19:105 DEBUG 29892 --- [http-nio-8082-exec-4] c.h.cart.mapper.CartMapper.selectList    : ==>  Preparing: SELECT id,user_id,item_id,num,name,spec,price,image,create_time,update_time FROM cart WHERE (user_id = ?)
15:37:19:106 DEBUG 29892 --- [http-nio-8082-exec-4] c.h.cart.mapper.CartMapper.selectList    : ==> Parameters: 2(Long)
15:37:19:125 DEBUG 29892 --- [http-nio-8082-exec-4] c.h.cart.mapper.CartMapper.selectList    : <==      Total: 0
15:37:23:469 DEBUG 29892 --- [http-nio-8082-exec-5] c.h.cart.mapper.CartMapper.selectCount   : ==>  Preparing: SELECT COUNT( * ) FROM cart WHERE (user_id = ? AND item_id = ?)
15:37:23:469 DEBUG 29892 --- [http-nio-8082-exec-5] c.h.cart.mapper.CartMapper.selectCount   : ==> Parameters: 2(Long), 14741770661(Long)
15:37:23:488 DEBUG 29892 --- [http-nio-8082-exec-5] c.h.cart.mapper.CartMapper.selectCount   : <==      Total: 1
15:37:23:490 DEBUG 29892 --- [http-nio-8082-exec-5] c.h.cart.mapper.CartMapper.selectCount   : ==>  Preparing: SELECT COUNT( * ) FROM cart WHERE (user_id = ?)
15:37:23:490 DEBUG 29892 --- [http-nio-8082-exec-5] c.h.cart.mapper.CartMapper.selectCount   : ==> Parameters: 2(Long)
15:37:23:510 DEBUG 29892 --- [http-nio-8082-exec-5] c.h.cart.mapper.CartMapper.selectCount   : <==      Total: 1
15:37:23:511 DEBUG 29892 --- [http-nio-8082-exec-5] com.hmall.cart.mapper.CartMapper.insert  : ==>  Preparing: INSERT INTO cart ( user_id, item_id, name, spec, price, image ) VALUES ( ?, ?, ?, ?, ?, ? )
15:37:23:511 DEBUG 29892 --- [http-nio-8082-exec-5] com.hmall.cart.mapper.CartMapper.insert  : ==> Parameters: 2(Long), 14741770661(Long), 康佳（KONKA） LED49UC3 49英寸超薄曲面36核4K HDR人工智能电视(String), {}(String), 144600(Integer), https://m.360buyimg.com/mobilecms/s720x720_jfs/t16477/84/2032772431/400946/2887be91/5a912776N7e343ec3.jpg!q70.jpg.webp(String)
15:37:23:564 DEBUG 29892 --- [http-nio-8082-exec-5] com.hmall.cart.mapper.CartMapper.insert  : <==    Updates: 1
15:37:23:609 DEBUG 29892 --- [http-nio-8082-exec-6] c.h.cart.mapper.CartMapper.selectList    : ==>  Preparing: SELECT id,user_id,item_id,num,name,spec,price,image,create_time,update_time FROM cart WHERE (user_id = ?)
15:37:23:609 DEBUG 29892 --- [http-nio-8082-exec-6] c.h.cart.mapper.CartMapper.selectList    : ==> Parameters: 2(Long)
15:37:23:630 DEBUG 29892 --- [http-nio-8082-exec-6] c.h.cart.mapper.CartMapper.selectList    : <==      Total: 1
15:37:23:633 DEBUG 29892 --- [http-nio-8082-exec-6] com.hmall.api.client.ItemClient          : [ItemClient#queryItemsByIds] ---> GET http://item-service/items?ids=14741770661 HTTP/1.1
15:37:23:633 DEBUG 29892 --- [http-nio-8082-exec-6] com.hmall.api.client.ItemClient          : [ItemClient#queryItemsByIds] user-info: 2
15:37:23:633 DEBUG 29892 --- [http-nio-8082-exec-6] com.hmall.api.client.ItemClient          : [ItemClient#queryItemsByIds] ---> END HTTP (0-byte body)
15:37:23:696 DEBUG 29892 --- [http-nio-8082-exec-6] com.hmall.api.client.ItemClient          : [ItemClient#queryItemsByIds] <--- HTTP/1.1 200  (62ms)
15:37:23:696 DEBUG 29892 --- [http-nio-8082-exec-6] com.hmall.api.client.ItemClient          : [ItemClient#queryItemsByIds] connection: keep-alive
15:37:23:696 DEBUG 29892 --- [http-nio-8082-exec-6] com.hmall.api.client.ItemClient          : [ItemClient#queryItemsByIds] content-type: application/json
15:37:23:696 DEBUG 29892 --- [http-nio-8082-exec-6] com.hmall.api.client.ItemClient          : [ItemClient#queryItemsByIds] date: Fri, 10 Apr 2026 07:37:23 GMT
15:37:23:697 DEBUG 29892 --- [http-nio-8082-exec-6] com.hmall.api.client.ItemClient          : [ItemClient#queryItemsByIds] keep-alive: timeout=60
15:37:23:697 DEBUG 29892 --- [http-nio-8082-exec-6] com.hmall.api.client.ItemClient          : [ItemClient#queryItemsByIds] transfer-encoding: chunked
15:37:23:697 DEBUG 29892 --- [http-nio-8082-exec-6] com.hmall.api.client.ItemClient          : [ItemClient#queryItemsByIds] 
15:37:23:697 DEBUG 29892 --- [http-nio-8082-exec-6] com.hmall.api.client.ItemClient          : [ItemClient#queryItemsByIds] [{"id":"14741770661","name":"康佳（KONKA） LED49UC3 49英寸超薄曲面36核4K HDR人工智能电视","price":144600,"stock":10000,"image":"https://m.360buyimg.com/mobilecms/s720x720_jfs/t16477/84/2032772431/400946/2887be91/5a912776N7e343ec3.jpg!q70.jpg.webp","category":"曲面电视","brand":"康佳","spec":"{}","sold":0,"commentCount":0,"isAD":false,"status":1}]
15:37:23:697 DEBUG 29892 --- [http-nio-8082-exec-6] com.hmall.api.client.ItemClient          : [ItemClient#queryItemsByIds] <--- END HTTP (371-byte body)
15:37:26:505 DEBUG 29892 --- [http-nio-8082-exec-7] com.hmall.cart.mapper.CartMapper.delete  : ==>  Preparing: DELETE FROM cart WHERE (user_id = ? AND item_id IN (?))
15:37:26:506 DEBUG 29892 --- [http-nio-8082-exec-7] com.hmall.cart.mapper.CartMapper.delete  : ==> Parameters: 2(Long), 14741770661(Long)
15:37:26:555 DEBUG 29892 --- [http-nio-8082-exec-7] com.hmall.cart.mapper.CartMapper.delete  : <==    Updates: 1
15:37:28:164 DEBUG 29892 --- [http-nio-8082-exec-8] c.h.cart.mapper.CartMapper.selectList    : ==>  Preparing: SELECT id,user_id,item_id,num,name,spec,price,image,create_time,update_time FROM cart WHERE (user_id = ?)
15:37:28:165 DEBUG 29892 --- [http-nio-8082-exec-8] c.h.cart.mapper.CartMapper.selectList    : ==> Parameters: 2(Long)
15:37:28:187 DEBUG 29892 --- [http-nio-8082-exec-8] c.h.cart.mapper.CartMapper.selectList    : <==      Total: 0
15:37:30:031 DEBUG 29892 --- [http-nio-8082-exec-9] c.h.cart.mapper.CartMapper.selectList    : ==>  Preparing: SELECT id,user_id,item_id,num,name,spec,price,image,create_time,update_time FROM cart WHERE (user_id = ?)
15:37:30:032 DEBUG 29892 --- [http-nio-8082-exec-9] c.h.cart.mapper.CartMapper.selectList    : ==> Parameters: 2(Long)
15:37:30:055 DEBUG 29892 --- [http-nio-8082-exec-9] c.h.cart.mapper.CartMapper.selectList    : <==      Total: 0
15:37:35:004  WARN 29892 --- [Thread-4] c.a.nacos.common.notify.NotifyCenter     : [NotifyCenter] Start destroying Publisher
15:37:35:004  WARN 29892 --- [Thread-4] c.a.nacos.common.notify.NotifyCenter     : [NotifyCenter] Destruction of the end
15:37:35:004  WARN 29892 --- [Thread-7] c.a.n.common.http.HttpClientBeanHolder   : [HttpClientBeanHolder] Start destroying common HttpClient
15:37:35:005  WARN 29892 --- [Thread-7] c.a.n.common.http.HttpClientBeanHolder   : [HttpClientBeanHolder] Destruction of the end
15:37:35:940  INFO 29892 --- [SpringApplicationShutdownHook] c.a.c.n.registry.NacosServiceRegistry    : De-registering from Nacos Server now...
15:37:35:970  INFO 29892 --- [SpringApplicationShutdownHook] c.a.c.n.registry.NacosServiceRegistry    : De-registration finished.
15:37:36:295  INFO 29892 --- [SpringApplicationShutdownHook] com.alibaba.nacos.common.remote.client   : Shutdown rpc client, set status to shutdown
15:37:36:295  INFO 29892 --- [SpringApplicationShutdownHook] com.alibaba.nacos.common.remote.client   : Shutdown client event executor java.util.concurrent.ScheduledThreadPoolExecutor@6f277abf[Running, pool size = 2, active threads = 2, queued tasks = 0, completed tasks = 0]
15:37:36:295  INFO 29892 --- [SpringApplicationShutdownHook] com.alibaba.nacos.common.remote.client   : Close current connection 1775806574240_119.251.158.154_47690
15:37:36:300  INFO 29892 --- [SpringApplicationShutdownHook] c.a.n.c.remote.client.grpc.GrpcClient    : Shutdown grpc executor java.util.concurrent.ThreadPoolExecutor@7a65660f[Running, pool size = 4, active threads = 0, queued tasks = 0, completed tasks = 34]
15:37:36:304  INFO 29892 --- [SpringApplicationShutdownHook] com.zaxxer.hikari.HikariDataSource       : HikariPool-1 - Shutdown initiated...
15:37:36:346  INFO 29892 --- [SpringApplicationShutdownHook] com.zaxxer.hikari.HikariDataSource       : HikariPool-1 - Shutdown completed.
17:52:29:603  INFO 3700 --- [main] com.hmall.cart.CartApplication           : The following 1 profile is active: "local"
17:52:30:171  INFO 3700 --- [main] .s.d.r.c.RepositoryConfigurationDelegate : Multiple Spring Data modules found, entering strict repository configuration mode
17:52:30:173  INFO 3700 --- [main] .s.d.r.c.RepositoryConfigurationDelegate : Bootstrapping Spring Data Redis repositories in DEFAULT mode.
17:52:30:195  INFO 3700 --- [main] .s.d.r.c.RepositoryConfigurationDelegate : Finished Spring Data repository scanning in 10 ms. Found 0 Redis repository interfaces.
17:52:30:402  INFO 3700 --- [main] o.s.cloud.context.scope.GenericScope     : BeanFactory id=309d82e2-d335-318f-aad0-a5ee53a0849d
17:52:30:755  INFO 3700 --- [main] o.s.b.w.embedded.tomcat.TomcatWebServer  : Tomcat initialized with port(s): 8082 (http)
17:52:30:766  INFO 3700 --- [main] o.apache.catalina.core.StandardService   : Starting service [Tomcat]
17:52:30:766  INFO 3700 --- [main] org.apache.catalina.core.StandardEngine  : Starting Servlet engine: [Apache Tomcat/9.0.75]
17:52:30:986  INFO 3700 --- [main] o.a.c.c.C.[Tomcat].[localhost].[/]       : Initializing Spring embedded WebApplicationContext
17:52:30:986  INFO 3700 --- [main] w.s.c.ServletWebServerApplicationContext : Root WebApplicationContext: initialization completed in 1370 ms
17:52:31:234  INFO 3700 --- [main] o.s.c.openfeign.FeignClientFactoryBean   : For 'item-service' URL not provided. Will try picking an instance via load-balancing.
17:52:37:295  INFO 3700 --- [main] o.s.cloud.commons.util.InetUtils         : Cannot determine local hostname
17:52:39:099  INFO 3700 --- [main] com.alibaba.nacos.common.remote.client   : [RpcClientFactory] create a new rpc client of 2f57a2ad-6a59-4664-aed1-382874b3a5b4
17:52:39:099  INFO 3700 --- [main] com.alibaba.nacos.common.remote.client   : [2f57a2ad-6a59-4664-aed1-382874b3a5b4] RpcClient init label, labels = {module=naming, source=sdk}
17:52:39:100  INFO 3700 --- [main] com.alibaba.nacos.common.remote.client   : [2f57a2ad-6a59-4664-aed1-382874b3a5b4] RpcClient init, ServerListFactory = com.alibaba.nacos.client.naming.core.ServerListManager
17:52:39:101  INFO 3700 --- [main] com.alibaba.nacos.common.remote.client   : [2f57a2ad-6a59-4664-aed1-382874b3a5b4] Registry connection listener to current client:com.alibaba.nacos.client.naming.remote.gprc.redo.NamingGrpcRedoService
17:52:39:101  INFO 3700 --- [main] com.alibaba.nacos.common.remote.client   : [2f57a2ad-6a59-4664-aed1-382874b3a5b4] Register server push request handler:com.alibaba.nacos.client.naming.remote.gprc.NamingPushRequestHandler
17:52:39:101  INFO 3700 --- [main] com.alibaba.nacos.common.remote.client   : [2f57a2ad-6a59-4664-aed1-382874b3a5b4] Try to connect to server on start up, server: {serverIp = '47.93.37.97', server main port = 8848}
17:52:39:298  INFO 3700 --- [main] com.alibaba.nacos.common.remote.client   : [2f57a2ad-6a59-4664-aed1-382874b3a5b4] Success to connect to server [47.93.37.97:8848] on start up, connectionId = 1775814764872_119.251.158.154_47636
17:52:39:299  INFO 3700 --- [main] com.alibaba.nacos.common.remote.client   : [2f57a2ad-6a59-4664-aed1-382874b3a5b4] Register server push request handler:com.alibaba.nacos.common.remote.client.RpcClient$ConnectResetRequestHandler
17:52:39:299  INFO 3700 --- [com.alibaba.nacos.client.remote.worker] com.alibaba.nacos.common.remote.client   : [2f57a2ad-6a59-4664-aed1-382874b3a5b4] Notify connected event to listeners.
17:52:39:300  INFO 3700 --- [main] com.alibaba.nacos.common.remote.client   : [2f57a2ad-6a59-4664-aed1-382874b3a5b4] Register server push request handler:com.alibaba.nacos.common.remote.client.RpcClient$$Lambda$473/0x00000008403cd840
17:52:39:360  INFO 3700 --- [main] o.s.b.w.embedded.tomcat.TomcatWebServer  : Tomcat started on port(s): 8082 (http) with context path ''
17:52:39:394  INFO 3700 --- [main] c.a.c.n.registry.NacosServiceRegistry    : nacos registry, DEFAULT_GROUP cart-service 192.168.217.1:8082 register finished
17:52:39:918  INFO 3700 --- [nacos-grpc-client-executor-6] com.alibaba.nacos.common.remote.client   : [2f57a2ad-6a59-4664-aed1-382874b3a5b4] Receive server push request, request = NotifySubscriberRequest, requestId = 301
17:52:39:924  INFO 3700 --- [nacos-grpc-client-executor-6] com.alibaba.nacos.common.remote.client   : [2f57a2ad-6a59-4664-aed1-382874b3a5b4] Ack server push request, request = NotifySubscriberRequest, requestId = 301
17:52:40:611  INFO 3700 --- [main] com.hmall.cart.CartApplication           : Started CartApplication in 22.76 seconds (JVM running for 24.974)
17:52:40:616  INFO 3700 --- [main] c.a.c.n.refresh.NacosContextRefresher    : [Nacos Config] Listening config: dataId=cart-service, group=DEFAULT_GROUP
17:52:40:616  INFO 3700 --- [main] c.a.c.n.refresh.NacosContextRefresher    : [Nacos Config] Listening config: dataId=cart-service.yaml, group=DEFAULT_GROUP
17:52:40:617  INFO 3700 --- [main] c.a.c.n.refresh.NacosContextRefresher    : [Nacos Config] Listening config: dataId=cart-service-local.yaml, group=DEFAULT_GROUP
17:53:18:333  INFO 3700 --- [http-nio-8082-exec-1] o.a.c.c.C.[Tomcat].[localhost].[/]       : Initializing Spring DispatcherServlet 'dispatcherServlet'
17:53:18:334  INFO 3700 --- [http-nio-8082-exec-1] o.s.web.servlet.DispatcherServlet        : Initializing Servlet 'dispatcherServlet'
17:53:18:338  INFO 3700 --- [http-nio-8082-exec-1] o.s.web.servlet.DispatcherServlet        : Completed initialization in 4 ms
17:53:18:461  WARN 3700 --- [http-nio-8082-exec-1] com.zaxxer.hikari.HikariConfig           : HikariPool-1 - idleTimeout is close to or more than maxLifetime, disabling it.
17:53:18:462  INFO 3700 --- [http-nio-8082-exec-1] com.zaxxer.hikari.HikariDataSource       : HikariPool-1 - Starting...
17:53:19:035  INFO 3700 --- [http-nio-8082-exec-1] com.zaxxer.hikari.HikariDataSource       : HikariPool-1 - Start completed.
17:53:19:043 DEBUG 3700 --- [http-nio-8082-exec-1] c.h.cart.mapper.CartMapper.selectList    : ==>  Preparing: SELECT id,user_id,item_id,num,name,spec,price,image,create_time,update_time FROM cart WHERE (user_id = ?)
17:53:19:071 DEBUG 3700 --- [http-nio-8082-exec-1] c.h.cart.mapper.CartMapper.selectList    : ==> Parameters: 1(Long)
17:53:19:120 DEBUG 3700 --- [http-nio-8082-exec-1] c.h.cart.mapper.CartMapper.selectList    : <==      Total: 1
17:53:19:190 DEBUG 3700 --- [http-nio-8082-exec-1] com.hmall.api.client.ItemClient          : [ItemClient#queryItemsByIds] ---> GET http://item-service/items?ids=2120808 HTTP/1.1
17:53:19:190 DEBUG 3700 --- [http-nio-8082-exec-1] com.hmall.api.client.ItemClient          : [ItemClient#queryItemsByIds] user-info: 1
17:53:19:190 DEBUG 3700 --- [http-nio-8082-exec-1] com.hmall.api.client.ItemClient          : [ItemClient#queryItemsByIds] ---> END HTTP (0-byte body)
17:53:19:869  INFO 3700 --- [nacos-grpc-client-executor-15] com.alibaba.nacos.common.remote.client   : [2f57a2ad-6a59-4664-aed1-382874b3a5b4] Receive server push request, request = NotifySubscriberRequest, requestId = 305
17:53:19:869  INFO 3700 --- [nacos-grpc-client-executor-15] com.alibaba.nacos.common.remote.client   : [2f57a2ad-6a59-4664-aed1-382874b3a5b4] Ack server push request, request = NotifySubscriberRequest, requestId = 305
17:53:20:377 DEBUG 3700 --- [http-nio-8082-exec-1] com.hmall.api.client.ItemClient          : [ItemClient#queryItemsByIds] <--- HTTP/1.1 200  (1186ms)
17:53:20:378 DEBUG 3700 --- [http-nio-8082-exec-1] com.hmall.api.client.ItemClient          : [ItemClient#queryItemsByIds] connection: keep-alive
17:53:20:378 DEBUG 3700 --- [http-nio-8082-exec-1] com.hmall.api.client.ItemClient          : [ItemClient#queryItemsByIds] content-type: application/json
17:53:20:378 DEBUG 3700 --- [http-nio-8082-exec-1] com.hmall.api.client.ItemClient          : [ItemClient#queryItemsByIds] date: Fri, 10 Apr 2026 09:53:20 GMT
17:53:20:378 DEBUG 3700 --- [http-nio-8082-exec-1] com.hmall.api.client.ItemClient          : [ItemClient#queryItemsByIds] keep-alive: timeout=60
17:53:20:378 DEBUG 3700 --- [http-nio-8082-exec-1] com.hmall.api.client.ItemClient          : [ItemClient#queryItemsByIds] transfer-encoding: chunked
17:53:20:378 DEBUG 3700 --- [http-nio-8082-exec-1] com.hmall.api.client.ItemClient          : [ItemClient#queryItemsByIds] 
17:53:20:379 DEBUG 3700 --- [http-nio-8082-exec-1] com.hmall.api.client.ItemClient          : [ItemClient#queryItemsByIds] [{"id":"2120808","name":"姬龙雪 guy laroche女包 GL经典手提包女牛皮大容量单肩包女欧美时尚包包女包GS1210001-06杏色","price":71800,"stock":0,"image":"https://m.360buyimg.com/mobilecms/s720x720_jfs/t30694/267/398774087/90954/6fc143cf/5bf25358N14dadbf7.jpg!q70.jpg.webp","category":"真皮包","brand":"姬龙雪","spec":"{}","sold":0,"commentCount":0,"isAD":false,"status":1}]
17:53:20:379 DEBUG 3700 --- [http-nio-8082-exec-1] com.hmall.api.client.ItemClient          : [ItemClient#queryItemsByIds] <--- END HTTP (402-byte body)
17:53:20:468 DEBUG 3700 --- [http-nio-8082-exec-3] c.h.cart.mapper.CartMapper.selectList    : ==>  Preparing: SELECT id,user_id,item_id,num,name,spec,price,image,create_time,update_time FROM cart WHERE (user_id = ?)
17:53:20:468 DEBUG 3700 --- [http-nio-8082-exec-3] c.h.cart.mapper.CartMapper.selectList    : ==> Parameters: 1(Long)
17:53:20:492 DEBUG 3700 --- [http-nio-8082-exec-3] c.h.cart.mapper.CartMapper.selectList    : <==      Total: 1
17:53:20:494 DEBUG 3700 --- [http-nio-8082-exec-3] com.hmall.api.client.ItemClient          : [ItemClient#queryItemsByIds] ---> GET http://item-service/items?ids=2120808 HTTP/1.1
17:53:20:494 DEBUG 3700 --- [http-nio-8082-exec-3] com.hmall.api.client.ItemClient          : [ItemClient#queryItemsByIds] user-info: 1
17:53:20:494 DEBUG 3700 --- [http-nio-8082-exec-3] com.hmall.api.client.ItemClient          : [ItemClient#queryItemsByIds] ---> END HTTP (0-byte body)
17:53:20:533 DEBUG 3700 --- [http-nio-8082-exec-3] com.hmall.api.client.ItemClient          : [ItemClient#queryItemsByIds] <--- HTTP/1.1 200  (39ms)
17:53:20:533 DEBUG 3700 --- [http-nio-8082-exec-3] com.hmall.api.client.ItemClient          : [ItemClient#queryItemsByIds] connection: keep-alive
17:53:20:533 DEBUG 3700 --- [http-nio-8082-exec-3] com.hmall.api.client.ItemClient          : [ItemClient#queryItemsByIds] content-type: application/json
17:53:20:534 DEBUG 3700 --- [http-nio-8082-exec-3] com.hmall.api.client.ItemClient          : [ItemClient#queryItemsByIds] date: Fri, 10 Apr 2026 09:53:20 GMT
17:53:20:534 DEBUG 3700 --- [http-nio-8082-exec-3] com.hmall.api.client.ItemClient          : [ItemClient#queryItemsByIds] keep-alive: timeout=60
17:53:20:534 DEBUG 3700 --- [http-nio-8082-exec-3] com.hmall.api.client.ItemClient          : [ItemClient#queryItemsByIds] transfer-encoding: chunked
17:53:20:534 DEBUG 3700 --- [http-nio-8082-exec-3] com.hmall.api.client.ItemClient          : [ItemClient#queryItemsByIds] 
17:53:20:534 DEBUG 3700 --- [http-nio-8082-exec-3] com.hmall.api.client.ItemClient          : [ItemClient#queryItemsByIds] [{"id":"2120808","name":"姬龙雪 guy laroche女包 GL经典手提包女牛皮大容量单肩包女欧美时尚包包女包GS1210001-06杏色","price":71800,"stock":0,"image":"https://m.360buyimg.com/mobilecms/s720x720_jfs/t30694/267/398774087/90954/6fc143cf/5bf25358N14dadbf7.jpg!q70.jpg.webp","category":"真皮包","brand":"姬龙雪","spec":"{}","sold":0,"commentCount":0,"isAD":false,"status":1}]
17:53:20:534 DEBUG 3700 --- [http-nio-8082-exec-3] com.hmall.api.client.ItemClient          : [ItemClient#queryItemsByIds] <--- END HTTP (402-byte body)
17:53:25:244 DEBUG 3700 --- [http-nio-8082-exec-2] c.h.cart.mapper.CartMapper.selectList    : ==>  Preparing: SELECT id,user_id,item_id,num,name,spec,price,image,create_time,update_time FROM cart WHERE (user_id = ?)
17:53:25:245 DEBUG 3700 --- [http-nio-8082-exec-2] c.h.cart.mapper.CartMapper.selectList    : ==> Parameters: 1(Long)
17:53:25:270 DEBUG 3700 --- [http-nio-8082-exec-2] c.h.cart.mapper.CartMapper.selectList    : <==      Total: 1
17:53:25:271 DEBUG 3700 --- [http-nio-8082-exec-2] com.hmall.api.client.ItemClient          : [ItemClient#queryItemsByIds] ---> GET http://item-service/items?ids=2120808 HTTP/1.1
17:53:25:272 DEBUG 3700 --- [http-nio-8082-exec-2] com.hmall.api.client.ItemClient          : [ItemClient#queryItemsByIds] user-info: 1
17:53:25:272 DEBUG 3700 --- [http-nio-8082-exec-2] com.hmall.api.client.ItemClient          : [ItemClient#queryItemsByIds] ---> END HTTP (0-byte body)
17:53:25:330 DEBUG 3700 --- [http-nio-8082-exec-2] com.hmall.api.client.ItemClient          : [ItemClient#queryItemsByIds] <--- HTTP/1.1 200  (58ms)
17:53:25:330 DEBUG 3700 --- [http-nio-8082-exec-2] com.hmall.api.client.ItemClient          : [ItemClient#queryItemsByIds] connection: keep-alive
17:53:25:330 DEBUG 3700 --- [http-nio-8082-exec-2] com.hmall.api.client.ItemClient          : [ItemClient#queryItemsByIds] content-type: application/json
17:53:25:331 DEBUG 3700 --- [http-nio-8082-exec-2] com.hmall.api.client.ItemClient          : [ItemClient#queryItemsByIds] date: Fri, 10 Apr 2026 09:53:25 GMT
17:53:25:331 DEBUG 3700 --- [http-nio-8082-exec-2] com.hmall.api.client.ItemClient          : [ItemClient#queryItemsByIds] keep-alive: timeout=60
17:53:25:331 DEBUG 3700 --- [http-nio-8082-exec-2] com.hmall.api.client.ItemClient          : [ItemClient#queryItemsByIds] transfer-encoding: chunked
17:53:25:331 DEBUG 3700 --- [http-nio-8082-exec-2] com.hmall.api.client.ItemClient          : [ItemClient#queryItemsByIds] 
17:53:25:331 DEBUG 3700 --- [http-nio-8082-exec-2] com.hmall.api.client.ItemClient          : [ItemClient#queryItemsByIds] [{"id":"2120808","name":"姬龙雪 guy laroche女包 GL经典手提包女牛皮大容量单肩包女欧美时尚包包女包GS1210001-06杏色","price":71800,"stock":0,"image":"https://m.360buyimg.com/mobilecms/s720x720_jfs/t30694/267/398774087/90954/6fc143cf/5bf25358N14dadbf7.jpg!q70.jpg.webp","category":"真皮包","brand":"姬龙雪","spec":"{}","sold":0,"commentCount":0,"isAD":false,"status":1}]
17:53:25:331 DEBUG 3700 --- [http-nio-8082-exec-2] com.hmall.api.client.ItemClient          : [ItemClient#queryItemsByIds] <--- END HTTP (402-byte body)
17:53:26:092 DEBUG 3700 --- [http-nio-8082-exec-5] c.h.cart.mapper.CartMapper.selectList    : ==>  Preparing: SELECT id,user_id,item_id,num,name,spec,price,image,create_time,update_time FROM cart WHERE (user_id = ?)
17:53:26:092 DEBUG 3700 --- [http-nio-8082-exec-5] c.h.cart.mapper.CartMapper.selectList    : ==> Parameters: 1(Long)
17:53:26:116 DEBUG 3700 --- [http-nio-8082-exec-5] c.h.cart.mapper.CartMapper.selectList    : <==      Total: 1
17:53:26:117 DEBUG 3700 --- [http-nio-8082-exec-5] com.hmall.api.client.ItemClient          : [ItemClient#queryItemsByIds] ---> GET http://item-service/items?ids=2120808 HTTP/1.1
17:53:26:117 DEBUG 3700 --- [http-nio-8082-exec-5] com.hmall.api.client.ItemClient          : [ItemClient#queryItemsByIds] user-info: 1
17:53:26:117 DEBUG 3700 --- [http-nio-8082-exec-5] com.hmall.api.client.ItemClient          : [ItemClient#queryItemsByIds] ---> END HTTP (0-byte body)
17:53:26:173 DEBUG 3700 --- [http-nio-8082-exec-5] com.hmall.api.client.ItemClient          : [ItemClient#queryItemsByIds] <--- HTTP/1.1 200  (54ms)
17:53:26:173 DEBUG 3700 --- [http-nio-8082-exec-5] com.hmall.api.client.ItemClient          : [ItemClient#queryItemsByIds] connection: keep-alive
17:53:26:173 DEBUG 3700 --- [http-nio-8082-exec-5] com.hmall.api.client.ItemClient          : [ItemClient#queryItemsByIds] content-type: application/json
17:53:26:173 DEBUG 3700 --- [http-nio-8082-exec-5] com.hmall.api.client.ItemClient          : [ItemClient#queryItemsByIds] date: Fri, 10 Apr 2026 09:53:25 GMT
17:53:26:173 DEBUG 3700 --- [http-nio-8082-exec-5] com.hmall.api.client.ItemClient          : [ItemClient#queryItemsByIds] keep-alive: timeout=60
17:53:26:173 DEBUG 3700 --- [http-nio-8082-exec-5] com.hmall.api.client.ItemClient          : [ItemClient#queryItemsByIds] transfer-encoding: chunked
17:53:26:173 DEBUG 3700 --- [http-nio-8082-exec-5] com.hmall.api.client.ItemClient          : [ItemClient#queryItemsByIds] 
17:53:26:173 DEBUG 3700 --- [http-nio-8082-exec-5] com.hmall.api.client.ItemClient          : [ItemClient#queryItemsByIds] [{"id":"2120808","name":"姬龙雪 guy laroche女包 GL经典手提包女牛皮大容量单肩包女欧美时尚包包女包GS1210001-06杏色","price":71800,"stock":0,"image":"https://m.360buyimg.com/mobilecms/s720x720_jfs/t30694/267/398774087/90954/6fc143cf/5bf25358N14dadbf7.jpg!q70.jpg.webp","category":"真皮包","brand":"姬龙雪","spec":"{}","sold":0,"commentCount":0,"isAD":false,"status":1}]
17:53:26:173 DEBUG 3700 --- [http-nio-8082-exec-5] com.hmall.api.client.ItemClient          : [ItemClient#queryItemsByIds] <--- END HTTP (402-byte body)
17:53:27:523 DEBUG 3700 --- [http-nio-8082-exec-4] c.h.cart.mapper.CartMapper.deleteById    : ==>  Preparing: DELETE FROM cart WHERE id=?
17:53:27:525 DEBUG 3700 --- [http-nio-8082-exec-4] c.h.cart.mapper.CartMapper.deleteById    : ==> Parameters: 14(Long)
17:53:27:576 DEBUG 3700 --- [http-nio-8082-exec-4] c.h.cart.mapper.CartMapper.deleteById    : <==    Updates: 1
17:53:27:591 DEBUG 3700 --- [http-nio-8082-exec-6] c.h.cart.mapper.CartMapper.selectList    : ==>  Preparing: SELECT id,user_id,item_id,num,name,spec,price,image,create_time,update_time FROM cart WHERE (user_id = ?)
17:53:27:593 DEBUG 3700 --- [http-nio-8082-exec-6] c.h.cart.mapper.CartMapper.selectList    : ==> Parameters: 1(Long)
17:53:27:615 DEBUG 3700 --- [http-nio-8082-exec-6] c.h.cart.mapper.CartMapper.selectList    : <==      Total: 0
17:53:32:214 DEBUG 3700 --- [http-nio-8082-exec-8] c.h.cart.mapper.CartMapper.selectCount   : ==>  Preparing: SELECT COUNT( * ) FROM cart WHERE (user_id = ? AND item_id = ?)
17:53:32:215 DEBUG 3700 --- [http-nio-8082-exec-8] c.h.cart.mapper.CartMapper.selectCount   : ==> Parameters: 1(Long), 100001905417(Long)
17:53:32:241 DEBUG 3700 --- [http-nio-8082-exec-8] c.h.cart.mapper.CartMapper.selectCount   : <==      Total: 1
17:53:32:243 DEBUG 3700 --- [http-nio-8082-exec-8] c.h.cart.mapper.CartMapper.selectCount   : ==>  Preparing: SELECT COUNT( * ) FROM cart WHERE (user_id = ?)
17:53:32:243 DEBUG 3700 --- [http-nio-8082-exec-8] c.h.cart.mapper.CartMapper.selectCount   : ==> Parameters: 1(Long)
17:53:32:267 DEBUG 3700 --- [http-nio-8082-exec-8] c.h.cart.mapper.CartMapper.selectCount   : <==      Total: 1
17:53:32:270 DEBUG 3700 --- [http-nio-8082-exec-8] com.hmall.cart.mapper.CartMapper.insert  : ==>  Preparing: INSERT INTO cart ( user_id, item_id, name, spec, price, image ) VALUES ( ?, ?, ?, ?, ?, ? )
17:53:32:271 DEBUG 3700 --- [http-nio-8082-exec-8] com.hmall.cart.mapper.CartMapper.insert  : ==> Parameters: 1(Long), 100001905417(Long), 【千玺代言】华为新品 HUAWEI nova 4 极点全面屏手机 2000万超广角三摄 8GB+128GB 蜜语红 全网通双卡双待(String), {"颜色": "红色"}(String), 224900(Integer), https://m.360buyimg.com/mobilecms/s720x720_jfs/t1/20085/14/1076/149604/5c0f8dd2Ebafd3bfd/0cb34a7826cbe1c3.jpg!q70.jpg.webp(String)
17:53:32:331 DEBUG 3700 --- [http-nio-8082-exec-8] com.hmall.cart.mapper.CartMapper.insert  : <==    Updates: 1
17:53:32:387 DEBUG 3700 --- [http-nio-8082-exec-7] c.h.cart.mapper.CartMapper.selectList    : ==>  Preparing: SELECT id,user_id,item_id,num,name,spec,price,image,create_time,update_time FROM cart WHERE (user_id = ?)
17:53:32:387 DEBUG 3700 --- [http-nio-8082-exec-7] c.h.cart.mapper.CartMapper.selectList    : ==> Parameters: 1(Long)
17:53:32:410 DEBUG 3700 --- [http-nio-8082-exec-7] c.h.cart.mapper.CartMapper.selectList    : <==      Total: 1
17:53:32:411 DEBUG 3700 --- [http-nio-8082-exec-7] com.hmall.api.client.ItemClient          : [ItemClient#queryItemsByIds] ---> GET http://item-service/items?ids=100001905417 HTTP/1.1
17:53:32:411 DEBUG 3700 --- [http-nio-8082-exec-7] com.hmall.api.client.ItemClient          : [ItemClient#queryItemsByIds] user-info: 1
17:53:32:411 DEBUG 3700 --- [http-nio-8082-exec-7] com.hmall.api.client.ItemClient          : [ItemClient#queryItemsByIds] ---> END HTTP (0-byte body)
17:53:32:467 DEBUG 3700 --- [http-nio-8082-exec-7] com.hmall.api.client.ItemClient          : [ItemClient#queryItemsByIds] <--- HTTP/1.1 200  (55ms)
17:53:32:467 DEBUG 3700 --- [http-nio-8082-exec-7] com.hmall.api.client.ItemClient          : [ItemClient#queryItemsByIds] connection: keep-alive
17:53:32:467 DEBUG 3700 --- [http-nio-8082-exec-7] com.hmall.api.client.ItemClient          : [ItemClient#queryItemsByIds] content-type: application/json
17:53:32:467 DEBUG 3700 --- [http-nio-8082-exec-7] com.hmall.api.client.ItemClient          : [ItemClient#queryItemsByIds] date: Fri, 10 Apr 2026 09:53:32 GMT
17:53:32:467 DEBUG 3700 --- [http-nio-8082-exec-7] com.hmall.api.client.ItemClient          : [ItemClient#queryItemsByIds] keep-alive: timeout=60
17:53:32:467 DEBUG 3700 --- [http-nio-8082-exec-7] com.hmall.api.client.ItemClient          : [ItemClient#queryItemsByIds] transfer-encoding: chunked
17:53:32:467 DEBUG 3700 --- [http-nio-8082-exec-7] com.hmall.api.client.ItemClient          : [ItemClient#queryItemsByIds] 
17:53:32:467 DEBUG 3700 --- [http-nio-8082-exec-7] com.hmall.api.client.ItemClient          : [ItemClient#queryItemsByIds] [{"id":"100001905417","name":"【千玺代言】华为新品 HUAWEI nova 4 极点全面屏手机 2000万超广角三摄 8GB+128GB 蜜语红 全网通双卡双待","price":224900,"stock":10000,"image":"https://m.360buyimg.com/mobilecms/s720x720_jfs/t1/20085/14/1076/149604/5c0f8dd2Ebafd3bfd/0cb34a7826cbe1c3.jpg!q70.jpg.webp","category":"手机","brand":"华为","spec":"{\"颜色\": \"红色\"}","sold":0,"commentCount":0,"isAD":false,"status":1}]
17:53:32:468 DEBUG 3700 --- [http-nio-8082-exec-7] com.hmall.api.client.ItemClient          : [ItemClient#queryItemsByIds] <--- END HTTP (447-byte body)
17:53:35:683 DEBUG 3700 --- [http-nio-8082-exec-9] com.hmall.cart.mapper.CartMapper.delete  : ==>  Preparing: DELETE FROM cart WHERE (user_id = ? AND item_id IN (?))
17:53:35:685 DEBUG 3700 --- [http-nio-8082-exec-9] com.hmall.cart.mapper.CartMapper.delete  : ==> Parameters: 1(Long), 100001905417(Long)
17:53:35:735 DEBUG 3700 --- [http-nio-8082-exec-9] com.hmall.cart.mapper.CartMapper.delete  : <==    Updates: 1
17:53:37:583 DEBUG 3700 --- [http-nio-8082-exec-10] c.h.cart.mapper.CartMapper.selectList    : ==>  Preparing: SELECT id,user_id,item_id,num,name,spec,price,image,create_time,update_time FROM cart WHERE (user_id = ?)
17:53:37:583 DEBUG 3700 --- [http-nio-8082-exec-10] c.h.cart.mapper.CartMapper.selectList    : ==> Parameters: 1(Long)
17:53:37:607 DEBUG 3700 --- [http-nio-8082-exec-10] c.h.cart.mapper.CartMapper.selectList    : <==      Total: 0
17:53:39:304 DEBUG 3700 --- [http-nio-8082-exec-1] c.h.cart.mapper.CartMapper.selectList    : ==>  Preparing: SELECT id,user_id,item_id,num,name,spec,price,image,create_time,update_time FROM cart WHERE (user_id = ?)
17:53:39:305 DEBUG 3700 --- [http-nio-8082-exec-1] c.h.cart.mapper.CartMapper.selectList    : ==> Parameters: 1(Long)
17:53:39:330 DEBUG 3700 --- [http-nio-8082-exec-1] c.h.cart.mapper.CartMapper.selectList    : <==      Total: 0
17:53:47:294  WARN 3700 --- [Thread-5] c.a.nacos.common.notify.NotifyCenter     : [NotifyCenter] Start destroying Publisher
17:53:47:294  WARN 3700 --- [Thread-1] c.a.n.common.http.HttpClientBeanHolder   : [HttpClientBeanHolder] Start destroying common HttpClient
17:53:47:294  WARN 3700 --- [Thread-5] c.a.nacos.common.notify.NotifyCenter     : [NotifyCenter] Destruction of the end
17:53:47:295  WARN 3700 --- [Thread-1] c.a.n.common.http.HttpClientBeanHolder   : [HttpClientBeanHolder] Destruction of the end
17:53:48:603  INFO 3700 --- [SpringApplicationShutdownHook] c.a.c.n.registry.NacosServiceRegistry    : De-registering from Nacos Server now...
17:53:48:635  INFO 3700 --- [SpringApplicationShutdownHook] c.a.c.n.registry.NacosServiceRegistry    : De-registration finished.
17:53:48:969  INFO 3700 --- [SpringApplicationShutdownHook] com.alibaba.nacos.common.remote.client   : Shutdown rpc client, set status to shutdown
17:53:48:969  INFO 3700 --- [SpringApplicationShutdownHook] com.alibaba.nacos.common.remote.client   : Shutdown client event executor java.util.concurrent.ScheduledThreadPoolExecutor@1abc3962[Running, pool size = 2, active threads = 2, queued tasks = 0, completed tasks = 0]
17:53:48:969  INFO 3700 --- [SpringApplicationShutdownHook] com.alibaba.nacos.common.remote.client   : Close current connection 1775814764872_119.251.158.154_47636
17:53:48:975  INFO 3700 --- [SpringApplicationShutdownHook] c.a.n.c.remote.client.grpc.GrpcClient    : Shutdown grpc executor java.util.concurrent.ThreadPoolExecutor@49983c27[Running, pool size = 5, active threads = 0, queued tasks = 0, completed tasks = 24]
17:53:48:977  INFO 3700 --- [SpringApplicationShutdownHook] com.zaxxer.hikari.HikariDataSource       : HikariPool-1 - Shutdown initiated...
17:53:49:019  INFO 3700 --- [SpringApplicationShutdownHook] com.zaxxer.hikari.HikariDataSource       : HikariPool-1 - Shutdown completed.
19:09:56:073  INFO 32564 --- [main] com.hmall.cart.CartApplication           : The following 1 profile is active: "local"
19:09:56:619  INFO 32564 --- [main] .s.d.r.c.RepositoryConfigurationDelegate : Multiple Spring Data modules found, entering strict repository configuration mode
19:09:56:621  INFO 32564 --- [main] .s.d.r.c.RepositoryConfigurationDelegate : Bootstrapping Spring Data Redis repositories in DEFAULT mode.
19:09:56:647  INFO 32564 --- [main] .s.d.r.c.RepositoryConfigurationDelegate : Finished Spring Data repository scanning in 11 ms. Found 0 Redis repository interfaces.
19:09:56:844  INFO 32564 --- [main] o.s.cloud.context.scope.GenericScope     : BeanFactory id=e1ed8260-9711-3599-ac01-3c62791e2069
19:09:57:156  INFO 32564 --- [main] o.s.b.w.embedded.tomcat.TomcatWebServer  : Tomcat initialized with port(s): 8082 (http)
19:09:57:162  INFO 32564 --- [main] o.apache.catalina.core.StandardService   : Starting service [Tomcat]
19:09:57:163  INFO 32564 --- [main] org.apache.catalina.core.StandardEngine  : Starting Servlet engine: [Apache Tomcat/9.0.75]
19:09:57:328  INFO 32564 --- [main] o.a.c.c.C.[Tomcat].[localhost].[/]       : Initializing Spring embedded WebApplicationContext
19:09:57:328  INFO 32564 --- [main] w.s.c.ServletWebServerApplicationContext : Root WebApplicationContext: initialization completed in 1238 ms
19:09:57:486  INFO 32564 --- [main] o.s.c.openfeign.FeignClientFactoryBean   : For 'item-service' URL not provided. Will try picking an instance via load-balancing.
19:10:03:481  INFO 32564 --- [main] o.s.cloud.commons.util.InetUtils         : Cannot determine local hostname
19:10:05:298  INFO 32564 --- [main] com.alibaba.nacos.common.remote.client   : [RpcClientFactory] create a new rpc client of 80c01e10-5a5a-402b-960c-d336c263f679
19:10:05:298  INFO 32564 --- [main] com.alibaba.nacos.common.remote.client   : [80c01e10-5a5a-402b-960c-d336c263f679] RpcClient init label, labels = {module=naming, source=sdk}
19:10:05:299  INFO 32564 --- [main] com.alibaba.nacos.common.remote.client   : [80c01e10-5a5a-402b-960c-d336c263f679] RpcClient init, ServerListFactory = com.alibaba.nacos.client.naming.core.ServerListManager
19:10:05:300  INFO 32564 --- [main] com.alibaba.nacos.common.remote.client   : [80c01e10-5a5a-402b-960c-d336c263f679] Registry connection listener to current client:com.alibaba.nacos.client.naming.remote.gprc.redo.NamingGrpcRedoService
19:10:05:300  INFO 32564 --- [main] com.alibaba.nacos.common.remote.client   : [80c01e10-5a5a-402b-960c-d336c263f679] Register server push request handler:com.alibaba.nacos.client.naming.remote.gprc.NamingPushRequestHandler
19:10:05:300  INFO 32564 --- [main] com.alibaba.nacos.common.remote.client   : [80c01e10-5a5a-402b-960c-d336c263f679] Try to connect to server on start up, server: {serverIp = '47.93.37.97', server main port = 8848}
19:10:05:520  INFO 32564 --- [main] com.alibaba.nacos.common.remote.client   : [80c01e10-5a5a-402b-960c-d336c263f679] Success to connect to server [47.93.37.97:8848] on start up, connectionId = 1775819410927_119.251.158.154_47240
19:10:05:521  INFO 32564 --- [main] com.alibaba.nacos.common.remote.client   : [80c01e10-5a5a-402b-960c-d336c263f679] Register server push request handler:com.alibaba.nacos.common.remote.client.RpcClient$ConnectResetRequestHandler
19:10:05:521  INFO 32564 --- [com.alibaba.nacos.client.remote.worker] com.alibaba.nacos.common.remote.client   : [80c01e10-5a5a-402b-960c-d336c263f679] Notify connected event to listeners.
19:10:05:521  INFO 32564 --- [main] com.alibaba.nacos.common.remote.client   : [80c01e10-5a5a-402b-960c-d336c263f679] Register server push request handler:com.alibaba.nacos.common.remote.client.RpcClient$$Lambda$472/0x00000008403cd040
19:10:05:589  INFO 32564 --- [main] o.s.b.w.embedded.tomcat.TomcatWebServer  : Tomcat started on port(s): 8082 (http) with context path ''
19:10:05:624  INFO 32564 --- [main] c.a.c.n.registry.NacosServiceRegistry    : nacos registry, DEFAULT_GROUP cart-service 192.168.217.1:8082 register finished
19:10:06:068  INFO 32564 --- [nacos-grpc-client-executor-6] com.alibaba.nacos.common.remote.client   : [80c01e10-5a5a-402b-960c-d336c263f679] Receive server push request, request = NotifySubscriberRequest, requestId = 317
19:10:06:072  INFO 32564 --- [nacos-grpc-client-executor-6] com.alibaba.nacos.common.remote.client   : [80c01e10-5a5a-402b-960c-d336c263f679] Ack server push request, request = NotifySubscriberRequest, requestId = 317
19:10:06:737  INFO 32564 --- [main] com.hmall.cart.CartApplication           : Started CartApplication in 22.259 seconds (JVM running for 24.748)
19:10:06:742  INFO 32564 --- [main] c.a.c.n.refresh.NacosContextRefresher    : [Nacos Config] Listening config: dataId=cart-service, group=DEFAULT_GROUP
19:10:06:745  INFO 32564 --- [main] c.a.c.n.refresh.NacosContextRefresher    : [Nacos Config] Listening config: dataId=cart-service.yaml, group=DEFAULT_GROUP
19:10:06:745  INFO 32564 --- [main] c.a.c.n.refresh.NacosContextRefresher    : [Nacos Config] Listening config: dataId=cart-service-local.yaml, group=DEFAULT_GROUP
19:10:21:387  INFO 32564 --- [http-nio-8082-exec-1] o.a.c.c.C.[Tomcat].[localhost].[/]       : Initializing Spring DispatcherServlet 'dispatcherServlet'
19:10:21:387  INFO 32564 --- [http-nio-8082-exec-1] o.s.web.servlet.DispatcherServlet        : Initializing Servlet 'dispatcherServlet'
19:10:21:387  INFO 32564 --- [http-nio-8082-exec-1] o.s.web.servlet.DispatcherServlet        : Completed initialization in 0 ms
19:10:21:483  WARN 32564 --- [http-nio-8082-exec-1] com.zaxxer.hikari.HikariConfig           : HikariPool-1 - idleTimeout is close to or more than maxLifetime, disabling it.
19:10:21:483  INFO 32564 --- [http-nio-8082-exec-1] com.zaxxer.hikari.HikariDataSource       : HikariPool-1 - Starting...
19:10:22:066  INFO 32564 --- [http-nio-8082-exec-1] com.zaxxer.hikari.HikariDataSource       : HikariPool-1 - Start completed.
19:10:22:071 DEBUG 32564 --- [http-nio-8082-exec-1] c.h.cart.mapper.CartMapper.selectList    : ==>  Preparing: SELECT id,user_id,item_id,num,name,spec,price,image,create_time,update_time FROM cart WHERE (user_id = ?)
19:10:22:089 DEBUG 32564 --- [http-nio-8082-exec-1] c.h.cart.mapper.CartMapper.selectList    : ==> Parameters: 1(Long)
19:10:22:131 DEBUG 32564 --- [http-nio-8082-exec-1] c.h.cart.mapper.CartMapper.selectList    : <==      Total: 0
19:10:25:793 DEBUG 32564 --- [http-nio-8082-exec-2] c.h.cart.mapper.CartMapper.selectCount   : ==>  Preparing: SELECT COUNT( * ) FROM cart WHERE (user_id = ? AND item_id = ?)
19:10:25:793 DEBUG 32564 --- [http-nio-8082-exec-2] c.h.cart.mapper.CartMapper.selectCount   : ==> Parameters: 1(Long), 100001511821(Long)
19:10:25:821 DEBUG 32564 --- [http-nio-8082-exec-2] c.h.cart.mapper.CartMapper.selectCount   : <==      Total: 1
19:10:25:824 DEBUG 32564 --- [http-nio-8082-exec-2] c.h.cart.mapper.CartMapper.selectCount   : ==>  Preparing: SELECT COUNT( * ) FROM cart WHERE (user_id = ?)
19:10:25:825 DEBUG 32564 --- [http-nio-8082-exec-2] c.h.cart.mapper.CartMapper.selectCount   : ==> Parameters: 1(Long)
19:10:25:855 DEBUG 32564 --- [http-nio-8082-exec-2] c.h.cart.mapper.CartMapper.selectCount   : <==      Total: 1
19:10:25:887 DEBUG 32564 --- [http-nio-8082-exec-2] com.hmall.cart.mapper.CartMapper.insert  : ==>  Preparing: INSERT INTO cart ( user_id, item_id, name, spec, price, image ) VALUES ( ?, ?, ?, ?, ?, ? )
19:10:25:888 DEBUG 32564 --- [http-nio-8082-exec-2] com.hmall.cart.mapper.CartMapper.insert  : ==> Parameters: 1(Long), 100001511821(Long), HMDIME 牛仔背带裤女2018秋冬新品 韩版学院风潮流百搭弹力修身补丁学生吊带长裤女 AXNZ369 深蓝 30(String), {"颜色": "蓝色", "尺码": "30"}(String), 13700(Integer), https://m.360buyimg.com/mobilecms/s720x720_jfs/t30892/263/313055374/557791/c98e9abc/5bef811aN036f7c3b.jpg!q70.jpg.webp(String)
19:10:25:952 DEBUG 32564 --- [http-nio-8082-exec-2] com.hmall.cart.mapper.CartMapper.insert  : <==    Updates: 1
19:10:26:010 DEBUG 32564 --- [http-nio-8082-exec-4] c.h.cart.mapper.CartMapper.selectList    : ==>  Preparing: SELECT id,user_id,item_id,num,name,spec,price,image,create_time,update_time FROM cart WHERE (user_id = ?)
19:10:26:010 DEBUG 32564 --- [http-nio-8082-exec-4] c.h.cart.mapper.CartMapper.selectList    : ==> Parameters: 1(Long)
19:10:26:039 DEBUG 32564 --- [http-nio-8082-exec-4] c.h.cart.mapper.CartMapper.selectList    : <==      Total: 1
19:10:26:046 DEBUG 32564 --- [http-nio-8082-exec-4] com.hmall.api.client.ItemClient          : [ItemClient#queryItemsByIds] ---> GET http://item-service/items?ids=100001511821 HTTP/1.1
19:10:26:046 DEBUG 32564 --- [http-nio-8082-exec-4] com.hmall.api.client.ItemClient          : [ItemClient#queryItemsByIds] user-info: 1
19:10:26:046 DEBUG 32564 --- [http-nio-8082-exec-4] com.hmall.api.client.ItemClient          : [ItemClient#queryItemsByIds] ---> END HTTP (0-byte body)
19:10:26:297 DEBUG 32564 --- [http-nio-8082-exec-4] com.hmall.api.client.ItemClient          : [ItemClient#queryItemsByIds] <--- HTTP/1.1 200  (250ms)
19:10:26:297 DEBUG 32564 --- [http-nio-8082-exec-4] com.hmall.api.client.ItemClient          : [ItemClient#queryItemsByIds] connection: keep-alive
19:10:26:297 DEBUG 32564 --- [http-nio-8082-exec-4] com.hmall.api.client.ItemClient          : [ItemClient#queryItemsByIds] content-type: application/json
19:10:26:297 DEBUG 32564 --- [http-nio-8082-exec-4] com.hmall.api.client.ItemClient          : [ItemClient#queryItemsByIds] date: Fri, 10 Apr 2026 11:10:26 GMT
19:10:26:297 DEBUG 32564 --- [http-nio-8082-exec-4] com.hmall.api.client.ItemClient          : [ItemClient#queryItemsByIds] keep-alive: timeout=60
19:10:26:297 DEBUG 32564 --- [http-nio-8082-exec-4] com.hmall.api.client.ItemClient          : [ItemClient#queryItemsByIds] transfer-encoding: chunked
19:10:26:299 DEBUG 32564 --- [http-nio-8082-exec-4] com.hmall.api.client.ItemClient          : [ItemClient#queryItemsByIds] 
19:10:26:299 DEBUG 32564 --- [http-nio-8082-exec-4] com.hmall.api.client.ItemClient          : [ItemClient#queryItemsByIds] [{"id":"100001511821","name":"HMDIME 牛仔背带裤女2018秋冬新品 韩版学院风潮流百搭弹力修身补丁学生吊带长裤女 AXNZ369 深蓝 30","price":13700,"stock":9999,"image":"https://m.360buyimg.com/mobilecms/s720x720_jfs/t30892/263/313055374/557791/c98e9abc/5bef811aN036f7c3b.jpg!q70.jpg.webp","category":"牛仔裤","brand":"HMDIME","spec":"{\"颜色\": \"蓝色\", \"尺码\": \"30\"}","sold":0,"commentCount":0,"isAD":false,"status":1}]
19:10:26:300 DEBUG 32564 --- [http-nio-8082-exec-4] com.hmall.api.client.ItemClient          : [ItemClient#queryItemsByIds] <--- END HTTP (459-byte body)
19:10:26:706  INFO 32564 --- [nacos-grpc-client-executor-12] com.alibaba.nacos.common.remote.client   : [80c01e10-5a5a-402b-960c-d336c263f679] Receive server push request, request = NotifySubscriberRequest, requestId = 321
19:10:26:706  INFO 32564 --- [nacos-grpc-client-executor-12] com.alibaba.nacos.common.remote.client   : [80c01e10-5a5a-402b-960c-d336c263f679] Ack server push request, request = NotifySubscriberRequest, requestId = 321
19:10:28:507 DEBUG 32564 --- [http-nio-8082-exec-3] c.h.cart.mapper.CartMapper.selectList    : ==>  Preparing: SELECT id,user_id,item_id,num,name,spec,price,image,create_time,update_time FROM cart WHERE (user_id = ?)
19:10:28:507 DEBUG 32564 --- [http-nio-8082-exec-3] c.h.cart.mapper.CartMapper.selectList    : ==> Parameters: 1(Long)
19:10:28:534 DEBUG 32564 --- [http-nio-8082-exec-3] c.h.cart.mapper.CartMapper.selectList    : <==      Total: 1
19:10:28:535 DEBUG 32564 --- [http-nio-8082-exec-3] com.hmall.api.client.ItemClient          : [ItemClient#queryItemsByIds] ---> GET http://item-service/items?ids=100001511821 HTTP/1.1
19:10:28:535 DEBUG 32564 --- [http-nio-8082-exec-3] com.hmall.api.client.ItemClient          : [ItemClient#queryItemsByIds] user-info: 1
19:10:28:536 DEBUG 32564 --- [http-nio-8082-exec-3] com.hmall.api.client.ItemClient          : [ItemClient#queryItemsByIds] ---> END HTTP (0-byte body)
19:10:28:589 DEBUG 32564 --- [http-nio-8082-exec-3] com.hmall.api.client.ItemClient          : [ItemClient#queryItemsByIds] <--- HTTP/1.1 200  (53ms)
19:10:28:590 DEBUG 32564 --- [http-nio-8082-exec-3] com.hmall.api.client.ItemClient          : [ItemClient#queryItemsByIds] connection: keep-alive
19:10:28:590 DEBUG 32564 --- [http-nio-8082-exec-3] com.hmall.api.client.ItemClient          : [ItemClient#queryItemsByIds] content-type: application/json
19:10:28:590 DEBUG 32564 --- [http-nio-8082-exec-3] com.hmall.api.client.ItemClient          : [ItemClient#queryItemsByIds] date: Fri, 10 Apr 2026 11:10:28 GMT
19:10:28:590 DEBUG 32564 --- [http-nio-8082-exec-3] com.hmall.api.client.ItemClient          : [ItemClient#queryItemsByIds] keep-alive: timeout=60
19:10:28:590 DEBUG 32564 --- [http-nio-8082-exec-3] com.hmall.api.client.ItemClient          : [ItemClient#queryItemsByIds] transfer-encoding: chunked
19:10:28:590 DEBUG 32564 --- [http-nio-8082-exec-3] com.hmall.api.client.ItemClient          : [ItemClient#queryItemsByIds] 
19:10:28:590 DEBUG 32564 --- [http-nio-8082-exec-3] com.hmall.api.client.ItemClient          : [ItemClient#queryItemsByIds] [{"id":"100001511821","name":"HMDIME 牛仔背带裤女2018秋冬新品 韩版学院风潮流百搭弹力修身补丁学生吊带长裤女 AXNZ369 深蓝 30","price":13700,"stock":9999,"image":"https://m.360buyimg.com/mobilecms/s720x720_jfs/t30892/263/313055374/557791/c98e9abc/5bef811aN036f7c3b.jpg!q70.jpg.webp","category":"牛仔裤","brand":"HMDIME","spec":"{\"颜色\": \"蓝色\", \"尺码\": \"30\"}","sold":0,"commentCount":0,"isAD":false,"status":1}]
19:10:28:590 DEBUG 32564 --- [http-nio-8082-exec-3] com.hmall.api.client.ItemClient          : [ItemClient#queryItemsByIds] <--- END HTTP (459-byte body)
19:10:31:000 DEBUG 32564 --- [http-nio-8082-exec-5] c.h.cart.mapper.CartMapper.selectCount   : ==>  Preparing: SELECT COUNT( * ) FROM cart WHERE (user_id = ? AND item_id = ?)
19:10:31:001 DEBUG 32564 --- [http-nio-8082-exec-5] c.h.cart.mapper.CartMapper.selectCount   : ==> Parameters: 1(Long), 317578(Long)
19:10:31:028 DEBUG 32564 --- [http-nio-8082-exec-5] c.h.cart.mapper.CartMapper.selectCount   : <==      Total: 1
19:10:31:030 DEBUG 32564 --- [http-nio-8082-exec-5] c.h.cart.mapper.CartMapper.selectCount   : ==>  Preparing: SELECT COUNT( * ) FROM cart WHERE (user_id = ?)
19:10:31:030 DEBUG 32564 --- [http-nio-8082-exec-5] c.h.cart.mapper.CartMapper.selectCount   : ==> Parameters: 1(Long)
19:10:31:054 DEBUG 32564 --- [http-nio-8082-exec-5] c.h.cart.mapper.CartMapper.selectCount   : <==      Total: 1
19:10:31:066 ERROR 32564 --- [http-nio-8082-exec-5] o.a.c.c.C.[.[.[/].[dispatcherServlet]    : Servlet.service() for servlet [dispatcherServlet] in context with path [] threw exception [Request processing failed; nested exception is com.hmall.common.exception.BizIllegalException: 用户购物车课程不能超过1] with root cause

com.hmall.common.exception.BizIllegalException: 用户购物车课程不能超过1
	at com.hmall.cart.service.Impl.CartServiceImpl.checkCartsFull(CartServiceImpl.java:120) ~[classes/:na]
	at com.hmall.cart.service.Impl.CartServiceImpl.addItem2Cart(CartServiceImpl.java:55) ~[classes/:na]
	at com.hmall.cart.service.Impl.CartServiceImpl$$FastClassBySpringCGLIB$$83d8b6af.invoke(<generated>) ~[classes/:na]
	at org.springframework.cglib.proxy.MethodProxy.invoke(MethodProxy.java:218) ~[spring-core-5.3.27.jar:5.3.27]
	at org.springframework.aop.framework.CglibAopProxy.invokeMethod(CglibAopProxy.java:386) ~[spring-aop-5.3.27.jar:5.3.27]
	at org.springframework.aop.framework.CglibAopProxy.access$000(CglibAopProxy.java:85) ~[spring-aop-5.3.27.jar:5.3.27]
	at org.springframework.aop.framework.CglibAopProxy$DynamicAdvisedInterceptor.intercept(CglibAopProxy.java:704) ~[spring-aop-5.3.27.jar:5.3.27]
	at com.hmall.cart.service.Impl.CartServiceImpl$$EnhancerBySpringCGLIB$$df80b1ba.addItem2Cart(<generated>) ~[classes/:na]
	at com.hmall.cart.controller.CartController.addItem2Cart(CartController.java:28) ~[classes/:na]
	at java.base/jdk.internal.reflect.NativeMethodAccessorImpl.invoke0(Native Method) ~[na:na]
	at java.base/jdk.internal.reflect.NativeMethodAccessorImpl.invoke(NativeMethodAccessorImpl.java:62) ~[na:na]
	at java.base/jdk.internal.reflect.DelegatingMethodAccessorImpl.invoke(DelegatingMethodAccessorImpl.java:43) ~[na:na]
	at java.base/java.lang.reflect.Method.invoke(Method.java:566) ~[na:na]
	at org.springframework.web.method.support.InvocableHandlerMethod.doInvoke(InvocableHandlerMethod.java:205) ~[spring-web-5.3.27.jar:5.3.27]
	at org.springframework.web.method.support.InvocableHandlerMethod.invokeForRequest(InvocableHandlerMethod.java:150) ~[spring-web-5.3.27.jar:5.3.27]
	at org.springframework.web.servlet.mvc.method.annotation.ServletInvocableHandlerMethod.invokeAndHandle(ServletInvocableHandlerMethod.java:117) ~[spring-webmvc-5.3.27.jar:5.3.27]
	at org.springframework.web.servlet.mvc.method.annotation.RequestMappingHandlerAdapter.invokeHandlerMethod(RequestMappingHandlerAdapter.java:895) ~[spring-webmvc-5.3.27.jar:5.3.27]
	at org.springframework.web.servlet.mvc.method.annotation.RequestMappingHandlerAdapter.handleInternal(RequestMappingHandlerAdapter.java:808) ~[spring-webmvc-5.3.27.jar:5.3.27]
	at org.springframework.web.servlet.mvc.method.AbstractHandlerMethodAdapter.handle(AbstractHandlerMethodAdapter.java:87) ~[spring-webmvc-5.3.27.jar:5.3.27]
	at org.springframework.web.servlet.DispatcherServlet.doDispatch(DispatcherServlet.java:1072) ~[spring-webmvc-5.3.27.jar:5.3.27]
	at org.springframework.web.servlet.DispatcherServlet.doService(DispatcherServlet.java:965) ~[spring-webmvc-5.3.27.jar:5.3.27]
	at org.springframework.web.servlet.FrameworkServlet.processRequest(FrameworkServlet.java:1006) ~[spring-webmvc-5.3.27.jar:5.3.27]
	at org.springframework.web.servlet.FrameworkServlet.doPost(FrameworkServlet.java:909) ~[spring-webmvc-5.3.27.jar:5.3.27]
	at javax.servlet.http.HttpServlet.service(HttpServlet.java:555) ~[tomcat-embed-core-9.0.75.jar:4.0.FR]
	at org.springframework.web.servlet.FrameworkServlet.service(FrameworkServlet.java:883) ~[spring-webmvc-5.3.27.jar:5.3.27]
	at javax.servlet.http.HttpServlet.service(HttpServlet.java:623) ~[tomcat-embed-core-9.0.75.jar:4.0.FR]
	at org.apache.catalina.core.ApplicationFilterChain.internalDoFilter(ApplicationFilterChain.java:209) ~[tomcat-embed-core-9.0.75.jar:9.0.75]
	at org.apache.catalina.core.ApplicationFilterChain.doFilter(ApplicationFilterChain.java:153) ~[tomcat-embed-core-9.0.75.jar:9.0.75]
	at org.apache.tomcat.websocket.server.WsFilter.doFilter(WsFilter.java:51) ~[tomcat-embed-websocket-9.0.75.jar:9.0.75]
	at org.apache.catalina.core.ApplicationFilterChain.internalDoFilter(ApplicationFilterChain.java:178) ~[tomcat-embed-core-9.0.75.jar:9.0.75]
	at org.apache.catalina.core.ApplicationFilterChain.doFilter(ApplicationFilterChain.java:153) ~[tomcat-embed-core-9.0.75.jar:9.0.75]
	at org.springframework.web.filter.RequestContextFilter.doFilterInternal(RequestContextFilter.java:100) ~[spring-web-5.3.27.jar:5.3.27]
	at org.springframework.web.filter.OncePerRequestFilter.doFilter(OncePerRequestFilter.java:117) ~[spring-web-5.3.27.jar:5.3.27]
	at org.apache.catalina.core.ApplicationFilterChain.internalDoFilter(ApplicationFilterChain.java:178) ~[tomcat-embed-core-9.0.75.jar:9.0.75]
	at org.apache.catalina.core.ApplicationFilterChain.doFilter(ApplicationFilterChain.java:153) ~[tomcat-embed-core-9.0.75.jar:9.0.75]
	at org.springframework.web.filter.FormContentFilter.doFilterInternal(FormContentFilter.java:93) ~[spring-web-5.3.27.jar:5.3.27]
	at org.springframework.web.filter.OncePerRequestFilter.doFilter(OncePerRequestFilter.java:117) ~[spring-web-5.3.27.jar:5.3.27]
	at org.apache.catalina.core.ApplicationFilterChain.internalDoFilter(ApplicationFilterChain.java:178) ~[tomcat-embed-core-9.0.75.jar:9.0.75]
	at org.apache.catalina.core.ApplicationFilterChain.doFilter(ApplicationFilterChain.java:153) ~[tomcat-embed-core-9.0.75.jar:9.0.75]
	at org.springframework.web.filter.CharacterEncodingFilter.doFilterInternal(CharacterEncodingFilter.java:201) ~[spring-web-5.3.27.jar:5.3.27]
	at org.springframework.web.filter.OncePerRequestFilter.doFilter(OncePerRequestFilter.java:117) ~[spring-web-5.3.27.jar:5.3.27]
	at org.apache.catalina.core.ApplicationFilterChain.internalDoFilter(ApplicationFilterChain.java:178) ~[tomcat-embed-core-9.0.75.jar:9.0.75]
	at org.apache.catalina.core.ApplicationFilterChain.doFilter(ApplicationFilterChain.java:153) ~[tomcat-embed-core-9.0.75.jar:9.0.75]
	at org.apache.catalina.core.StandardWrapperValve.invoke(StandardWrapperValve.java:167) ~[tomcat-embed-core-9.0.75.jar:9.0.75]
	at org.apache.catalina.core.StandardContextValve.invoke(StandardContextValve.java:90) ~[tomcat-embed-core-9.0.75.jar:9.0.75]
	at org.apache.catalina.authenticator.AuthenticatorBase.invoke(AuthenticatorBase.java:481) ~[tomcat-embed-core-9.0.75.jar:9.0.75]
	at org.apache.catalina.core.StandardHostValve.invoke(StandardHostValve.java:130) ~[tomcat-embed-core-9.0.75.jar:9.0.75]
	at org.apache.catalina.valves.ErrorReportValve.invoke(ErrorReportValve.java:93) ~[tomcat-embed-core-9.0.75.jar:9.0.75]
	at org.apache.catalina.core.StandardEngineValve.invoke(StandardEngineValve.java:74) ~[tomcat-embed-core-9.0.75.jar:9.0.75]
	at org.apache.catalina.connector.CoyoteAdapter.service(CoyoteAdapter.java:343) ~[tomcat-embed-core-9.0.75.jar:9.0.75]
	at org.apache.coyote.http11.Http11Processor.service(Http11Processor.java:390) ~[tomcat-embed-core-9.0.75.jar:9.0.75]
	at org.apache.coyote.AbstractProcessorLight.process(AbstractProcessorLight.java:63) ~[tomcat-embed-core-9.0.75.jar:9.0.75]
	at org.apache.coyote.AbstractProtocol$ConnectionHandler.process(AbstractProtocol.java:926) ~[tomcat-embed-core-9.0.75.jar:9.0.75]
	at org.apache.tomcat.util.net.NioEndpoint$SocketProcessor.doRun(NioEndpoint.java:1791) ~[tomcat-embed-core-9.0.75.jar:9.0.75]
	at org.apache.tomcat.util.net.SocketProcessorBase.run(SocketProcessorBase.java:52) ~[tomcat-embed-core-9.0.75.jar:9.0.75]
	at org.apache.tomcat.util.threads.ThreadPoolExecutor.runWorker(ThreadPoolExecutor.java:1191) ~[tomcat-embed-core-9.0.75.jar:9.0.75]
	at org.apache.tomcat.util.threads.ThreadPoolExecutor$Worker.run(ThreadPoolExecutor.java:659) ~[tomcat-embed-core-9.0.75.jar:9.0.75]
	at org.apache.tomcat.util.threads.TaskThread$WrappingRunnable.run(TaskThread.java:61) ~[tomcat-embed-core-9.0.75.jar:9.0.75]
	at java.base/java.lang.Thread.run(Thread.java:829) ~[na:na]

19:11:46:750  INFO 32564 --- [nacos-grpc-client-executor-35] com.alibaba.nacos.common.remote.client   : [35800813-f76a-4c96-afa0-27147e750c16_config-0] Receive server push request, request = ConfigChangeNotifyRequest, requestId = 322
19:11:46:750  INFO 32564 --- [nacos-grpc-client-executor-35] com.alibaba.nacos.common.remote.client   : [35800813-f76a-4c96-afa0-27147e750c16_config-0] Ack server push request, request = ConfigChangeNotifyRequest, requestId = 322
19:11:49:174  INFO 32564 --- [nacos.client.cachedata.internal.notifier] o.s.cloud.commons.util.InetUtils         : Cannot determine local hostname
19:11:49:307  WARN 32564 --- [nacos.client.cachedata.internal.notifier] c.a.c.n.c.NacosPropertySourceBuilder     : Ignore the empty nacos configuration and get it based on dataId[cart-service] & group[DEFAULT_GROUP]
19:11:49:382  WARN 32564 --- [nacos.client.cachedata.internal.notifier] c.a.c.n.c.NacosPropertySourceBuilder     : Ignore the empty nacos configuration and get it based on dataId[cart-service-local.yaml] & group[DEFAULT_GROUP]
19:11:49:382  INFO 32564 --- [nacos.client.cachedata.internal.notifier] b.c.PropertySourceBootstrapConfiguration : Located property source: [BootstrapPropertySource {name='bootstrapProperties-cart-service-local.yaml,DEFAULT_GROUP'}, BootstrapPropertySource {name='bootstrapProperties-cart-service.yaml,DEFAULT_GROUP'}, BootstrapPropertySource {name='bootstrapProperties-cart-service,DEFAULT_GROUP'}, BootstrapPropertySource {name='bootstrapProperties-shared-swaggwer.yaml,DEFAULT_GROUP'}, BootstrapPropertySource {name='bootstrapProperties-shared-log.yaml,DEFAULT_GROUP'}, BootstrapPropertySource {name='bootstrapProperties-shared-jdbc.yaml,DEFAULT_GROUP'}]
19:11:49:396  INFO 32564 --- [nacos.client.cachedata.internal.notifier] o.s.boot.SpringApplication               : The following 1 profile is active: "local"
19:11:49:407  INFO 32564 --- [nacos.client.cachedata.internal.notifier] o.s.boot.SpringApplication               : Started application in 2.584 seconds (JVM running for 127.418)
19:11:49:470  INFO 32564 --- [nacos.client.cachedata.internal.notifier] o.s.c.e.event.RefreshEventListener       : Refresh keys changed: [spring.cloud.client.hostname, hm.cart.maxItems]
19:11:50:446 DEBUG 32564 --- [http-nio-8082-exec-6] c.h.cart.mapper.CartMapper.selectCount   : ==>  Preparing: SELECT COUNT( * ) FROM cart WHERE (user_id = ? AND item_id = ?)
19:11:50:447 DEBUG 32564 --- [http-nio-8082-exec-6] c.h.cart.mapper.CartMapper.selectCount   : ==> Parameters: 1(Long), 317578(Long)
19:11:50:480 DEBUG 32564 --- [http-nio-8082-exec-6] c.h.cart.mapper.CartMapper.selectCount   : <==      Total: 1
19:11:50:481 DEBUG 32564 --- [http-nio-8082-exec-6] c.h.cart.mapper.CartMapper.selectCount   : ==>  Preparing: SELECT COUNT( * ) FROM cart WHERE (user_id = ?)
19:11:50:482 DEBUG 32564 --- [http-nio-8082-exec-6] c.h.cart.mapper.CartMapper.selectCount   : ==> Parameters: 1(Long)
19:11:50:506 DEBUG 32564 --- [http-nio-8082-exec-6] c.h.cart.mapper.CartMapper.selectCount   : <==      Total: 1
19:11:50:509 DEBUG 32564 --- [http-nio-8082-exec-6] com.hmall.cart.mapper.CartMapper.insert  : ==>  Preparing: INSERT INTO cart ( user_id, item_id, name, spec, price, image ) VALUES ( ?, ?, ?, ?, ?, ? )
19:11:50:510 DEBUG 32564 --- [http-nio-8082-exec-6] com.hmall.cart.mapper.CartMapper.insert  : ==> Parameters: 1(Long), 317578(Long), RIMOWA 21寸托运箱拉杆箱 SALSA AIR系列果绿色 820.70.36.4(String), {"颜色": "红色", "尺码": "21寸"}(String), 28900(Integer), https://m.360buyimg.com/mobilecms/s720x720_jfs/t6934/364/1195375010/84676/e9f2c55f/597ece38N0ddcbc77.jpg!q70.jpg.webp(String)
19:11:50:569 DEBUG 32564 --- [http-nio-8082-exec-6] com.hmall.cart.mapper.CartMapper.insert  : <==    Updates: 1
19:11:50:619 DEBUG 32564 --- [http-nio-8082-exec-7] c.h.cart.mapper.CartMapper.selectList    : ==>  Preparing: SELECT id,user_id,item_id,num,name,spec,price,image,create_time,update_time FROM cart WHERE (user_id = ?)
19:11:50:620 DEBUG 32564 --- [http-nio-8082-exec-7] c.h.cart.mapper.CartMapper.selectList    : ==> Parameters: 1(Long)
19:11:50:645 DEBUG 32564 --- [http-nio-8082-exec-7] c.h.cart.mapper.CartMapper.selectList    : <==      Total: 2
19:11:50:647 DEBUG 32564 --- [http-nio-8082-exec-7] com.hmall.api.client.ItemClient          : [ItemClient#queryItemsByIds] ---> GET http://item-service/items?ids=100001511821&ids=317578 HTTP/1.1
19:11:50:647 DEBUG 32564 --- [http-nio-8082-exec-7] com.hmall.api.client.ItemClient          : [ItemClient#queryItemsByIds] user-info: 1
19:11:50:647 DEBUG 32564 --- [http-nio-8082-exec-7] com.hmall.api.client.ItemClient          : [ItemClient#queryItemsByIds] ---> END HTTP (0-byte body)
19:11:50:703 DEBUG 32564 --- [http-nio-8082-exec-7] com.hmall.api.client.ItemClient          : [ItemClient#queryItemsByIds] <--- HTTP/1.1 200  (56ms)
19:11:50:703 DEBUG 32564 --- [http-nio-8082-exec-7] com.hmall.api.client.ItemClient          : [ItemClient#queryItemsByIds] connection: keep-alive
19:11:50:703 DEBUG 32564 --- [http-nio-8082-exec-7] com.hmall.api.client.ItemClient          : [ItemClient#queryItemsByIds] content-type: application/json
19:11:50:703 DEBUG 32564 --- [http-nio-8082-exec-7] com.hmall.api.client.ItemClient          : [ItemClient#queryItemsByIds] date: Fri, 10 Apr 2026 11:11:50 GMT
19:11:50:703 DEBUG 32564 --- [http-nio-8082-exec-7] com.hmall.api.client.ItemClient          : [ItemClient#queryItemsByIds] keep-alive: timeout=60
19:11:50:703 DEBUG 32564 --- [http-nio-8082-exec-7] com.hmall.api.client.ItemClient          : [ItemClient#queryItemsByIds] transfer-encoding: chunked
19:11:50:703 DEBUG 32564 --- [http-nio-8082-exec-7] com.hmall.api.client.ItemClient          : [ItemClient#queryItemsByIds] 
19:11:50:703 DEBUG 32564 --- [http-nio-8082-exec-7] com.hmall.api.client.ItemClient          : [ItemClient#queryItemsByIds] [{"id":"317578","name":"RIMOWA 21寸托运箱拉杆箱 SALSA AIR系列果绿色 820.70.36.4","price":28900,"stock":9976,"image":"https://m.360buyimg.com/mobilecms/s720x720_jfs/t6934/364/1195375010/84676/e9f2c55f/597ece38N0ddcbc77.jpg!q70.jpg.webp","category":"拉杆箱","brand":"RIMOWA","spec":"{\"颜色\": \"红色\", \"尺码\": \"21寸\"}","sold":0,"commentCount":0,"isAD":false,"status":1},{"id":"100001511821","name":"HMDIME 牛仔背带裤女2018秋冬新品 韩版学院风潮流百搭弹力修身补丁学生吊带长裤女 AXNZ369 深蓝 30","price":13700,"stock":9999,"image":"https://m.360buyimg.com/mobilecms/s720x720_jfs/t30892/263/313055374/557791/c98e9abc/5bef811aN036f7c3b.jpg!q70.jpg.webp","category":"牛仔裤","brand":"HMDIME","spec":"{\"颜色\": \"蓝色\", \"尺码\": \"30\"}","sold":0,"commentCount":0,"isAD":false,"status":1}]
19:11:50:705 DEBUG 32564 --- [http-nio-8082-exec-7] com.hmall.api.client.ItemClient          : [ItemClient#queryItemsByIds] <--- END HTTP (854-byte body)
19:15:17:671  WARN 32564 --- [HikariPool-1 housekeeper] com.zaxxer.hikari.pool.PoolBase          : HikariPool-1 - Failed to validate connection com.mysql.cj.jdbc.ConnectionImpl@584fd076 (No operations allowed after connection closed.). Possibly consider using a shorter maxLifetime value.
19:20:00:732  WARN 32564 --- [HikariPool-1 housekeeper] com.zaxxer.hikari.pool.PoolBase          : HikariPool-1 - Failed to validate connection com.mysql.cj.jdbc.ConnectionImpl@4e74ba8d (No operations allowed after connection closed.). Possibly consider using a shorter maxLifetime value.
19:24:28:067  WARN 32564 --- [HikariPool-1 housekeeper] com.zaxxer.hikari.pool.PoolBase          : HikariPool-1 - Failed to validate connection com.mysql.cj.jdbc.ConnectionImpl@63a83e35 (No operations allowed after connection closed.). Possibly consider using a shorter maxLifetime value.
19:24:47:056  WARN 32564 --- [HikariPool-1 housekeeper] com.zaxxer.hikari.pool.PoolBase          : HikariPool-1 - Failed to validate connection com.mysql.cj.jdbc.ConnectionImpl@74d88c6a (No operations allowed after connection closed.). Possibly consider using a shorter maxLifetime value.
19:29:12:811  WARN 32564 --- [HikariPool-1 housekeeper] com.zaxxer.hikari.pool.PoolBase          : HikariPool-1 - Failed to validate connection com.mysql.cj.jdbc.ConnectionImpl@477a2057 (No operations allowed after connection closed.). Possibly consider using a shorter maxLifetime value.
19:29:49:528  WARN 32564 --- [HikariPool-1 housekeeper] com.zaxxer.hikari.pool.PoolBase          : HikariPool-1 - Failed to validate connection com.mysql.cj.jdbc.ConnectionImpl@6f93e534 (No operations allowed after connection closed.). Possibly consider using a shorter maxLifetime value.
19:34:09:016  WARN 32564 --- [HikariPool-1 housekeeper] com.zaxxer.hikari.pool.PoolBase          : HikariPool-1 - Failed to validate connection com.mysql.cj.jdbc.ConnectionImpl@1dcfc3c4 (No operations allowed after connection closed.). Possibly consider using a shorter maxLifetime value.
19:34:32:395  WARN 32564 --- [HikariPool-1 housekeeper] com.zaxxer.hikari.pool.PoolBase          : HikariPool-1 - Failed to validate connection com.mysql.cj.jdbc.ConnectionImpl@35e1486e (No operations allowed after connection closed.). Possibly consider using a shorter maxLifetime value.
19:38:58:907  WARN 32564 --- [HikariPool-1 housekeeper] com.zaxxer.hikari.pool.PoolBase          : HikariPool-1 - Failed to validate connection com.mysql.cj.jdbc.ConnectionImpl@240a6723 (No operations allowed after connection closed.). Possibly consider using a shorter maxLifetime value.
19:39:41:586  WARN 32564 --- [HikariPool-1 housekeeper] com.zaxxer.hikari.pool.PoolBase          : HikariPool-1 - Failed to validate connection com.mysql.cj.jdbc.ConnectionImpl@12e37da2 (No operations allowed after connection closed.). Possibly consider using a shorter maxLifetime value.
19:43:53:016  WARN 32564 --- [HikariPool-1 housekeeper] com.zaxxer.hikari.pool.PoolBase          : HikariPool-1 - Failed to validate connection com.mysql.cj.jdbc.ConnectionImpl@6746bf05 (No operations allowed after connection closed.). Possibly consider using a shorter maxLifetime value.
19:44:32:591  WARN 32564 --- [HikariPool-1 housekeeper] com.zaxxer.hikari.pool.PoolBase          : HikariPool-1 - Failed to validate connection com.mysql.cj.jdbc.ConnectionImpl@2e151af2 (No operations allowed after connection closed.). Possibly consider using a shorter maxLifetime value.
19:49:01:387  WARN 32564 --- [HikariPool-1 housekeeper] com.zaxxer.hikari.pool.PoolBase          : HikariPool-1 - Failed to validate connection com.mysql.cj.jdbc.ConnectionImpl@14d53223 (No operations allowed after connection closed.). Possibly consider using a shorter maxLifetime value.
19:49:27:511  WARN 32564 --- [HikariPool-1 housekeeper] com.zaxxer.hikari.pool.PoolBase          : HikariPool-1 - Failed to validate connection com.mysql.cj.jdbc.ConnectionImpl@722ad2f4 (No operations allowed after connection closed.). Possibly consider using a shorter maxLifetime value.
19:53:42:614  WARN 32564 --- [HikariPool-1 housekeeper] com.zaxxer.hikari.pool.PoolBase          : HikariPool-1 - Failed to validate connection com.mysql.cj.jdbc.ConnectionImpl@3516d60f (No operations allowed after connection closed.). Possibly consider using a shorter maxLifetime value.
19:54:20:398  WARN 32564 --- [HikariPool-1 housekeeper] com.zaxxer.hikari.pool.PoolBase          : HikariPool-1 - Failed to validate connection com.mysql.cj.jdbc.ConnectionImpl@17e5666d (No operations allowed after connection closed.). Possibly consider using a shorter maxLifetime value.
19:58:32:500  WARN 32564 --- [HikariPool-1 housekeeper] com.zaxxer.hikari.pool.PoolBase          : HikariPool-1 - Failed to validate connection com.mysql.cj.jdbc.ConnectionImpl@269c42c1 (No operations allowed after connection closed.). Possibly consider using a shorter maxLifetime value.
19:59:27:956  WARN 32564 --- [HikariPool-1 housekeeper] com.zaxxer.hikari.pool.PoolBase          : HikariPool-1 - Failed to validate connection com.mysql.cj.jdbc.ConnectionImpl@2b19f4f6 (No operations allowed after connection closed.). Possibly consider using a shorter maxLifetime value.
20:03:36:421  WARN 32564 --- [HikariPool-1 housekeeper] com.zaxxer.hikari.pool.PoolBase          : HikariPool-1 - Failed to validate connection com.mysql.cj.jdbc.ConnectionImpl@330ce5e3 (No operations allowed after connection closed.). Possibly consider using a shorter maxLifetime value.
20:04:21:331  WARN 32564 --- [HikariPool-1 housekeeper] com.zaxxer.hikari.pool.PoolBase          : HikariPool-1 - Failed to validate connection com.mysql.cj.jdbc.ConnectionImpl@25fbba8a (No operations allowed after connection closed.). Possibly consider using a shorter maxLifetime value.
20:08:23:302  WARN 32564 --- [HikariPool-1 housekeeper] com.zaxxer.hikari.pool.PoolBase          : HikariPool-1 - Failed to validate connection com.mysql.cj.jdbc.ConnectionImpl@6f3af85d (No operations allowed after connection closed.). Possibly consider using a shorter maxLifetime value.
20:09:04:010  WARN 32564 --- [Thread-5] c.a.nacos.common.notify.NotifyCenter     : [NotifyCenter] Start destroying Publisher
20:09:04:011  WARN 32564 --- [Thread-1] c.a.n.common.http.HttpClientBeanHolder   : [HttpClientBeanHolder] Start destroying common HttpClient
20:09:04:011  WARN 32564 --- [Thread-5] c.a.nacos.common.notify.NotifyCenter     : [NotifyCenter] Destruction of the end
20:09:04:013  WARN 32564 --- [Thread-1] c.a.n.common.http.HttpClientBeanHolder   : [HttpClientBeanHolder] Destruction of the end
20:09:05:201  INFO 32564 --- [SpringApplicationShutdownHook] c.a.c.n.registry.NacosServiceRegistry    : De-registering from Nacos Server now...
20:09:05:231  INFO 32564 --- [SpringApplicationShutdownHook] c.a.c.n.registry.NacosServiceRegistry    : De-registration finished.
20:09:05:559  INFO 32564 --- [SpringApplicationShutdownHook] com.alibaba.nacos.common.remote.client   : Shutdown rpc client, set status to shutdown
20:09:05:559  INFO 32564 --- [SpringApplicationShutdownHook] com.alibaba.nacos.common.remote.client   : Shutdown client event executor java.util.concurrent.ScheduledThreadPoolExecutor@6a8819b6[Running, pool size = 2, active threads = 2, queued tasks = 0, completed tasks = 0]
20:09:05:559  INFO 32564 --- [SpringApplicationShutdownHook] com.alibaba.nacos.common.remote.client   : Close current connection 1775819410927_119.251.158.154_47240
20:09:05:567  INFO 32564 --- [SpringApplicationShutdownHook] c.a.n.c.remote.client.grpc.GrpcClient    : Shutdown grpc executor java.util.concurrent.ThreadPoolExecutor@7c7a1dfa[Running, pool size = 4, active threads = 0, queued tasks = 0, completed tasks = 726]
20:09:05:571  INFO 32564 --- [SpringApplicationShutdownHook] com.zaxxer.hikari.HikariDataSource       : HikariPool-1 - Shutdown initiated...
20:09:15:586  INFO 32564 --- [SpringApplicationShutdownHook] com.zaxxer.hikari.HikariDataSource       : HikariPool-1 - Shutdown completed.
