14:44:01:472  INFO 7256 --- [main] com.hmall.item.ItemApplication           : Starting ItemApplication using Java 11.0.30 on LuciFer with PID 7256 (D:\microService\hmall\item-service\target\classes started by 烽 in D:\microService\hmall)
14:44:01:475 DEBUG 7256 --- [main] com.hmall.item.ItemApplication           : Running with Spring Boot v2.7.12, Spring v5.3.27
14:44:01:476  INFO 7256 --- [main] com.hmall.item.ItemApplication           : The following 1 profile is active: "local"
14:44:02:571  INFO 7256 --- [main] .s.d.r.c.RepositoryConfigurationDelegate : Multiple Spring Data modules found, entering strict repository configuration mode
14:44:02:575  INFO 7256 --- [main] .s.d.r.c.RepositoryConfigurationDelegate : Bootstrapping Spring Data Redis repositories in DEFAULT mode.
14:44:02:612  INFO 7256 --- [main] .s.d.r.c.RepositoryConfigurationDelegate : Finished Spring Data repository scanning in 14 ms. Found 0 Redis repository interfaces.
14:44:02:845  INFO 7256 --- [main] o.s.cloud.context.scope.GenericScope     : BeanFactory id=705fe555-dfcc-3e14-9182-b5bd642d25cd
14:44:03:295  INFO 7256 --- [main] o.s.b.w.embedded.tomcat.TomcatWebServer  : Tomcat initialized with port(s): 8081 (http)
14:44:03:308  INFO 7256 --- [main] o.apache.catalina.core.StandardService   : Starting service [Tomcat]
14:44:03:308  INFO 7256 --- [main] org.apache.catalina.core.StandardEngine  : Starting Servlet engine: [Apache Tomcat/9.0.75]
14:44:03:515  INFO 7256 --- [main] o.a.c.c.C.[Tomcat].[localhost].[/]       : Initializing Spring embedded WebApplicationContext
14:44:03:515  INFO 7256 --- [main] w.s.c.ServletWebServerApplicationContext : Root WebApplicationContext: initialization completed in 1982 ms
14:44:09:985  INFO 7256 --- [main] pertySourcedRequestMappingHandlerMapping : Mapped URL path [/v2/api-docs] onto method [springfox.documentation.swagger2.web.Swagger2ControllerWebMvc#getDocumentation(String, HttpServletRequest)]
14:44:12:345  INFO 7256 --- [main] com.alibaba.nacos.common.remote.client   : [RpcClientFactory] create a new rpc client of e6d1e259-beaa-4f57-a79a-8ac570a5acc7
14:44:12:395  INFO 7256 --- [main] org.reflections.Reflections              : Reflections took 29 ms to scan 1 urls, producing 3 keys and 6 values 
14:44:12:437  INFO 7256 --- [main] org.reflections.Reflections              : Reflections took 25 ms to scan 1 urls, producing 4 keys and 9 values 
14:44:12:452  INFO 7256 --- [main] org.reflections.Reflections              : Reflections took 10 ms to scan 1 urls, producing 3 keys and 10 values 
14:44:12:456  WARN 7256 --- [main] org.reflections.Reflections              : given scan urls are empty. set urls in the configuration
14:44:12:470  INFO 7256 --- [main] org.reflections.Reflections              : Reflections took 13 ms to scan 1 urls, producing 1 keys and 5 values 
14:44:12:485  INFO 7256 --- [main] org.reflections.Reflections              : Reflections took 11 ms to scan 1 urls, producing 1 keys and 7 values 
14:44:12:500  INFO 7256 --- [main] org.reflections.Reflections              : Reflections took 11 ms to scan 1 urls, producing 2 keys and 8 values 
14:44:12:503  WARN 7256 --- [main] org.reflections.Reflections              : given scan urls are empty. set urls in the configuration
14:44:12:504  INFO 7256 --- [main] com.alibaba.nacos.common.remote.client   : [e6d1e259-beaa-4f57-a79a-8ac570a5acc7] RpcClient init label, labels = {module=naming, source=sdk}
14:44:12:505  INFO 7256 --- [main] com.alibaba.nacos.common.remote.client   : [e6d1e259-beaa-4f57-a79a-8ac570a5acc7] RpcClient init, ServerListFactory = com.alibaba.nacos.client.naming.core.ServerListManager
14:44:12:507  INFO 7256 --- [main] com.alibaba.nacos.common.remote.client   : [e6d1e259-beaa-4f57-a79a-8ac570a5acc7] Registry connection listener to current client:com.alibaba.nacos.client.naming.remote.gprc.redo.NamingGrpcRedoService
14:44:12:507  INFO 7256 --- [main] com.alibaba.nacos.common.remote.client   : [e6d1e259-beaa-4f57-a79a-8ac570a5acc7] Register server push request handler:com.alibaba.nacos.client.naming.remote.gprc.NamingPushRequestHandler
14:44:12:510  INFO 7256 --- [main] com.alibaba.nacos.common.remote.client   : [e6d1e259-beaa-4f57-a79a-8ac570a5acc7] Try to connect to server on start up, server: {serverIp = '47.93.37.97', server main port = 8848}
14:44:17:585  INFO 7256 --- [main] com.alibaba.nacos.common.remote.client   : [e6d1e259-beaa-4f57-a79a-8ac570a5acc7] Success to connect to server [47.93.37.97:8848] on start up, connectionId = 1775803463370_119.251.158.154_49366
14:44:17:586  INFO 7256 --- [com.alibaba.nacos.client.remote.worker] com.alibaba.nacos.common.remote.client   : [e6d1e259-beaa-4f57-a79a-8ac570a5acc7] Notify connected event to listeners.
14:44:17:588  INFO 7256 --- [main] com.alibaba.nacos.common.remote.client   : [e6d1e259-beaa-4f57-a79a-8ac570a5acc7] Register server push request handler:com.alibaba.nacos.common.remote.client.RpcClient$ConnectResetRequestHandler
14:44:17:588  INFO 7256 --- [main] com.alibaba.nacos.common.remote.client   : [e6d1e259-beaa-4f57-a79a-8ac570a5acc7] Register server push request handler:com.alibaba.nacos.common.remote.client.RpcClient$$Lambda$1062/0x0000000840693440
14:44:17:707  INFO 7256 --- [main] o.s.b.w.embedded.tomcat.TomcatWebServer  : Tomcat started on port(s): 8081 (http) with context path ''
14:44:17:742  INFO 7256 --- [main] c.a.c.n.registry.NacosServiceRegistry    : nacos registry, DEFAULT_GROUP item-service 192.168.217.1:8081 register finished
14:44:18:236  INFO 7256 --- [nacos-grpc-client-executor-9] com.alibaba.nacos.common.remote.client   : [e6d1e259-beaa-4f57-a79a-8ac570a5acc7] Receive server push request, request = NotifySubscriberRequest, requestId = 207
14:44:18:246  INFO 7256 --- [nacos-grpc-client-executor-9] com.alibaba.nacos.common.remote.client   : [e6d1e259-beaa-4f57-a79a-8ac570a5acc7] Ack server push request, request = NotifySubscriberRequest, requestId = 207
14:44:20:587  INFO 7256 --- [main] o.s.cloud.commons.util.InetUtils         : Cannot determine local hostname
14:44:20:589  INFO 7256 --- [main] d.s.w.p.DocumentationPluginsBootstrapper : Documentation plugins bootstrapped
14:44:20:605  INFO 7256 --- [main] d.s.w.p.DocumentationPluginsBootstrapper : Found 1 custom documentation plugin(s)
14:44:20:661  INFO 7256 --- [main] s.d.s.w.s.ApiListingReferenceScanner     : Scanning for api listing references
14:44:20:919  INFO 7256 --- [main] com.hmall.item.ItemApplication           : Started ItemApplication in 22.541 seconds (JVM running for 24.44)
14:52:53:651  INFO 7256 --- [http-nio-8081-exec-1] o.a.c.c.C.[Tomcat].[localhost].[/]       : Initializing Spring DispatcherServlet 'dispatcherServlet'
14:52:53:651  INFO 7256 --- [http-nio-8081-exec-1] o.s.web.servlet.DispatcherServlet        : Initializing Servlet 'dispatcherServlet'
14:52:53:654  INFO 7256 --- [http-nio-8081-exec-1] o.s.web.servlet.DispatcherServlet        : Completed initialization in 3 ms
14:52:53:749  INFO 7256 --- [http-nio-8081-exec-1] com.zaxxer.hikari.HikariDataSource       : HikariPool-1 - Starting...
14:52:54:332  INFO 7256 --- [http-nio-8081-exec-1] com.zaxxer.hikari.HikariDataSource       : HikariPool-1 - Start completed.
14:52:54:340 DEBUG 7256 --- [http-nio-8081-exec-1] c.h.i.mapper.ItemMapper.selectBatchIds   : ==>  Preparing: SELECT id,name,price,stock,image,category,brand,spec,sold,comment_count,isAD,status,create_time,update_time,creater,updater FROM item WHERE id IN ( ? )
14:52:54:358 DEBUG 7256 --- [http-nio-8081-exec-1] c.h.i.mapper.ItemMapper.selectBatchIds   : ==> Parameters: 317578(Long)
14:52:54:409 DEBUG 7256 --- [http-nio-8081-exec-1] c.h.i.mapper.ItemMapper.selectBatchIds   : <==      Total: 1
14:52:59:527 DEBUG 7256 --- [http-nio-8081-exec-2] c.h.i.m.ItemMapper.selectPage_mpCount    : ==>  Preparing: SELECT COUNT(*) FROM item WHERE (status = ?)
14:52:59:527 DEBUG 7256 --- [http-nio-8081-exec-2] c.h.i.m.ItemMapper.selectPage_mpCount    : ==> Parameters: 1(Integer)
14:52:59:574 DEBUG 7256 --- [http-nio-8081-exec-2] c.h.i.m.ItemMapper.selectPage_mpCount    : <==      Total: 1
14:52:59:586 DEBUG 7256 --- [http-nio-8081-exec-2] c.h.item.mapper.ItemMapper.selectPage    : ==>  Preparing: SELECT id, name, price, stock, image, category, brand, spec, sold, comment_count, isAD, status, create_time, update_time, creater, updater FROM item WHERE (status = ?) ORDER BY update_time DESC LIMIT ?
14:52:59:587 DEBUG 7256 --- [http-nio-8081-exec-2] c.h.item.mapper.ItemMapper.selectPage    : ==> Parameters: 1(Integer), 20(Long)
14:52:59:621 DEBUG 7256 --- [http-nio-8081-exec-2] c.h.item.mapper.ItemMapper.selectPage    : <==      Total: 20
14:53:01:032 DEBUG 7256 --- [http-nio-8081-exec-3] c.h.i.mapper.ItemMapper.selectBatchIds   : ==>  Preparing: SELECT id,name,price,stock,image,category,brand,spec,sold,comment_count,isAD,status,create_time,update_time,creater,updater FROM item WHERE id IN ( ? )
14:53:01:032 DEBUG 7256 --- [http-nio-8081-exec-3] c.h.i.mapper.ItemMapper.selectBatchIds   : ==> Parameters: 317578(Long)
14:53:01:060 DEBUG 7256 --- [http-nio-8081-exec-3] c.h.i.mapper.ItemMapper.selectBatchIds   : <==      Total: 1
14:53:05:255 DEBUG 7256 --- [http-nio-8081-exec-4] c.h.i.mapper.ItemMapper.selectBatchIds   : ==>  Preparing: SELECT id,name,price,stock,image,category,brand,spec,sold,comment_count,isAD,status,create_time,update_time,creater,updater FROM item WHERE id IN ( ? )
14:53:05:255 DEBUG 7256 --- [http-nio-8081-exec-4] c.h.i.mapper.ItemMapper.selectBatchIds   : ==> Parameters: 317578(Long)
14:53:05:281 DEBUG 7256 --- [http-nio-8081-exec-4] c.h.i.mapper.ItemMapper.selectBatchIds   : <==      Total: 1
14:53:09:850 DEBUG 7256 --- [http-nio-8081-exec-5] c.h.i.mapper.ItemMapper.selectBatchIds   : ==>  Preparing: SELECT id,name,price,stock,image,category,brand,spec,sold,comment_count,isAD,status,create_time,update_time,creater,updater FROM item WHERE id IN ( ? )
14:53:09:851 DEBUG 7256 --- [http-nio-8081-exec-5] c.h.i.mapper.ItemMapper.selectBatchIds   : ==> Parameters: 317578(Long)
14:53:09:876 DEBUG 7256 --- [http-nio-8081-exec-5] c.h.i.mapper.ItemMapper.selectBatchIds   : <==      Total: 1
14:53:10:198  WARN 7256 --- [http-nio-8081-exec-6] c.h.item.service.Impl.ItemServiceImpl    : SqlSession [org.apache.ibatis.session.defaults.DefaultSqlSession@27ac7d18] Transaction not enabled
14:53:10:199 DEBUG 7256 --- [http-nio-8081-exec-6] c.h.item.mapper.ItemMapper.updateStock   : ==>  Preparing: UPDATE item SET stock = stock - ? WHERE id = ? AND stock >= ?
14:53:10:199 DEBUG 7256 --- [http-nio-8081-exec-6] c.h.item.mapper.ItemMapper.updateStock   : ==> Parameters: 2(Integer), 317578(Long), 2(Integer)
14:53:47:830 DEBUG 7256 --- [http-nio-8081-exec-8] c.h.i.mapper.ItemMapper.selectBatchIds   : ==>  Preparing: SELECT id,name,price,stock,image,category,brand,spec,sold,comment_count,isAD,status,create_time,update_time,creater,updater FROM item WHERE id IN ( ? )
14:53:47:831 DEBUG 7256 --- [http-nio-8081-exec-8] c.h.i.mapper.ItemMapper.selectBatchIds   : ==> Parameters: 317578(Long)
14:53:47:858 DEBUG 7256 --- [http-nio-8081-exec-8] c.h.i.mapper.ItemMapper.selectBatchIds   : <==      Total: 1
14:53:49:332 DEBUG 7256 --- [http-nio-8081-exec-7] c.h.i.mapper.ItemMapper.selectBatchIds   : ==>  Preparing: SELECT id,name,price,stock,image,category,brand,spec,sold,comment_count,isAD,status,create_time,update_time,creater,updater FROM item WHERE id IN ( ? )
14:53:49:334 DEBUG 7256 --- [http-nio-8081-exec-7] c.h.i.mapper.ItemMapper.selectBatchIds   : ==> Parameters: 317578(Long)
14:53:49:361 DEBUG 7256 --- [http-nio-8081-exec-7] c.h.i.mapper.ItemMapper.selectBatchIds   : <==      Total: 1
14:53:50:166 DEBUG 7256 --- [http-nio-8081-exec-9] c.h.i.mapper.ItemMapper.selectBatchIds   : ==>  Preparing: SELECT id,name,price,stock,image,category,brand,spec,sold,comment_count,isAD,status,create_time,update_time,creater,updater FROM item WHERE id IN ( ? )
14:53:50:166 DEBUG 7256 --- [http-nio-8081-exec-9] c.h.i.mapper.ItemMapper.selectBatchIds   : ==> Parameters: 317578(Long)
14:53:50:191 DEBUG 7256 --- [http-nio-8081-exec-9] c.h.i.mapper.ItemMapper.selectBatchIds   : <==      Total: 1
14:53:50:933 DEBUG 7256 --- [http-nio-8081-exec-10] c.h.i.mapper.ItemMapper.selectBatchIds   : ==>  Preparing: SELECT id,name,price,stock,image,category,brand,spec,sold,comment_count,isAD,status,create_time,update_time,creater,updater FROM item WHERE id IN ( ? )
14:53:50:934 DEBUG 7256 --- [http-nio-8081-exec-10] c.h.i.mapper.ItemMapper.selectBatchIds   : ==> Parameters: 317578(Long)
14:53:50:960 DEBUG 7256 --- [http-nio-8081-exec-10] c.h.i.mapper.ItemMapper.selectBatchIds   : <==      Total: 1
14:53:51:570 DEBUG 7256 --- [http-nio-8081-exec-1] c.h.i.mapper.ItemMapper.selectBatchIds   : ==>  Preparing: SELECT id,name,price,stock,image,category,brand,spec,sold,comment_count,isAD,status,create_time,update_time,creater,updater FROM item WHERE id IN ( ? )
14:53:51:571 DEBUG 7256 --- [http-nio-8081-exec-1] c.h.i.mapper.ItemMapper.selectBatchIds   : ==> Parameters: 317578(Long)
14:53:51:597 DEBUG 7256 --- [http-nio-8081-exec-1] c.h.i.mapper.ItemMapper.selectBatchIds   : <==      Total: 1
14:53:54:901 DEBUG 7256 --- [http-nio-8081-exec-2] c.h.i.mapper.ItemMapper.selectBatchIds   : ==>  Preparing: SELECT id,name,price,stock,image,category,brand,spec,sold,comment_count,isAD,status,create_time,update_time,creater,updater FROM item WHERE id IN ( ? )
14:53:54:901 DEBUG 7256 --- [http-nio-8081-exec-2] c.h.i.mapper.ItemMapper.selectBatchIds   : ==> Parameters: 317578(Long)
14:53:54:929 DEBUG 7256 --- [http-nio-8081-exec-2] c.h.i.mapper.ItemMapper.selectBatchIds   : <==      Total: 1
14:53:55:115  WARN 7256 --- [http-nio-8081-exec-3] c.h.item.service.Impl.ItemServiceImpl    : SqlSession [org.apache.ibatis.session.defaults.DefaultSqlSession@14d6050b] Transaction not enabled
14:53:55:115 DEBUG 7256 --- [http-nio-8081-exec-3] c.h.item.mapper.ItemMapper.updateStock   : ==>  Preparing: UPDATE item SET stock = stock - ? WHERE id = ? AND stock >= ?
14:53:55:116 DEBUG 7256 --- [http-nio-8081-exec-3] c.h.item.mapper.ItemMapper.updateStock   : ==> Parameters: 2(Integer), 317578(Long), 2(Integer)
14:55:37:805 DEBUG 7256 --- [http-nio-8081-exec-8] c.h.i.mapper.ItemMapper.selectBatchIds   : ==>  Preparing: SELECT id,name,price,stock,image,category,brand,spec,sold,comment_count,isAD,status,create_time,update_time,creater,updater FROM item WHERE id IN ( ? )
14:55:37:806 DEBUG 7256 --- [http-nio-8081-exec-8] c.h.i.mapper.ItemMapper.selectBatchIds   : ==> Parameters: 317578(Long)
14:55:37:831 DEBUG 7256 --- [http-nio-8081-exec-8] c.h.i.mapper.ItemMapper.selectBatchIds   : <==      Total: 1
14:55:49:868 DEBUG 7256 --- [http-nio-8081-exec-7] c.h.i.mapper.ItemMapper.selectBatchIds   : ==>  Preparing: SELECT id,name,price,stock,image,category,brand,spec,sold,comment_count,isAD,status,create_time,update_time,creater,updater FROM item WHERE id IN ( ? )
14:55:49:868 DEBUG 7256 --- [http-nio-8081-exec-7] c.h.i.mapper.ItemMapper.selectBatchIds   : ==> Parameters: 317578(Long)
14:55:49:897 DEBUG 7256 --- [http-nio-8081-exec-7] c.h.i.mapper.ItemMapper.selectBatchIds   : <==      Total: 1
14:56:06:457 DEBUG 7256 --- [http-nio-8081-exec-9] c.h.i.mapper.ItemMapper.selectBatchIds   : ==>  Preparing: SELECT id,name,price,stock,image,category,brand,spec,sold,comment_count,isAD,status,create_time,update_time,creater,updater FROM item WHERE id IN ( ? )
14:56:06:457 DEBUG 7256 --- [http-nio-8081-exec-9] c.h.i.mapper.ItemMapper.selectBatchIds   : ==> Parameters: 317578(Long)
14:56:06:484 DEBUG 7256 --- [http-nio-8081-exec-9] c.h.i.mapper.ItemMapper.selectBatchIds   : <==      Total: 1
14:56:06:668  WARN 7256 --- [http-nio-8081-exec-10] c.h.item.service.Impl.ItemServiceImpl    : SqlSession [org.apache.ibatis.session.defaults.DefaultSqlSession@5d81f721] Transaction not enabled
14:56:06:668 DEBUG 7256 --- [http-nio-8081-exec-10] c.h.item.mapper.ItemMapper.updateStock   : ==>  Preparing: UPDATE item SET stock = stock - ? WHERE id = ? AND stock >= ?
14:56:06:668 DEBUG 7256 --- [http-nio-8081-exec-10] c.h.item.mapper.ItemMapper.updateStock   : ==> Parameters: 2(Integer), 317578(Long), 2(Integer)
15:01:56:876  WARN 7256 --- [http-nio-8081-exec-3] com.zaxxer.hikari.pool.PoolBase          : HikariPool-1 - Failed to validate connection com.mysql.cj.jdbc.ConnectionImpl@21eb0992 (No operations allowed after connection closed.). Possibly consider using a shorter maxLifetime value.
15:02:06:896  WARN 7256 --- [http-nio-8081-exec-3] com.zaxxer.hikari.pool.PoolBase          : HikariPool-1 - Failed to validate connection com.mysql.cj.jdbc.ConnectionImpl@eeaae03 (No operations allowed after connection closed.). Possibly consider using a shorter maxLifetime value.
15:02:16:904  WARN 7256 --- [http-nio-8081-exec-3] com.zaxxer.hikari.pool.PoolBase          : HikariPool-1 - Failed to validate connection com.mysql.cj.jdbc.ConnectionImpl@24ffade0 (No operations allowed after connection closed.). Possibly consider using a shorter maxLifetime value.
15:02:16:924 ERROR 7256 --- [http-nio-8081-exec-3] o.a.c.c.C.[.[.[/].[dispatcherServlet]    : Servlet.service() for servlet [dispatcherServlet] in context with path [] threw exception [Request processing failed; nested exception is org.mybatis.spring.MyBatisSystemException: nested exception is org.apache.ibatis.exceptions.PersistenceException: 
### Error querying database.  Cause: org.springframework.jdbc.CannotGetJdbcConnectionException: Failed to obtain JDBC Connection; nested exception is java.sql.SQLTransientConnectionException: HikariPool-1 - Connection is not available, request timed out after 30052ms.
### The error may exist in com/hmall/item/mapper/ItemMapper.java (best guess)
### The error may involve com.hmall.item.mapper.ItemMapper.selectBatchIds
### The error occurred while executing a query
### Cause: org.springframework.jdbc.CannotGetJdbcConnectionException: Failed to obtain JDBC Connection; nested exception is java.sql.SQLTransientConnectionException: HikariPool-1 - Connection is not available, request timed out after 30052ms.] with root cause

com.mysql.cj.exceptions.ConnectionIsClosedException: No operations allowed after connection closed.
	at java.base/jdk.internal.reflect.NativeConstructorAccessorImpl.newInstance0(Native Method) ~[na:na]
	at java.base/jdk.internal.reflect.NativeConstructorAccessorImpl.newInstance(NativeConstructorAccessorImpl.java:62) ~[na:na]
	at java.base/jdk.internal.reflect.DelegatingConstructorAccessorImpl.newInstance(DelegatingConstructorAccessorImpl.java:45) ~[na:na]
	at java.base/java.lang.reflect.Constructor.newInstance(Constructor.java:490) ~[na:na]
	at com.mysql.cj.exceptions.ExceptionFactory.createException(ExceptionFactory.java:61) ~[mysql-connector-java-8.0.23.jar:8.0.23]
	at com.mysql.cj.exceptions.ExceptionFactory.createException(ExceptionFactory.java:105) ~[mysql-connector-java-8.0.23.jar:8.0.23]
	at com.mysql.cj.exceptions.ExceptionFactory.createException(ExceptionFactory.java:151) ~[mysql-connector-java-8.0.23.jar:8.0.23]
	at com.mysql.cj.NativeSession.checkClosed(NativeSession.java:1171) ~[mysql-connector-java-8.0.23.jar:8.0.23]
	at com.mysql.cj.jdbc.ConnectionImpl.checkClosed(ConnectionImpl.java:573) ~[mysql-connector-java-8.0.23.jar:8.0.23]
	at com.mysql.cj.jdbc.ConnectionImpl.setNetworkTimeout(ConnectionImpl.java:2491) ~[mysql-connector-java-8.0.23.jar:8.0.23]
	at com.zaxxer.hikari.pool.PoolBase.setNetworkTimeout(PoolBase.java:566) ~[HikariCP-4.0.3.jar:na]
	at com.zaxxer.hikari.pool.PoolBase.isConnectionAlive(PoolBase.java:173) ~[HikariCP-4.0.3.jar:na]
	at com.zaxxer.hikari.pool.HikariPool.getConnection(HikariPool.java:186) ~[HikariCP-4.0.3.jar:na]
	at com.zaxxer.hikari.pool.HikariPool.getConnection(HikariPool.java:162) ~[HikariCP-4.0.3.jar:na]
	at com.zaxxer.hikari.HikariDataSource.getConnection(HikariDataSource.java:128) ~[HikariCP-4.0.3.jar:na]
	at org.springframework.jdbc.datasource.DataSourceUtils.fetchConnection(DataSourceUtils.java:159) ~[spring-jdbc-5.3.27.jar:5.3.27]
	at org.springframework.jdbc.datasource.DataSourceUtils.doGetConnection(DataSourceUtils.java:117) ~[spring-jdbc-5.3.27.jar:5.3.27]
	at org.springframework.jdbc.datasource.DataSourceUtils.getConnection(DataSourceUtils.java:80) ~[spring-jdbc-5.3.27.jar:5.3.27]
	at org.mybatis.spring.transaction.SpringManagedTransaction.openConnection(SpringManagedTransaction.java:80) ~[mybatis-spring-2.0.6.jar:2.0.6]
	at org.mybatis.spring.transaction.SpringManagedTransaction.getConnection(SpringManagedTransaction.java:67) ~[mybatis-spring-2.0.6.jar:2.0.6]
	at org.apache.ibatis.executor.BaseExecutor.getConnection(BaseExecutor.java:337) ~[mybatis-3.5.7.jar:3.5.7]
	at org.apache.ibatis.executor.SimpleExecutor.prepareStatement(SimpleExecutor.java:86) ~[mybatis-3.5.7.jar:3.5.7]
	at org.apache.ibatis.executor.SimpleExecutor.doQuery(SimpleExecutor.java:62) ~[mybatis-3.5.7.jar:3.5.7]
	at org.apache.ibatis.executor.BaseExecutor.queryFromDatabase(BaseExecutor.java:325) ~[mybatis-3.5.7.jar:3.5.7]
	at org.apache.ibatis.executor.BaseExecutor.query(BaseExecutor.java:156) ~[mybatis-3.5.7.jar:3.5.7]
	at org.apache.ibatis.executor.CachingExecutor.query(CachingExecutor.java:109) ~[mybatis-3.5.7.jar:3.5.7]
	at com.baomidou.mybatisplus.extension.plugins.MybatisPlusInterceptor.intercept(MybatisPlusInterceptor.java:81) ~[mybatis-plus-extension-3.4.3.jar:3.4.3]
	at org.apache.ibatis.plugin.Plugin.invoke(Plugin.java:62) ~[mybatis-3.5.7.jar:3.5.7]
	at com.sun.proxy.$Proxy130.query(Unknown Source) ~[na:na]
	at org.apache.ibatis.session.defaults.DefaultSqlSession.selectList(DefaultSqlSession.java:151) ~[mybatis-3.5.7.jar:3.5.7]
	at org.apache.ibatis.session.defaults.DefaultSqlSession.selectList(DefaultSqlSession.java:145) ~[mybatis-3.5.7.jar:3.5.7]
	at org.apache.ibatis.session.defaults.DefaultSqlSession.selectList(DefaultSqlSession.java:140) ~[mybatis-3.5.7.jar:3.5.7]
	at java.base/jdk.internal.reflect.NativeMethodAccessorImpl.invoke0(Native Method) ~[na:na]
	at java.base/jdk.internal.reflect.NativeMethodAccessorImpl.invoke(NativeMethodAccessorImpl.java:62) ~[na:na]
	at java.base/jdk.internal.reflect.DelegatingMethodAccessorImpl.invoke(DelegatingMethodAccessorImpl.java:43) ~[na:na]
	at java.base/java.lang.reflect.Method.invoke(Method.java:566) ~[na:na]
	at org.mybatis.spring.SqlSessionTemplate$SqlSessionInterceptor.invoke(SqlSessionTemplate.java:427) ~[mybatis-spring-2.0.6.jar:2.0.6]
	at com.sun.proxy.$Proxy91.selectList(Unknown Source) ~[na:na]
	at org.mybatis.spring.SqlSessionTemplate.selectList(SqlSessionTemplate.java:224) ~[mybatis-spring-2.0.6.jar:2.0.6]
	at com.baomidou.mybatisplus.core.override.MybatisMapperMethod.executeForMany(MybatisMapperMethod.java:166) ~[mybatis-plus-core-3.4.3.jar:3.4.3]
	at com.baomidou.mybatisplus.core.override.MybatisMapperMethod.execute(MybatisMapperMethod.java:77) ~[mybatis-plus-core-3.4.3.jar:3.4.3]
	at com.baomidou.mybatisplus.core.override.MybatisMapperProxy$PlainMethodInvoker.invoke(MybatisMapperProxy.java:148) ~[mybatis-plus-core-3.4.3.jar:3.4.3]
	at com.baomidou.mybatisplus.core.override.MybatisMapperProxy.invoke(MybatisMapperProxy.java:89) ~[mybatis-plus-core-3.4.3.jar:3.4.3]
	at com.sun.proxy.$Proxy96.selectBatchIds(Unknown Source) ~[na:na]
	at com.baomidou.mybatisplus.extension.service.IService.listByIds(IService.java:210) ~[mybatis-plus-extension-3.4.3.jar:3.4.3]
	at com.hmall.item.service.Impl.ItemServiceImpl.queryItemByIds(ItemServiceImpl.java:42) ~[classes/:na]
	at com.hmall.item.service.Impl.ItemServiceImpl$$FastClassBySpringCGLIB$$a0899c9.invoke(<generated>) ~[classes/:na]
	at org.springframework.cglib.proxy.MethodProxy.invoke(MethodProxy.java:218) ~[spring-core-5.3.27.jar:5.3.27]
	at org.springframework.aop.framework.CglibAopProxy.invokeMethod(CglibAopProxy.java:386) ~[spring-aop-5.3.27.jar:5.3.27]
	at org.springframework.aop.framework.CglibAopProxy.access$000(CglibAopProxy.java:85) ~[spring-aop-5.3.27.jar:5.3.27]
	at org.springframework.aop.framework.CglibAopProxy$DynamicAdvisedInterceptor.intercept(CglibAopProxy.java:704) ~[spring-aop-5.3.27.jar:5.3.27]
	at com.hmall.item.service.Impl.ItemServiceImpl$$EnhancerBySpringCGLIB$$9ed1ab98.queryItemByIds(<generated>) ~[classes/:na]
	at com.hmall.item.controller.ItemController.queryItemByIds(ItemController.java:39) ~[classes/:na]
	at java.base/jdk.internal.reflect.NativeMethodAccessorImpl.invoke0(Native Method) ~[na:na]
	at java.base/jdk.internal.reflect.NativeMethodAccessorImpl.invoke(NativeMethodAccessorImpl.java:62) ~[na:na]
	at java.base/jdk.internal.reflect.DelegatingMethodAccessorImpl.invoke(DelegatingMethodAccessorImpl.java:43) ~[na:na]
	at java.base/java.lang.reflect.Method.invoke(Method.java:566) ~[na:na]
	at org.springframework.web.method.support.InvocableHandlerMethod.doInvoke(InvocableHandlerMethod.java:205) ~[spring-web-5.3.27.jar:5.3.27]
	at org.springframework.web.method.support.InvocableHandlerMethod.invokeForRequest(InvocableHandlerMethod.java:150) ~[spring-web-5.3.27.jar:5.3.27]
	at org.springframework.web.servlet.mvc.method.annotation.ServletInvocableHandlerMethod.invokeAndHandle(ServletInvocableHandlerMethod.java:117) ~[spring-webmvc-5.3.27.jar:5.3.27]
	at org.springframework.web.servlet.mvc.method.annotation.RequestMappingHandlerAdapter.invokeHandlerMethod(RequestMappingHandlerAdapter.java:895) ~[spring-webmvc-5.3.27.jar:5.3.27]
	at org.springframework.web.servlet.mvc.method.annotation.RequestMappingHandlerAdapter.handleInternal(RequestMappingHandlerAdapter.java:808) ~[spring-webmvc-5.3.27.jar:5.3.27]
	at org.springframework.web.servlet.mvc.method.AbstractHandlerMethodAdapter.handle(AbstractHandlerMethodAdapter.java:87) ~[spring-webmvc-5.3.27.jar:5.3.27]
	at org.springframework.web.servlet.DispatcherServlet.doDispatch(DispatcherServlet.java:1072) ~[spring-webmvc-5.3.27.jar:5.3.27]
	at org.springframework.web.servlet.DispatcherServlet.doService(DispatcherServlet.java:965) ~[spring-webmvc-5.3.27.jar:5.3.27]
	at org.springframework.web.servlet.FrameworkServlet.processRequest(FrameworkServlet.java:1006) ~[spring-webmvc-5.3.27.jar:5.3.27]
	at org.springframework.web.servlet.FrameworkServlet.doGet(FrameworkServlet.java:898) ~[spring-webmvc-5.3.27.jar:5.3.27]
	at javax.servlet.http.HttpServlet.service(HttpServlet.java:529) ~[tomcat-embed-core-9.0.75.jar:4.0.FR]
	at org.springframework.web.servlet.FrameworkServlet.service(FrameworkServlet.java:883) ~[spring-webmvc-5.3.27.jar:5.3.27]
	at javax.servlet.http.HttpServlet.service(HttpServlet.java:623) ~[tomcat-embed-core-9.0.75.jar:4.0.FR]
	at org.apache.catalina.core.ApplicationFilterChain.internalDoFilter(ApplicationFilterChain.java:209) ~[tomcat-embed-core-9.0.75.jar:9.0.75]
	at org.apache.catalina.core.ApplicationFilterChain.doFilter(ApplicationFilterChain.java:153) ~[tomcat-embed-core-9.0.75.jar:9.0.75]
	at org.apache.tomcat.websocket.server.WsFilter.doFilter(WsFilter.java:51) ~[tomcat-embed-websocket-9.0.75.jar:9.0.75]
	at org.apache.catalina.core.ApplicationFilterChain.internalDoFilter(ApplicationFilterChain.java:178) ~[tomcat-embed-core-9.0.75.jar:9.0.75]
	at org.apache.catalina.core.ApplicationFilterChain.doFilter(ApplicationFilterChain.java:153) ~[tomcat-embed-core-9.0.75.jar:9.0.75]
	at org.springframework.web.filter.RequestContextFilter.doFilterInternal(RequestContextFilter.java:100) ~[spring-web-5.3.27.jar:5.3.27]
	at org.springframework.web.filter.OncePerRequestFilter.doFilter(OncePerRequestFilter.java:117) ~[spring-web-5.3.27.jar:5.3.27]
	at org.apache.catalina.core.ApplicationFilterChain.internalDoFilter(ApplicationFilterChain.java:178) ~[tomcat-embed-core-9.0.75.jar:9.0.75]
	at org.apache.catalina.core.ApplicationFilterChain.doFilter(ApplicationFilterChain.java:153) ~[tomcat-embed-core-9.0.75.jar:9.0.75]
	at org.springframework.web.filter.FormContentFilter.doFilterInternal(FormContentFilter.java:93) ~[spring-web-5.3.27.jar:5.3.27]
	at org.springframework.web.filter.OncePerRequestFilter.doFilter(OncePerRequestFilter.java:117) ~[spring-web-5.3.27.jar:5.3.27]
	at org.apache.catalina.core.ApplicationFilterChain.internalDoFilter(ApplicationFilterChain.java:178) ~[tomcat-embed-core-9.0.75.jar:9.0.75]
	at org.apache.catalina.core.ApplicationFilterChain.doFilter(ApplicationFilterChain.java:153) ~[tomcat-embed-core-9.0.75.jar:9.0.75]
	at org.springframework.web.filter.CharacterEncodingFilter.doFilterInternal(CharacterEncodingFilter.java:201) ~[spring-web-5.3.27.jar:5.3.27]
	at org.springframework.web.filter.OncePerRequestFilter.doFilter(OncePerRequestFilter.java:117) ~[spring-web-5.3.27.jar:5.3.27]
	at org.apache.catalina.core.ApplicationFilterChain.internalDoFilter(ApplicationFilterChain.java:178) ~[tomcat-embed-core-9.0.75.jar:9.0.75]
	at org.apache.catalina.core.ApplicationFilterChain.doFilter(ApplicationFilterChain.java:153) ~[tomcat-embed-core-9.0.75.jar:9.0.75]
	at org.apache.catalina.core.StandardWrapperValve.invoke(StandardWrapperValve.java:167) ~[tomcat-embed-core-9.0.75.jar:9.0.75]
	at org.apache.catalina.core.StandardContextValve.invoke(StandardContextValve.java:90) ~[tomcat-embed-core-9.0.75.jar:9.0.75]
	at org.apache.catalina.authenticator.AuthenticatorBase.invoke(AuthenticatorBase.java:481) ~[tomcat-embed-core-9.0.75.jar:9.0.75]
	at org.apache.catalina.core.StandardHostValve.invoke(StandardHostValve.java:130) ~[tomcat-embed-core-9.0.75.jar:9.0.75]
	at org.apache.catalina.valves.ErrorReportValve.invoke(ErrorReportValve.java:93) ~[tomcat-embed-core-9.0.75.jar:9.0.75]
	at org.apache.catalina.core.StandardEngineValve.invoke(StandardEngineValve.java:74) ~[tomcat-embed-core-9.0.75.jar:9.0.75]
	at org.apache.catalina.connector.CoyoteAdapter.service(CoyoteAdapter.java:343) ~[tomcat-embed-core-9.0.75.jar:9.0.75]
	at org.apache.coyote.http11.Http11Processor.service(Http11Processor.java:390) ~[tomcat-embed-core-9.0.75.jar:9.0.75]
	at org.apache.coyote.AbstractProcessorLight.process(AbstractProcessorLight.java:63) ~[tomcat-embed-core-9.0.75.jar:9.0.75]
	at org.apache.coyote.AbstractProtocol$ConnectionHandler.process(AbstractProtocol.java:926) ~[tomcat-embed-core-9.0.75.jar:9.0.75]
	at org.apache.tomcat.util.net.NioEndpoint$SocketProcessor.doRun(NioEndpoint.java:1791) ~[tomcat-embed-core-9.0.75.jar:9.0.75]
	at org.apache.tomcat.util.net.SocketProcessorBase.run(SocketProcessorBase.java:52) ~[tomcat-embed-core-9.0.75.jar:9.0.75]
	at org.apache.tomcat.util.threads.ThreadPoolExecutor.runWorker(ThreadPoolExecutor.java:1191) ~[tomcat-embed-core-9.0.75.jar:9.0.75]
	at org.apache.tomcat.util.threads.ThreadPoolExecutor$Worker.run(ThreadPoolExecutor.java:659) ~[tomcat-embed-core-9.0.75.jar:9.0.75]
	at org.apache.tomcat.util.threads.TaskThread$WrappingRunnable.run(TaskThread.java:61) ~[tomcat-embed-core-9.0.75.jar:9.0.75]
	at java.base/java.lang.Thread.run(Thread.java:829) ~[na:na]

15:02:16:947 ERROR 7256 --- [http-nio-8081-exec-3] o.a.c.c.C.[Tomcat].[localhost]           : Exception Processing ErrorPage[errorCode=0, location=/error]

org.apache.catalina.connector.ClientAbortException: java.io.IOException: 远程主机强迫关闭了一个现有的连接。
	at org.apache.catalina.connector.OutputBuffer.doFlush(OutputBuffer.java:309) ~[tomcat-embed-core-9.0.75.jar:9.0.75]
	at org.apache.catalina.connector.OutputBuffer.flush(OutputBuffer.java:271) ~[tomcat-embed-core-9.0.75.jar:9.0.75]
	at org.apache.catalina.connector.CoyoteOutputStream.flush(CoyoteOutputStream.java:118) ~[tomcat-embed-core-9.0.75.jar:9.0.75]
	at java.base/java.io.FilterOutputStream.flush(FilterOutputStream.java:153) ~[na:na]
	at com.fasterxml.jackson.core.json.UTF8JsonGenerator.flush(UTF8JsonGenerator.java:1187) ~[jackson-core-2.13.5.jar:2.13.5]
	at com.fasterxml.jackson.databind.ObjectWriter.writeValue(ObjectWriter.java:1009) ~[jackson-databind-2.13.5.jar:2.13.5]
	at org.springframework.http.converter.json.AbstractJackson2HttpMessageConverter.writeInternal(AbstractJackson2HttpMessageConverter.java:456) ~[spring-web-5.3.27.jar:5.3.27]
	at org.springframework.http.converter.AbstractGenericHttpMessageConverter.write(AbstractGenericHttpMessageConverter.java:104) ~[spring-web-5.3.27.jar:5.3.27]
	at org.springframework.web.servlet.mvc.method.annotation.AbstractMessageConverterMethodProcessor.writeWithMessageConverters(AbstractMessageConverterMethodProcessor.java:290) ~[spring-webmvc-5.3.27.jar:5.3.27]
	at org.springframework.web.servlet.mvc.method.annotation.HttpEntityMethodProcessor.handleReturnValue(HttpEntityMethodProcessor.java:219) ~[spring-webmvc-5.3.27.jar:5.3.27]
	at org.springframework.web.method.support.HandlerMethodReturnValueHandlerComposite.handleReturnValue(HandlerMethodReturnValueHandlerComposite.java:78) ~[spring-web-5.3.27.jar:5.3.27]
	at org.springframework.web.servlet.mvc.method.annotation.ServletInvocableHandlerMethod.invokeAndHandle(ServletInvocableHandlerMethod.java:135) ~[spring-webmvc-5.3.27.jar:5.3.27]
	at org.springframework.web.servlet.mvc.method.annotation.RequestMappingHandlerAdapter.invokeHandlerMethod(RequestMappingHandlerAdapter.java:895) ~[spring-webmvc-5.3.27.jar:5.3.27]
	at org.springframework.web.servlet.mvc.method.annotation.RequestMappingHandlerAdapter.handleInternal(RequestMappingHandlerAdapter.java:808) ~[spring-webmvc-5.3.27.jar:5.3.27]
	at org.springframework.web.servlet.mvc.method.AbstractHandlerMethodAdapter.handle(AbstractHandlerMethodAdapter.java:87) ~[spring-webmvc-5.3.27.jar:5.3.27]
	at org.springframework.web.servlet.DispatcherServlet.doDispatch(DispatcherServlet.java:1072) ~[spring-webmvc-5.3.27.jar:5.3.27]
	at org.springframework.web.servlet.DispatcherServlet.doService(DispatcherServlet.java:965) ~[spring-webmvc-5.3.27.jar:5.3.27]
	at org.springframework.web.servlet.FrameworkServlet.processRequest(FrameworkServlet.java:1006) ~[spring-webmvc-5.3.27.jar:5.3.27]
	at org.springframework.web.servlet.FrameworkServlet.doGet(FrameworkServlet.java:898) ~[spring-webmvc-5.3.27.jar:5.3.27]
	at javax.servlet.http.HttpServlet.service(HttpServlet.java:529) ~[tomcat-embed-core-9.0.75.jar:4.0.FR]
	at org.springframework.web.servlet.FrameworkServlet.service(FrameworkServlet.java:883) ~[spring-webmvc-5.3.27.jar:5.3.27]
	at javax.servlet.http.HttpServlet.service(HttpServlet.java:623) ~[tomcat-embed-core-9.0.75.jar:4.0.FR]
	at org.apache.catalina.core.ApplicationFilterChain.internalDoFilter(ApplicationFilterChain.java:209) ~[tomcat-embed-core-9.0.75.jar:9.0.75]
	at org.apache.catalina.core.ApplicationFilterChain.doFilter(ApplicationFilterChain.java:153) ~[tomcat-embed-core-9.0.75.jar:9.0.75]
	at org.springframework.web.filter.RequestContextFilter.doFilterInternal(RequestContextFilter.java:100) ~[spring-web-5.3.27.jar:5.3.27]
	at org.springframework.web.filter.OncePerRequestFilter.doFilter(OncePerRequestFilter.java:117) ~[spring-web-5.3.27.jar:5.3.27]
	at org.apache.catalina.core.ApplicationFilterChain.internalDoFilter(ApplicationFilterChain.java:178) ~[tomcat-embed-core-9.0.75.jar:9.0.75]
	at org.apache.catalina.core.ApplicationFilterChain.doFilter(ApplicationFilterChain.java:153) ~[tomcat-embed-core-9.0.75.jar:9.0.75]
	at org.springframework.web.filter.OncePerRequestFilter.doFilter(OncePerRequestFilter.java:102) ~[spring-web-5.3.27.jar:5.3.27]
	at org.apache.catalina.core.ApplicationFilterChain.internalDoFilter(ApplicationFilterChain.java:178) ~[tomcat-embed-core-9.0.75.jar:9.0.75]
	at org.apache.catalina.core.ApplicationFilterChain.doFilter(ApplicationFilterChain.java:153) ~[tomcat-embed-core-9.0.75.jar:9.0.75]
	at org.springframework.web.filter.OncePerRequestFilter.doFilter(OncePerRequestFilter.java:102) ~[spring-web-5.3.27.jar:5.3.27]
	at org.apache.catalina.core.ApplicationFilterChain.internalDoFilter(ApplicationFilterChain.java:178) ~[tomcat-embed-core-9.0.75.jar:9.0.75]
	at org.apache.catalina.core.ApplicationFilterChain.doFilter(ApplicationFilterChain.java:153) ~[tomcat-embed-core-9.0.75.jar:9.0.75]
	at org.apache.catalina.core.ApplicationDispatcher.invoke(ApplicationDispatcher.java:661) ~[tomcat-embed-core-9.0.75.jar:9.0.75]
	at org.apache.catalina.core.ApplicationDispatcher.processRequest(ApplicationDispatcher.java:427) ~[tomcat-embed-core-9.0.75.jar:9.0.75]
	at org.apache.catalina.core.ApplicationDispatcher.doForward(ApplicationDispatcher.java:357) ~[tomcat-embed-core-9.0.75.jar:9.0.75]
	at org.apache.catalina.core.ApplicationDispatcher.forward(ApplicationDispatcher.java:294) ~[tomcat-embed-core-9.0.75.jar:9.0.75]
	at org.apache.catalina.core.StandardHostValve.custom(StandardHostValve.java:373) ~[tomcat-embed-core-9.0.75.jar:9.0.75]
	at org.apache.catalina.core.StandardHostValve.status(StandardHostValve.java:237) ~[tomcat-embed-core-9.0.75.jar:9.0.75]
	at org.apache.catalina.core.StandardHostValve.throwable(StandardHostValve.java:319) ~[tomcat-embed-core-9.0.75.jar:9.0.75]
	at org.apache.catalina.core.StandardHostValve.invoke(StandardHostValve.java:164) ~[tomcat-embed-core-9.0.75.jar:9.0.75]
	at org.apache.catalina.valves.ErrorReportValve.invoke(ErrorReportValve.java:93) ~[tomcat-embed-core-9.0.75.jar:9.0.75]
	at org.apache.catalina.core.StandardEngineValve.invoke(StandardEngineValve.java:74) ~[tomcat-embed-core-9.0.75.jar:9.0.75]
	at org.apache.catalina.connector.CoyoteAdapter.service(CoyoteAdapter.java:343) ~[tomcat-embed-core-9.0.75.jar:9.0.75]
	at org.apache.coyote.http11.Http11Processor.service(Http11Processor.java:390) ~[tomcat-embed-core-9.0.75.jar:9.0.75]
	at org.apache.coyote.AbstractProcessorLight.process(AbstractProcessorLight.java:63) ~[tomcat-embed-core-9.0.75.jar:9.0.75]
	at org.apache.coyote.AbstractProtocol$ConnectionHandler.process(AbstractProtocol.java:926) ~[tomcat-embed-core-9.0.75.jar:9.0.75]
	at org.apache.tomcat.util.net.NioEndpoint$SocketProcessor.doRun(NioEndpoint.java:1791) ~[tomcat-embed-core-9.0.75.jar:9.0.75]
	at org.apache.tomcat.util.net.SocketProcessorBase.run(SocketProcessorBase.java:52) ~[tomcat-embed-core-9.0.75.jar:9.0.75]
	at org.apache.tomcat.util.threads.ThreadPoolExecutor.runWorker(ThreadPoolExecutor.java:1191) ~[tomcat-embed-core-9.0.75.jar:9.0.75]
	at org.apache.tomcat.util.threads.ThreadPoolExecutor$Worker.run(ThreadPoolExecutor.java:659) ~[tomcat-embed-core-9.0.75.jar:9.0.75]
	at org.apache.tomcat.util.threads.TaskThread$WrappingRunnable.run(TaskThread.java:61) ~[tomcat-embed-core-9.0.75.jar:9.0.75]
	at java.base/java.lang.Thread.run(Thread.java:829) ~[na:na]
Caused by: java.io.IOException: 远程主机强迫关闭了一个现有的连接。
	at java.base/sun.nio.ch.SocketDispatcher.write0(Native Method) ~[na:na]
	at java.base/sun.nio.ch.SocketDispatcher.write(SocketDispatcher.java:51) ~[na:na]
	at java.base/sun.nio.ch.IOUtil.writeFromNativeBuffer(IOUtil.java:113) ~[na:na]
	at java.base/sun.nio.ch.IOUtil.write(IOUtil.java:79) ~[na:na]
	at java.base/sun.nio.ch.IOUtil.write(IOUtil.java:50) ~[na:na]
	at java.base/sun.nio.ch.SocketChannelImpl.write(SocketChannelImpl.java:462) ~[na:na]
	at org.apache.tomcat.util.net.NioChannel.write(NioChannel.java:136) ~[tomcat-embed-core-9.0.75.jar:9.0.75]
	at org.apache.tomcat.util.net.NioEndpoint$NioSocketWrapper.doWrite(NioEndpoint.java:1431) ~[tomcat-embed-core-9.0.75.jar:9.0.75]
	at org.apache.tomcat.util.net.SocketWrapperBase.doWrite(SocketWrapperBase.java:775) ~[tomcat-embed-core-9.0.75.jar:9.0.75]
	at org.apache.tomcat.util.net.SocketWrapperBase.flushBlocking(SocketWrapperBase.java:739) ~[tomcat-embed-core-9.0.75.jar:9.0.75]
	at org.apache.tomcat.util.net.SocketWrapperBase.flush(SocketWrapperBase.java:723) ~[tomcat-embed-core-9.0.75.jar:9.0.75]
	at org.apache.coyote.http11.Http11OutputBuffer$SocketOutputBuffer.flush(Http11OutputBuffer.java:566) ~[tomcat-embed-core-9.0.75.jar:9.0.75]
	at org.apache.coyote.http11.filters.ChunkedOutputFilter.flush(ChunkedOutputFilter.java:157) ~[tomcat-embed-core-9.0.75.jar:9.0.75]
	at org.apache.coyote.http11.Http11OutputBuffer.flush(Http11OutputBuffer.java:220) ~[tomcat-embed-core-9.0.75.jar:9.0.75]
	at org.apache.coyote.http11.Http11Processor.flush(Http11Processor.java:1246) ~[tomcat-embed-core-9.0.75.jar:9.0.75]
	at org.apache.coyote.AbstractProcessor.action(AbstractProcessor.java:398) ~[tomcat-embed-core-9.0.75.jar:9.0.75]
	at org.apache.coyote.Response.action(Response.java:207) ~[tomcat-embed-core-9.0.75.jar:9.0.75]
	at org.apache.catalina.connector.OutputBuffer.doFlush(OutputBuffer.java:305) ~[tomcat-embed-core-9.0.75.jar:9.0.75]
	... 53 common frames omitted

15:03:09:037  WARN 7256 --- [http-nio-8081-exec-4] com.zaxxer.hikari.pool.PoolBase          : HikariPool-1 - Failed to validate connection com.mysql.cj.jdbc.ConnectionImpl@4fb9dbb (No operations allowed after connection closed.). Possibly consider using a shorter maxLifetime value.
15:03:15:005  WARN 7256 --- [http-nio-8081-exec-5] com.zaxxer.hikari.pool.PoolBase          : HikariPool-1 - Failed to validate connection com.mysql.cj.jdbc.ConnectionImpl@606dad50 (No operations allowed after connection closed.). Possibly consider using a shorter maxLifetime value.
15:03:19:056  WARN 7256 --- [http-nio-8081-exec-4] com.zaxxer.hikari.pool.PoolBase          : HikariPool-1 - Failed to validate connection com.mysql.cj.jdbc.ConnectionImpl@35359dd4 (No operations allowed after connection closed.). Possibly consider using a shorter maxLifetime value.
15:03:19:551  WARN 7256 --- [http-nio-8081-exec-6] com.zaxxer.hikari.pool.PoolBase          : HikariPool-1 - Failed to validate connection com.mysql.cj.jdbc.ConnectionImpl@23e6c0d1 (No operations allowed after connection closed.). Possibly consider using a shorter maxLifetime value.
15:03:25:017  WARN 7256 --- [http-nio-8081-exec-5] com.zaxxer.hikari.pool.PoolBase          : HikariPool-1 - Failed to validate connection com.mysql.cj.jdbc.ConnectionImpl@51c74f85 (No operations allowed after connection closed.). Possibly consider using a shorter maxLifetime value.
15:03:25:053 DEBUG 7256 --- [http-nio-8081-exec-5] c.h.i.mapper.ItemMapper.selectBatchIds   : ==>  Preparing: SELECT id,name,price,stock,image,category,brand,spec,sold,comment_count,isAD,status,create_time,update_time,creater,updater FROM item WHERE id IN ( ? )
15:03:25:054 DEBUG 7256 --- [http-nio-8081-exec-5] c.h.i.mapper.ItemMapper.selectBatchIds   : ==> Parameters: 317578(Long)
15:03:25:084 DEBUG 7256 --- [http-nio-8081-exec-5] c.h.i.mapper.ItemMapper.selectBatchIds   : <==      Total: 1
15:03:29:078  WARN 7256 --- [http-nio-8081-exec-4] com.zaxxer.hikari.pool.PoolBase          : HikariPool-1 - Failed to validate connection com.mysql.cj.jdbc.ConnectionImpl@3c9a3699 (No operations allowed after connection closed.). Possibly consider using a shorter maxLifetime value.
15:03:29:082 ERROR 7256 --- [http-nio-8081-exec-4] o.a.c.c.C.[.[.[/].[dispatcherServlet]    : Servlet.service() for servlet [dispatcherServlet] in context with path [] threw exception [Request processing failed; nested exception is org.mybatis.spring.MyBatisSystemException: nested exception is org.apache.ibatis.exceptions.PersistenceException: 
### Error querying database.  Cause: org.springframework.jdbc.CannotGetJdbcConnectionException: Failed to obtain JDBC Connection; nested exception is java.sql.SQLTransientConnectionException: HikariPool-1 - Connection is not available, request timed out after 30069ms.
### The error may exist in com/hmall/item/mapper/ItemMapper.java (best guess)
### The error may involve com.hmall.item.mapper.ItemMapper.selectBatchIds
### The error occurred while executing a query
### Cause: org.springframework.jdbc.CannotGetJdbcConnectionException: Failed to obtain JDBC Connection; nested exception is java.sql.SQLTransientConnectionException: HikariPool-1 - Connection is not available, request timed out after 30069ms.] with root cause

com.mysql.cj.exceptions.ConnectionIsClosedException: No operations allowed after connection closed.
	at jdk.internal.reflect.GeneratedConstructorAccessor67.newInstance(Unknown Source) ~[na:na]
	at java.base/jdk.internal.reflect.DelegatingConstructorAccessorImpl.newInstance(DelegatingConstructorAccessorImpl.java:45) ~[na:na]
	at java.base/java.lang.reflect.Constructor.newInstance(Constructor.java:490) ~[na:na]
	at com.mysql.cj.exceptions.ExceptionFactory.createException(ExceptionFactory.java:61) ~[mysql-connector-java-8.0.23.jar:8.0.23]
	at com.mysql.cj.exceptions.ExceptionFactory.createException(ExceptionFactory.java:105) ~[mysql-connector-java-8.0.23.jar:8.0.23]
	at com.mysql.cj.exceptions.ExceptionFactory.createException(ExceptionFactory.java:151) ~[mysql-connector-java-8.0.23.jar:8.0.23]
	at com.mysql.cj.NativeSession.checkClosed(NativeSession.java:1171) ~[mysql-connector-java-8.0.23.jar:8.0.23]
	at com.mysql.cj.jdbc.ConnectionImpl.checkClosed(ConnectionImpl.java:573) ~[mysql-connector-java-8.0.23.jar:8.0.23]
	at com.mysql.cj.jdbc.ConnectionImpl.setNetworkTimeout(ConnectionImpl.java:2491) ~[mysql-connector-java-8.0.23.jar:8.0.23]
	at com.zaxxer.hikari.pool.PoolBase.setNetworkTimeout(PoolBase.java:566) ~[HikariCP-4.0.3.jar:na]
	at com.zaxxer.hikari.pool.PoolBase.isConnectionAlive(PoolBase.java:173) ~[HikariCP-4.0.3.jar:na]
	at com.zaxxer.hikari.pool.HikariPool.getConnection(HikariPool.java:186) ~[HikariCP-4.0.3.jar:na]
	at com.zaxxer.hikari.pool.HikariPool.getConnection(HikariPool.java:162) ~[HikariCP-4.0.3.jar:na]
	at com.zaxxer.hikari.HikariDataSource.getConnection(HikariDataSource.java:128) ~[HikariCP-4.0.3.jar:na]
	at org.springframework.jdbc.datasource.DataSourceUtils.fetchConnection(DataSourceUtils.java:159) ~[spring-jdbc-5.3.27.jar:5.3.27]
	at org.springframework.jdbc.datasource.DataSourceUtils.doGetConnection(DataSourceUtils.java:117) ~[spring-jdbc-5.3.27.jar:5.3.27]
	at org.springframework.jdbc.datasource.DataSourceUtils.getConnection(DataSourceUtils.java:80) ~[spring-jdbc-5.3.27.jar:5.3.27]
	at org.mybatis.spring.transaction.SpringManagedTransaction.openConnection(SpringManagedTransaction.java:80) ~[mybatis-spring-2.0.6.jar:2.0.6]
	at org.mybatis.spring.transaction.SpringManagedTransaction.getConnection(SpringManagedTransaction.java:67) ~[mybatis-spring-2.0.6.jar:2.0.6]
	at org.apache.ibatis.executor.BaseExecutor.getConnection(BaseExecutor.java:337) ~[mybatis-3.5.7.jar:3.5.7]
	at org.apache.ibatis.executor.SimpleExecutor.prepareStatement(SimpleExecutor.java:86) ~[mybatis-3.5.7.jar:3.5.7]
	at org.apache.ibatis.executor.SimpleExecutor.doQuery(SimpleExecutor.java:62) ~[mybatis-3.5.7.jar:3.5.7]
	at org.apache.ibatis.executor.BaseExecutor.queryFromDatabase(BaseExecutor.java:325) ~[mybatis-3.5.7.jar:3.5.7]
	at org.apache.ibatis.executor.BaseExecutor.query(BaseExecutor.java:156) ~[mybatis-3.5.7.jar:3.5.7]
	at org.apache.ibatis.executor.CachingExecutor.query(CachingExecutor.java:109) ~[mybatis-3.5.7.jar:3.5.7]
	at com.baomidou.mybatisplus.extension.plugins.MybatisPlusInterceptor.intercept(MybatisPlusInterceptor.java:81) ~[mybatis-plus-extension-3.4.3.jar:3.4.3]
	at org.apache.ibatis.plugin.Plugin.invoke(Plugin.java:62) ~[mybatis-3.5.7.jar:3.5.7]
	at com.sun.proxy.$Proxy130.query(Unknown Source) ~[na:na]
	at org.apache.ibatis.session.defaults.DefaultSqlSession.selectList(DefaultSqlSession.java:151) ~[mybatis-3.5.7.jar:3.5.7]
	at org.apache.ibatis.session.defaults.DefaultSqlSession.selectList(DefaultSqlSession.java:145) ~[mybatis-3.5.7.jar:3.5.7]
	at org.apache.ibatis.session.defaults.DefaultSqlSession.selectList(DefaultSqlSession.java:140) ~[mybatis-3.5.7.jar:3.5.7]
	at java.base/jdk.internal.reflect.NativeMethodAccessorImpl.invoke0(Native Method) ~[na:na]
	at java.base/jdk.internal.reflect.NativeMethodAccessorImpl.invoke(NativeMethodAccessorImpl.java:62) ~[na:na]
	at java.base/jdk.internal.reflect.DelegatingMethodAccessorImpl.invoke(DelegatingMethodAccessorImpl.java:43) ~[na:na]
	at java.base/java.lang.reflect.Method.invoke(Method.java:566) ~[na:na]
	at org.mybatis.spring.SqlSessionTemplate$SqlSessionInterceptor.invoke(SqlSessionTemplate.java:427) ~[mybatis-spring-2.0.6.jar:2.0.6]
	at com.sun.proxy.$Proxy91.selectList(Unknown Source) ~[na:na]
	at org.mybatis.spring.SqlSessionTemplate.selectList(SqlSessionTemplate.java:224) ~[mybatis-spring-2.0.6.jar:2.0.6]
	at com.baomidou.mybatisplus.core.override.MybatisMapperMethod.executeForMany(MybatisMapperMethod.java:166) ~[mybatis-plus-core-3.4.3.jar:3.4.3]
	at com.baomidou.mybatisplus.core.override.MybatisMapperMethod.execute(MybatisMapperMethod.java:77) ~[mybatis-plus-core-3.4.3.jar:3.4.3]
	at com.baomidou.mybatisplus.core.override.MybatisMapperProxy$PlainMethodInvoker.invoke(MybatisMapperProxy.java:148) ~[mybatis-plus-core-3.4.3.jar:3.4.3]
	at com.baomidou.mybatisplus.core.override.MybatisMapperProxy.invoke(MybatisMapperProxy.java:89) ~[mybatis-plus-core-3.4.3.jar:3.4.3]
	at com.sun.proxy.$Proxy96.selectBatchIds(Unknown Source) ~[na:na]
	at com.baomidou.mybatisplus.extension.service.IService.listByIds(IService.java:210) ~[mybatis-plus-extension-3.4.3.jar:3.4.3]
	at com.hmall.item.service.Impl.ItemServiceImpl.queryItemByIds(ItemServiceImpl.java:42) ~[classes/:na]
	at com.hmall.item.service.Impl.ItemServiceImpl$$FastClassBySpringCGLIB$$a0899c9.invoke(<generated>) ~[classes/:na]
	at org.springframework.cglib.proxy.MethodProxy.invoke(MethodProxy.java:218) ~[spring-core-5.3.27.jar:5.3.27]
	at org.springframework.aop.framework.CglibAopProxy.invokeMethod(CglibAopProxy.java:386) ~[spring-aop-5.3.27.jar:5.3.27]
	at org.springframework.aop.framework.CglibAopProxy.access$000(CglibAopProxy.java:85) ~[spring-aop-5.3.27.jar:5.3.27]
	at org.springframework.aop.framework.CglibAopProxy$DynamicAdvisedInterceptor.intercept(CglibAopProxy.java:704) ~[spring-aop-5.3.27.jar:5.3.27]
	at com.hmall.item.service.Impl.ItemServiceImpl$$EnhancerBySpringCGLIB$$9ed1ab98.queryItemByIds(<generated>) ~[classes/:na]
	at com.hmall.item.controller.ItemController.queryItemByIds(ItemController.java:39) ~[classes/:na]
	at java.base/jdk.internal.reflect.NativeMethodAccessorImpl.invoke0(Native Method) ~[na:na]
	at java.base/jdk.internal.reflect.NativeMethodAccessorImpl.invoke(NativeMethodAccessorImpl.java:62) ~[na:na]
	at java.base/jdk.internal.reflect.DelegatingMethodAccessorImpl.invoke(DelegatingMethodAccessorImpl.java:43) ~[na:na]
	at java.base/java.lang.reflect.Method.invoke(Method.java:566) ~[na:na]
	at org.springframework.web.method.support.InvocableHandlerMethod.doInvoke(InvocableHandlerMethod.java:205) ~[spring-web-5.3.27.jar:5.3.27]
	at org.springframework.web.method.support.InvocableHandlerMethod.invokeForRequest(InvocableHandlerMethod.java:150) ~[spring-web-5.3.27.jar:5.3.27]
	at org.springframework.web.servlet.mvc.method.annotation.ServletInvocableHandlerMethod.invokeAndHandle(ServletInvocableHandlerMethod.java:117) ~[spring-webmvc-5.3.27.jar:5.3.27]
	at org.springframework.web.servlet.mvc.method.annotation.RequestMappingHandlerAdapter.invokeHandlerMethod(RequestMappingHandlerAdapter.java:895) ~[spring-webmvc-5.3.27.jar:5.3.27]
	at org.springframework.web.servlet.mvc.method.annotation.RequestMappingHandlerAdapter.handleInternal(RequestMappingHandlerAdapter.java:808) ~[spring-webmvc-5.3.27.jar:5.3.27]
	at org.springframework.web.servlet.mvc.method.AbstractHandlerMethodAdapter.handle(AbstractHandlerMethodAdapter.java:87) ~[spring-webmvc-5.3.27.jar:5.3.27]
	at org.springframework.web.servlet.DispatcherServlet.doDispatch(DispatcherServlet.java:1072) ~[spring-webmvc-5.3.27.jar:5.3.27]
	at org.springframework.web.servlet.DispatcherServlet.doService(DispatcherServlet.java:965) ~[spring-webmvc-5.3.27.jar:5.3.27]
	at org.springframework.web.servlet.FrameworkServlet.processRequest(FrameworkServlet.java:1006) ~[spring-webmvc-5.3.27.jar:5.3.27]
	at org.springframework.web.servlet.FrameworkServlet.doGet(FrameworkServlet.java:898) ~[spring-webmvc-5.3.27.jar:5.3.27]
	at javax.servlet.http.HttpServlet.service(HttpServlet.java:529) ~[tomcat-embed-core-9.0.75.jar:4.0.FR]
	at org.springframework.web.servlet.FrameworkServlet.service(FrameworkServlet.java:883) ~[spring-webmvc-5.3.27.jar:5.3.27]
	at javax.servlet.http.HttpServlet.service(HttpServlet.java:623) ~[tomcat-embed-core-9.0.75.jar:4.0.FR]
	at org.apache.catalina.core.ApplicationFilterChain.internalDoFilter(ApplicationFilterChain.java:209) ~[tomcat-embed-core-9.0.75.jar:9.0.75]
	at org.apache.catalina.core.ApplicationFilterChain.doFilter(ApplicationFilterChain.java:153) ~[tomcat-embed-core-9.0.75.jar:9.0.75]
	at org.apache.tomcat.websocket.server.WsFilter.doFilter(WsFilter.java:51) ~[tomcat-embed-websocket-9.0.75.jar:9.0.75]
	at org.apache.catalina.core.ApplicationFilterChain.internalDoFilter(ApplicationFilterChain.java:178) ~[tomcat-embed-core-9.0.75.jar:9.0.75]
	at org.apache.catalina.core.ApplicationFilterChain.doFilter(ApplicationFilterChain.java:153) ~[tomcat-embed-core-9.0.75.jar:9.0.75]
	at org.springframework.web.filter.RequestContextFilter.doFilterInternal(RequestContextFilter.java:100) ~[spring-web-5.3.27.jar:5.3.27]
	at org.springframework.web.filter.OncePerRequestFilter.doFilter(OncePerRequestFilter.java:117) ~[spring-web-5.3.27.jar:5.3.27]
	at org.apache.catalina.core.ApplicationFilterChain.internalDoFilter(ApplicationFilterChain.java:178) ~[tomcat-embed-core-9.0.75.jar:9.0.75]
	at org.apache.catalina.core.ApplicationFilterChain.doFilter(ApplicationFilterChain.java:153) ~[tomcat-embed-core-9.0.75.jar:9.0.75]
	at org.springframework.web.filter.FormContentFilter.doFilterInternal(FormContentFilter.java:93) ~[spring-web-5.3.27.jar:5.3.27]
	at org.springframework.web.filter.OncePerRequestFilter.doFilter(OncePerRequestFilter.java:117) ~[spring-web-5.3.27.jar:5.3.27]
	at org.apache.catalina.core.ApplicationFilterChain.internalDoFilter(ApplicationFilterChain.java:178) ~[tomcat-embed-core-9.0.75.jar:9.0.75]
	at org.apache.catalina.core.ApplicationFilterChain.doFilter(ApplicationFilterChain.java:153) ~[tomcat-embed-core-9.0.75.jar:9.0.75]
	at org.springframework.web.filter.CharacterEncodingFilter.doFilterInternal(CharacterEncodingFilter.java:201) ~[spring-web-5.3.27.jar:5.3.27]
	at org.springframework.web.filter.OncePerRequestFilter.doFilter(OncePerRequestFilter.java:117) ~[spring-web-5.3.27.jar:5.3.27]
	at org.apache.catalina.core.ApplicationFilterChain.internalDoFilter(ApplicationFilterChain.java:178) ~[tomcat-embed-core-9.0.75.jar:9.0.75]
	at org.apache.catalina.core.ApplicationFilterChain.doFilter(ApplicationFilterChain.java:153) ~[tomcat-embed-core-9.0.75.jar:9.0.75]
	at org.apache.catalina.core.StandardWrapperValve.invoke(StandardWrapperValve.java:167) ~[tomcat-embed-core-9.0.75.jar:9.0.75]
	at org.apache.catalina.core.StandardContextValve.invoke(StandardContextValve.java:90) ~[tomcat-embed-core-9.0.75.jar:9.0.75]
	at org.apache.catalina.authenticator.AuthenticatorBase.invoke(AuthenticatorBase.java:481) ~[tomcat-embed-core-9.0.75.jar:9.0.75]
	at org.apache.catalina.core.StandardHostValve.invoke(StandardHostValve.java:130) ~[tomcat-embed-core-9.0.75.jar:9.0.75]
	at org.apache.catalina.valves.ErrorReportValve.invoke(ErrorReportValve.java:93) ~[tomcat-embed-core-9.0.75.jar:9.0.75]
	at org.apache.catalina.core.StandardEngineValve.invoke(StandardEngineValve.java:74) ~[tomcat-embed-core-9.0.75.jar:9.0.75]
	at org.apache.catalina.connector.CoyoteAdapter.service(CoyoteAdapter.java:343) ~[tomcat-embed-core-9.0.75.jar:9.0.75]
	at org.apache.coyote.http11.Http11Processor.service(Http11Processor.java:390) ~[tomcat-embed-core-9.0.75.jar:9.0.75]
	at org.apache.coyote.AbstractProcessorLight.process(AbstractProcessorLight.java:63) ~[tomcat-embed-core-9.0.75.jar:9.0.75]
	at org.apache.coyote.AbstractProtocol$ConnectionHandler.process(AbstractProtocol.java:926) ~[tomcat-embed-core-9.0.75.jar:9.0.75]
	at org.apache.tomcat.util.net.NioEndpoint$SocketProcessor.doRun(NioEndpoint.java:1791) ~[tomcat-embed-core-9.0.75.jar:9.0.75]
	at org.apache.tomcat.util.net.SocketProcessorBase.run(SocketProcessorBase.java:52) ~[tomcat-embed-core-9.0.75.jar:9.0.75]
	at org.apache.tomcat.util.threads.ThreadPoolExecutor.runWorker(ThreadPoolExecutor.java:1191) ~[tomcat-embed-core-9.0.75.jar:9.0.75]
	at org.apache.tomcat.util.threads.ThreadPoolExecutor$Worker.run(ThreadPoolExecutor.java:659) ~[tomcat-embed-core-9.0.75.jar:9.0.75]
	at org.apache.tomcat.util.threads.TaskThread$WrappingRunnable.run(TaskThread.java:61) ~[tomcat-embed-core-9.0.75.jar:9.0.75]
	at java.base/java.lang.Thread.run(Thread.java:829) ~[na:na]

15:03:29:571  WARN 7256 --- [http-nio-8081-exec-6] com.zaxxer.hikari.pool.PoolBase          : HikariPool-1 - Failed to validate connection com.mysql.cj.jdbc.ConnectionImpl@55e347f9 (No operations allowed after connection closed.). Possibly consider using a shorter maxLifetime value.
15:03:29:600 DEBUG 7256 --- [http-nio-8081-exec-6] c.h.i.m.ItemMapper.selectPage_mpCount    : ==>  Preparing: SELECT COUNT(*) FROM item WHERE (status = ?)
15:03:29:600 DEBUG 7256 --- [http-nio-8081-exec-6] c.h.i.m.ItemMapper.selectPage_mpCount    : ==> Parameters: 1(Integer)
15:03:29:660 DEBUG 7256 --- [http-nio-8081-exec-6] c.h.i.m.ItemMapper.selectPage_mpCount    : <==      Total: 1
15:03:29:662 DEBUG 7256 --- [http-nio-8081-exec-6] c.h.item.mapper.ItemMapper.selectPage    : ==>  Preparing: SELECT id, name, price, stock, image, category, brand, spec, sold, comment_count, isAD, status, create_time, update_time, creater, updater FROM item WHERE (status = ?) ORDER BY update_time DESC LIMIT ?
15:03:29:662 DEBUG 7256 --- [http-nio-8081-exec-6] c.h.item.mapper.ItemMapper.selectPage    : ==> Parameters: 1(Integer), 20(Long)
15:03:29:691 DEBUG 7256 --- [http-nio-8081-exec-6] c.h.item.mapper.ItemMapper.selectPage    : <==      Total: 20
15:03:44:270  WARN 7256 --- [Thread-4] c.a.nacos.common.notify.NotifyCenter     : [NotifyCenter] Start destroying Publisher
15:03:44:270  WARN 7256 --- [Thread-7] c.a.n.common.http.HttpClientBeanHolder   : [HttpClientBeanHolder] Start destroying common HttpClient
15:03:44:270  WARN 7256 --- [Thread-4] c.a.nacos.common.notify.NotifyCenter     : [NotifyCenter] Destruction of the end
15:03:44:271  WARN 7256 --- [Thread-7] c.a.n.common.http.HttpClientBeanHolder   : [HttpClientBeanHolder] Destruction of the end
15:03:45:118  INFO 7256 --- [SpringApplicationShutdownHook] c.a.c.n.registry.NacosServiceRegistry    : De-registering from Nacos Server now...
15:03:45:144  INFO 7256 --- [SpringApplicationShutdownHook] c.a.c.n.registry.NacosServiceRegistry    : De-registration finished.
15:03:45:467  INFO 7256 --- [SpringApplicationShutdownHook] com.alibaba.nacos.common.remote.client   : Shutdown rpc client, set status to shutdown
15:03:45:467  INFO 7256 --- [SpringApplicationShutdownHook] com.alibaba.nacos.common.remote.client   : Shutdown client event executor java.util.concurrent.ScheduledThreadPoolExecutor@3cdf75e6[Running, pool size = 2, active threads = 2, queued tasks = 0, completed tasks = 0]
15:03:45:467  INFO 7256 --- [SpringApplicationShutdownHook] com.alibaba.nacos.common.remote.client   : Close current connection 1775803463370_119.251.158.154_49366
15:03:45:473  INFO 7256 --- [SpringApplicationShutdownHook] c.a.n.c.remote.client.grpc.GrpcClient    : Shutdown grpc executor java.util.concurrent.ThreadPoolExecutor@1de156a0[Running, pool size = 4, active threads = 0, queued tasks = 0, completed tasks = 247]
15:03:45:477  INFO 7256 --- [SpringApplicationShutdownHook] com.zaxxer.hikari.HikariDataSource       : HikariPool-1 - Shutdown initiated...
15:03:45:734  INFO 7256 --- [SpringApplicationShutdownHook] com.zaxxer.hikari.HikariDataSource       : HikariPool-1 - Shutdown completed.
15:03:52:261  INFO 4068 --- [main] com.hmall.item.ItemApplication           : Starting ItemApplication using Java 11.0.30 on LuciFer with PID 4068 (D:\microService\hmall\item-service\target\classes started by 烽 in D:\microService\hmall)
15:03:52:263 DEBUG 4068 --- [main] com.hmall.item.ItemApplication           : Running with Spring Boot v2.7.12, Spring v5.3.27
15:03:52:263  INFO 4068 --- [main] com.hmall.item.ItemApplication           : The following 1 profile is active: "local"
15:03:53:013  INFO 4068 --- [main] .s.d.r.c.RepositoryConfigurationDelegate : Multiple Spring Data modules found, entering strict repository configuration mode
15:03:53:015  INFO 4068 --- [main] .s.d.r.c.RepositoryConfigurationDelegate : Bootstrapping Spring Data Redis repositories in DEFAULT mode.
15:03:53:035  INFO 4068 --- [main] .s.d.r.c.RepositoryConfigurationDelegate : Finished Spring Data repository scanning in 9 ms. Found 0 Redis repository interfaces.
15:03:53:191  INFO 4068 --- [main] o.s.cloud.context.scope.GenericScope     : BeanFactory id=705fe555-dfcc-3e14-9182-b5bd642d25cd
15:03:53:544  INFO 4068 --- [main] o.s.b.w.embedded.tomcat.TomcatWebServer  : Tomcat initialized with port(s): 8081 (http)
15:03:53:550  INFO 4068 --- [main] o.apache.catalina.core.StandardService   : Starting service [Tomcat]
15:03:53:550  INFO 4068 --- [main] org.apache.catalina.core.StandardEngine  : Starting Servlet engine: [Apache Tomcat/9.0.75]
15:03:53:679  INFO 4068 --- [main] o.a.c.c.C.[Tomcat].[localhost].[/]       : Initializing Spring embedded WebApplicationContext
15:03:53:679  INFO 4068 --- [main] w.s.c.ServletWebServerApplicationContext : Root WebApplicationContext: initialization completed in 1365 ms
15:03:58:848  INFO 4068 --- [main] pertySourcedRequestMappingHandlerMapping : Mapped URL path [/v2/api-docs] onto method [springfox.documentation.swagger2.web.Swagger2ControllerWebMvc#getDocumentation(String, HttpServletRequest)]
15:04:00:489  INFO 4068 --- [main] com.alibaba.nacos.common.remote.client   : [RpcClientFactory] create a new rpc client of 5546e975-7e53-4133-be67-b59dc7c03b23
15:04:00:536  INFO 4068 --- [main] org.reflections.Reflections              : Reflections took 25 ms to scan 1 urls, producing 3 keys and 6 values 
15:04:00:576  INFO 4068 --- [main] org.reflections.Reflections              : Reflections took 24 ms to scan 1 urls, producing 4 keys and 9 values 
15:04:00:589  INFO 4068 --- [main] org.reflections.Reflections              : Reflections took 10 ms to scan 1 urls, producing 3 keys and 10 values 
15:04:00:594  WARN 4068 --- [main] org.reflections.Reflections              : given scan urls are empty. set urls in the configuration
15:04:00:600  INFO 4068 --- [main] org.reflections.Reflections              : Reflections took 6 ms to scan 1 urls, producing 1 keys and 5 values 
15:04:00:612  INFO 4068 --- [main] org.reflections.Reflections              : Reflections took 9 ms to scan 1 urls, producing 1 keys and 7 values 
15:04:00:624  INFO 4068 --- [main] org.reflections.Reflections              : Reflections took 9 ms to scan 1 urls, producing 2 keys and 8 values 
15:04:00:627  WARN 4068 --- [main] org.reflections.Reflections              : given scan urls are empty. set urls in the configuration
15:04:00:627  INFO 4068 --- [main] com.alibaba.nacos.common.remote.client   : [5546e975-7e53-4133-be67-b59dc7c03b23] RpcClient init label, labels = {module=naming, source=sdk}
15:04:00:629  INFO 4068 --- [main] com.alibaba.nacos.common.remote.client   : [5546e975-7e53-4133-be67-b59dc7c03b23] RpcClient init, ServerListFactory = com.alibaba.nacos.client.naming.core.ServerListManager
15:04:00:629  INFO 4068 --- [main] com.alibaba.nacos.common.remote.client   : [5546e975-7e53-4133-be67-b59dc7c03b23] Registry connection listener to current client:com.alibaba.nacos.client.naming.remote.gprc.redo.NamingGrpcRedoService
15:04:00:630  INFO 4068 --- [main] com.alibaba.nacos.common.remote.client   : [5546e975-7e53-4133-be67-b59dc7c03b23] Register server push request handler:com.alibaba.nacos.client.naming.remote.gprc.NamingPushRequestHandler
15:04:00:631  INFO 4068 --- [main] com.alibaba.nacos.common.remote.client   : [5546e975-7e53-4133-be67-b59dc7c03b23] Try to connect to server on start up, server: {serverIp = '47.93.37.97', server main port = 8848}
15:04:05:042  INFO 4068 --- [main] com.alibaba.nacos.common.remote.client   : [5546e975-7e53-4133-be67-b59dc7c03b23] Success to connect to server [47.93.37.97:8848] on start up, connectionId = 1775804650864_119.251.158.154_46209
15:04:05:043  INFO 4068 --- [com.alibaba.nacos.client.remote.worker] com.alibaba.nacos.common.remote.client   : [5546e975-7e53-4133-be67-b59dc7c03b23] Notify connected event to listeners.
15:04:05:044  INFO 4068 --- [main] com.alibaba.nacos.common.remote.client   : [5546e975-7e53-4133-be67-b59dc7c03b23] Register server push request handler:com.alibaba.nacos.common.remote.client.RpcClient$ConnectResetRequestHandler
15:04:05:045  INFO 4068 --- [main] com.alibaba.nacos.common.remote.client   : [5546e975-7e53-4133-be67-b59dc7c03b23] Register server push request handler:com.alibaba.nacos.common.remote.client.RpcClient$$Lambda$1062/0x000000084069bc40
15:04:05:142  INFO 4068 --- [main] o.s.b.w.embedded.tomcat.TomcatWebServer  : Tomcat started on port(s): 8081 (http) with context path ''
15:04:05:185  INFO 4068 --- [main] c.a.c.n.registry.NacosServiceRegistry    : nacos registry, DEFAULT_GROUP item-service 192.168.217.1:8081 register finished
15:04:05:649  INFO 4068 --- [nacos-grpc-client-executor-9] com.alibaba.nacos.common.remote.client   : [5546e975-7e53-4133-be67-b59dc7c03b23] Receive server push request, request = NotifySubscriberRequest, requestId = 230
15:04:05:654  INFO 4068 --- [nacos-grpc-client-executor-9] com.alibaba.nacos.common.remote.client   : [5546e975-7e53-4133-be67-b59dc7c03b23] Ack server push request, request = NotifySubscriberRequest, requestId = 230
15:04:07:713  INFO 4068 --- [main] o.s.cloud.commons.util.InetUtils         : Cannot determine local hostname
15:04:07:714  INFO 4068 --- [main] d.s.w.p.DocumentationPluginsBootstrapper : Documentation plugins bootstrapped
15:04:07:718  INFO 4068 --- [main] d.s.w.p.DocumentationPluginsBootstrapper : Found 1 custom documentation plugin(s)
15:04:07:751  INFO 4068 --- [main] s.d.s.w.s.ApiListingReferenceScanner     : Scanning for api listing references
15:04:07:896  INFO 4068 --- [main] com.hmall.item.ItemApplication           : Started ItemApplication in 18.684 seconds (JVM running for 20.484)
15:04:34:928  INFO 4068 --- [http-nio-8081-exec-1] o.a.c.c.C.[Tomcat].[localhost].[/]       : Initializing Spring DispatcherServlet 'dispatcherServlet'
15:04:34:928  INFO 4068 --- [http-nio-8081-exec-1] o.s.web.servlet.DispatcherServlet        : Initializing Servlet 'dispatcherServlet'
15:04:34:930  INFO 4068 --- [http-nio-8081-exec-1] o.s.web.servlet.DispatcherServlet        : Completed initialization in 1 ms
15:04:35:135  INFO 4068 --- [http-nio-8081-exec-1] com.zaxxer.hikari.HikariDataSource       : HikariPool-1 - Starting...
15:04:35:759  INFO 4068 --- [http-nio-8081-exec-1] com.zaxxer.hikari.HikariDataSource       : HikariPool-1 - Start completed.
15:04:35:766 DEBUG 4068 --- [http-nio-8081-exec-1] c.h.i.m.ItemMapper.selectPage_mpCount    : ==>  Preparing: SELECT COUNT(*) FROM item WHERE (status = ?)
15:04:35:794 DEBUG 4068 --- [http-nio-8081-exec-1] c.h.i.m.ItemMapper.selectPage_mpCount    : ==> Parameters: 1(Integer)
15:04:35:926 DEBUG 4068 --- [http-nio-8081-exec-1] c.h.i.m.ItemMapper.selectPage_mpCount    : <==      Total: 1
15:04:35:941 DEBUG 4068 --- [http-nio-8081-exec-1] c.h.item.mapper.ItemMapper.selectPage    : ==>  Preparing: SELECT id, name, price, stock, image, category, brand, spec, sold, comment_count, isAD, status, create_time, update_time, creater, updater FROM item WHERE (status = ?) ORDER BY update_time DESC LIMIT ?
15:04:35:941 DEBUG 4068 --- [http-nio-8081-exec-1] c.h.item.mapper.ItemMapper.selectPage    : ==> Parameters: 1(Integer), 20(Long)
15:04:35:988 DEBUG 4068 --- [http-nio-8081-exec-1] c.h.item.mapper.ItemMapper.selectPage    : <==      Total: 20
15:04:38:379 DEBUG 4068 --- [http-nio-8081-exec-2] c.h.i.mapper.ItemMapper.selectBatchIds   : ==>  Preparing: SELECT id,name,price,stock,image,category,brand,spec,sold,comment_count,isAD,status,create_time,update_time,creater,updater FROM item WHERE id IN ( ? )
15:04:38:379 DEBUG 4068 --- [http-nio-8081-exec-2] c.h.i.mapper.ItemMapper.selectBatchIds   : ==> Parameters: 317578(Long)
15:04:38:398 DEBUG 4068 --- [http-nio-8081-exec-2] c.h.i.mapper.ItemMapper.selectBatchIds   : <==      Total: 1
15:05:58:334  WARN 4068 --- [Thread-4] c.a.nacos.common.notify.NotifyCenter     : [NotifyCenter] Start destroying Publisher
15:05:58:335  WARN 4068 --- [Thread-7] c.a.n.common.http.HttpClientBeanHolder   : [HttpClientBeanHolder] Start destroying common HttpClient
15:05:58:335  WARN 4068 --- [Thread-4] c.a.nacos.common.notify.NotifyCenter     : [NotifyCenter] Destruction of the end
15:05:58:336  WARN 4068 --- [Thread-7] c.a.n.common.http.HttpClientBeanHolder   : [HttpClientBeanHolder] Destruction of the end
15:05:59:628  INFO 4068 --- [SpringApplicationShutdownHook] c.a.c.n.registry.NacosServiceRegistry    : De-registering from Nacos Server now...
15:05:59:669  INFO 4068 --- [SpringApplicationShutdownHook] c.a.c.n.registry.NacosServiceRegistry    : De-registration finished.
15:05:59:996  INFO 4068 --- [SpringApplicationShutdownHook] com.alibaba.nacos.common.remote.client   : Shutdown rpc client, set status to shutdown
15:05:59:997  INFO 4068 --- [SpringApplicationShutdownHook] com.alibaba.nacos.common.remote.client   : Shutdown client event executor java.util.concurrent.ScheduledThreadPoolExecutor@366c7bf0[Running, pool size = 2, active threads = 2, queued tasks = 0, completed tasks = 0]
15:05:59:997  INFO 4068 --- [SpringApplicationShutdownHook] com.alibaba.nacos.common.remote.client   : Close current connection 1775804650864_119.251.158.154_46209
15:06:00:003  INFO 4068 --- [SpringApplicationShutdownHook] c.a.n.c.remote.client.grpc.GrpcClient    : Shutdown grpc executor java.util.concurrent.ThreadPoolExecutor@2fdb3a63[Running, pool size = 4, active threads = 0, queued tasks = 0, completed tasks = 40]
15:06:00:010  INFO 4068 --- [SpringApplicationShutdownHook] com.zaxxer.hikari.HikariDataSource       : HikariPool-1 - Shutdown initiated...
15:06:00:261  INFO 4068 --- [SpringApplicationShutdownHook] com.zaxxer.hikari.HikariDataSource       : HikariPool-1 - Shutdown completed.
15:07:11:070  INFO 10012 --- [main] com.hmall.item.ItemApplication           : Starting ItemApplication using Java 11.0.30 on LuciFer with PID 10012 (D:\microService\hmall\item-service\target\classes started by 烽 in D:\microService\hmall)
15:07:11:072 DEBUG 10012 --- [main] com.hmall.item.ItemApplication           : Running with Spring Boot v2.7.12, Spring v5.3.27
15:07:11:072  INFO 10012 --- [main] com.hmall.item.ItemApplication           : The following 1 profile is active: "local"
15:07:12:053  INFO 10012 --- [main] .s.d.r.c.RepositoryConfigurationDelegate : Multiple Spring Data modules found, entering strict repository configuration mode
15:07:12:057  INFO 10012 --- [main] .s.d.r.c.RepositoryConfigurationDelegate : Bootstrapping Spring Data Redis repositories in DEFAULT mode.
15:07:12:100  INFO 10012 --- [main] .s.d.r.c.RepositoryConfigurationDelegate : Finished Spring Data repository scanning in 18 ms. Found 0 Redis repository interfaces.
15:07:12:383  INFO 10012 --- [main] o.s.cloud.context.scope.GenericScope     : BeanFactory id=705fe555-dfcc-3e14-9182-b5bd642d25cd
15:07:12:811  INFO 10012 --- [main] o.s.b.w.embedded.tomcat.TomcatWebServer  : Tomcat initialized with port(s): 8081 (http)
15:07:12:821  INFO 10012 --- [main] o.apache.catalina.core.StandardService   : Starting service [Tomcat]
15:07:12:821  INFO 10012 --- [main] org.apache.catalina.core.StandardEngine  : Starting Servlet engine: [Apache Tomcat/9.0.75]
15:07:13:026  INFO 10012 --- [main] o.a.c.c.C.[Tomcat].[localhost].[/]       : Initializing Spring embedded WebApplicationContext
15:07:13:027  INFO 10012 --- [main] w.s.c.ServletWebServerApplicationContext : Root WebApplicationContext: initialization completed in 1904 ms
15:07:20:099  INFO 10012 --- [main] pertySourcedRequestMappingHandlerMapping : Mapped URL path [/v2/api-docs] onto method [springfox.documentation.swagger2.web.Swagger2ControllerWebMvc#getDocumentation(String, HttpServletRequest)]
15:07:23:522  INFO 10012 --- [main] o.s.cloud.commons.util.InetUtils         : Cannot determine local hostname
15:07:23:694  INFO 10012 --- [main] com.alibaba.nacos.common.remote.client   : [RpcClientFactory] create a new rpc client of 0a987826-a43d-4c23-822b-0b1c37cd1420
15:07:23:769  INFO 10012 --- [main] org.reflections.Reflections              : Reflections took 44 ms to scan 1 urls, producing 3 keys and 6 values 
15:07:23:808  INFO 10012 --- [main] org.reflections.Reflections              : Reflections took 15 ms to scan 1 urls, producing 4 keys and 9 values 
15:07:23:824  INFO 10012 --- [main] org.reflections.Reflections              : Reflections took 11 ms to scan 1 urls, producing 3 keys and 10 values 
15:07:23:828  WARN 10012 --- [main] org.reflections.Reflections              : given scan urls are empty. set urls in the configuration
15:07:23:842  INFO 10012 --- [main] org.reflections.Reflections              : Reflections took 12 ms to scan 1 urls, producing 1 keys and 5 values 
15:07:23:860  INFO 10012 --- [main] org.reflections.Reflections              : Reflections took 14 ms to scan 1 urls, producing 1 keys and 7 values 
15:07:23:877  INFO 10012 --- [main] org.reflections.Reflections              : Reflections took 12 ms to scan 1 urls, producing 2 keys and 8 values 
15:07:23:879  WARN 10012 --- [main] org.reflections.Reflections              : given scan urls are empty. set urls in the configuration
15:07:23:881  INFO 10012 --- [main] com.alibaba.nacos.common.remote.client   : [0a987826-a43d-4c23-822b-0b1c37cd1420] RpcClient init label, labels = {module=naming, source=sdk}
15:07:23:884  INFO 10012 --- [main] com.alibaba.nacos.common.remote.client   : [0a987826-a43d-4c23-822b-0b1c37cd1420] RpcClient init, ServerListFactory = com.alibaba.nacos.client.naming.core.ServerListManager
15:07:23:885  INFO 10012 --- [main] com.alibaba.nacos.common.remote.client   : [0a987826-a43d-4c23-822b-0b1c37cd1420] Registry connection listener to current client:com.alibaba.nacos.client.naming.remote.gprc.redo.NamingGrpcRedoService
15:07:23:886  INFO 10012 --- [main] com.alibaba.nacos.common.remote.client   : [0a987826-a43d-4c23-822b-0b1c37cd1420] Register server push request handler:com.alibaba.nacos.client.naming.remote.gprc.NamingPushRequestHandler
15:07:23:889  INFO 10012 --- [main] com.alibaba.nacos.common.remote.client   : [0a987826-a43d-4c23-822b-0b1c37cd1420] Try to connect to server on start up, server: {serverIp = '47.93.37.97', server main port = 8848}
15:07:29:320  INFO 10012 --- [main] com.alibaba.nacos.common.remote.client   : [0a987826-a43d-4c23-822b-0b1c37cd1420] Success to connect to server [47.93.37.97:8848] on start up, connectionId = 1775804855132_119.251.158.154_46368
15:07:29:320  INFO 10012 --- [com.alibaba.nacos.client.remote.worker] com.alibaba.nacos.common.remote.client   : [0a987826-a43d-4c23-822b-0b1c37cd1420] Notify connected event to listeners.
15:07:29:322  INFO 10012 --- [main] com.alibaba.nacos.common.remote.client   : [0a987826-a43d-4c23-822b-0b1c37cd1420] Register server push request handler:com.alibaba.nacos.common.remote.client.RpcClient$ConnectResetRequestHandler
15:07:29:323  INFO 10012 --- [main] com.alibaba.nacos.common.remote.client   : [0a987826-a43d-4c23-822b-0b1c37cd1420] Register server push request handler:com.alibaba.nacos.common.remote.client.RpcClient$$Lambda$1062/0x0000000840693840
15:07:29:399  INFO 10012 --- [main] o.s.b.w.embedded.tomcat.TomcatWebServer  : Tomcat started on port(s): 8081 (http) with context path ''
15:07:29:437  INFO 10012 --- [main] c.a.c.n.registry.NacosServiceRegistry    : nacos registry, DEFAULT_GROUP item-service 192.168.217.1:8081 register finished
15:07:29:902  INFO 10012 --- [nacos-grpc-client-executor-9] com.alibaba.nacos.common.remote.client   : [0a987826-a43d-4c23-822b-0b1c37cd1420] Receive server push request, request = NotifySubscriberRequest, requestId = 236
15:07:29:907  INFO 10012 --- [nacos-grpc-client-executor-9] com.alibaba.nacos.common.remote.client   : [0a987826-a43d-4c23-822b-0b1c37cd1420] Ack server push request, request = NotifySubscriberRequest, requestId = 236
15:07:30:827  INFO 10012 --- [main] d.s.w.p.DocumentationPluginsBootstrapper : Documentation plugins bootstrapped
15:07:30:831  INFO 10012 --- [main] d.s.w.p.DocumentationPluginsBootstrapper : Found 1 custom documentation plugin(s)
15:07:30:857  INFO 10012 --- [main] s.d.s.w.s.ApiListingReferenceScanner     : Scanning for api listing references
15:07:30:999  INFO 10012 --- [main] com.hmall.item.ItemApplication           : Started ItemApplication in 23.118 seconds (JVM running for 25.114)
15:08:09:840  INFO 10012 --- [http-nio-8081-exec-1] o.a.c.c.C.[Tomcat].[localhost].[/]       : Initializing Spring DispatcherServlet 'dispatcherServlet'
15:08:09:843  INFO 10012 --- [http-nio-8081-exec-1] o.s.web.servlet.DispatcherServlet        : Initializing Servlet 'dispatcherServlet'
15:08:09:849  INFO 10012 --- [http-nio-8081-exec-1] o.s.web.servlet.DispatcherServlet        : Completed initialization in 6 ms
15:08:09:956  INFO 10012 --- [http-nio-8081-exec-1] com.zaxxer.hikari.HikariDataSource       : HikariPool-1 - Starting...
15:08:10:684  INFO 10012 --- [http-nio-8081-exec-1] com.zaxxer.hikari.HikariDataSource       : HikariPool-1 - Start completed.
15:08:10:692 DEBUG 10012 --- [http-nio-8081-exec-1] c.h.i.mapper.ItemMapper.selectBatchIds   : ==>  Preparing: SELECT id,name,price,stock,image,category,brand,spec,sold,comment_count,isAD,status,create_time,update_time,creater,updater FROM item WHERE id IN ( ? )
15:08:10:715 DEBUG 10012 --- [http-nio-8081-exec-1] c.h.i.mapper.ItemMapper.selectBatchIds   : ==> Parameters: 317578(Long)
15:08:10:762 DEBUG 10012 --- [http-nio-8081-exec-1] c.h.i.mapper.ItemMapper.selectBatchIds   : <==      Total: 1
15:08:11:950  WARN 10012 --- [http-nio-8081-exec-2] c.h.item.service.Impl.ItemServiceImpl    : SqlSession [org.apache.ibatis.session.defaults.DefaultSqlSession@22f35bae] Transaction not enabled
15:08:11:977 DEBUG 10012 --- [http-nio-8081-exec-2] c.h.item.mapper.ItemMapper.updateStock   : ==>  Preparing: UPDATE item SET stock = stock - ? WHERE id = ? AND stock >= ?
15:08:11:978 DEBUG 10012 --- [http-nio-8081-exec-2] c.h.item.mapper.ItemMapper.updateStock   : ==> Parameters: 3(Integer), 317578(Long), 3(Integer)
15:08:20:722 DEBUG 10012 --- [http-nio-8081-exec-3] c.h.i.mapper.ItemMapper.selectBatchIds   : ==>  Preparing: SELECT id,name,price,stock,image,category,brand,spec,sold,comment_count,isAD,status,create_time,update_time,creater,updater FROM item WHERE id IN ( ? )
15:08:20:722 DEBUG 10012 --- [http-nio-8081-exec-3] c.h.i.mapper.ItemMapper.selectBatchIds   : ==> Parameters: 317578(Long)
15:08:20:761 DEBUG 10012 --- [http-nio-8081-exec-3] c.h.i.mapper.ItemMapper.selectBatchIds   : <==      Total: 1
15:08:38:455 DEBUG 10012 --- [http-nio-8081-exec-4] c.h.i.mapper.ItemMapper.selectBatchIds   : ==>  Preparing: SELECT id,name,price,stock,image,category,brand,spec,sold,comment_count,isAD,status,create_time,update_time,creater,updater FROM item WHERE id IN ( ? )
15:08:38:455 DEBUG 10012 --- [http-nio-8081-exec-4] c.h.i.mapper.ItemMapper.selectBatchIds   : ==> Parameters: 317578(Long)
15:08:38:479 DEBUG 10012 --- [http-nio-8081-exec-4] c.h.i.mapper.ItemMapper.selectBatchIds   : <==      Total: 1
15:08:40:307 DEBUG 10012 --- [http-nio-8081-exec-6] c.h.i.mapper.ItemMapper.selectBatchIds   : ==>  Preparing: SELECT id,name,price,stock,image,category,brand,spec,sold,comment_count,isAD,status,create_time,update_time,creater,updater FROM item WHERE id IN ( ? )
15:08:40:308 DEBUG 10012 --- [http-nio-8081-exec-6] c.h.i.mapper.ItemMapper.selectBatchIds   : ==> Parameters: 317578(Long)
15:08:40:335 DEBUG 10012 --- [http-nio-8081-exec-6] c.h.i.mapper.ItemMapper.selectBatchIds   : <==      Total: 1
15:08:42:925 DEBUG 10012 --- [http-nio-8081-exec-7] c.h.i.mapper.ItemMapper.selectBatchIds   : ==>  Preparing: SELECT id,name,price,stock,image,category,brand,spec,sold,comment_count,isAD,status,create_time,update_time,creater,updater FROM item WHERE id IN ( ? )
15:08:42:925 DEBUG 10012 --- [http-nio-8081-exec-7] c.h.i.mapper.ItemMapper.selectBatchIds   : ==> Parameters: 317578(Long)
15:08:42:954 DEBUG 10012 --- [http-nio-8081-exec-7] c.h.i.mapper.ItemMapper.selectBatchIds   : <==      Total: 1
15:08:43:120  WARN 10012 --- [http-nio-8081-exec-8] c.h.item.service.Impl.ItemServiceImpl    : SqlSession [org.apache.ibatis.session.defaults.DefaultSqlSession@33955465] Transaction not enabled
15:08:43:120 DEBUG 10012 --- [http-nio-8081-exec-8] c.h.item.mapper.ItemMapper.updateStock   : ==>  Preparing: UPDATE item SET stock = stock - ? WHERE id = ? AND stock >= ?
15:08:43:120 DEBUG 10012 --- [http-nio-8081-exec-8] c.h.item.mapper.ItemMapper.updateStock   : ==> Parameters: 3(Integer), 317578(Long), 3(Integer)
15:08:47:510 DEBUG 10012 --- [http-nio-8081-exec-5] c.h.i.mapper.ItemMapper.selectBatchIds   : ==>  Preparing: SELECT id,name,price,stock,image,category,brand,spec,sold,comment_count,isAD,status,create_time,update_time,creater,updater FROM item WHERE id IN ( ? )
15:08:47:510 DEBUG 10012 --- [http-nio-8081-exec-5] c.h.i.mapper.ItemMapper.selectBatchIds   : ==> Parameters: 317578(Long)
15:08:47:539 DEBUG 10012 --- [http-nio-8081-exec-5] c.h.i.mapper.ItemMapper.selectBatchIds   : <==      Total: 1
15:08:48:642 DEBUG 10012 --- [http-nio-8081-exec-9] c.h.i.mapper.ItemMapper.selectBatchIds   : ==>  Preparing: SELECT id,name,price,stock,image,category,brand,spec,sold,comment_count,isAD,status,create_time,update_time,creater,updater FROM item WHERE id IN ( ? )
15:08:48:643 DEBUG 10012 --- [http-nio-8081-exec-9] c.h.i.mapper.ItemMapper.selectBatchIds   : ==> Parameters: 317578(Long)
15:08:48:675 DEBUG 10012 --- [http-nio-8081-exec-9] c.h.i.mapper.ItemMapper.selectBatchIds   : <==      Total: 1
15:08:50:375 DEBUG 10012 --- [http-nio-8081-exec-10] c.h.i.mapper.ItemMapper.selectBatchIds   : ==>  Preparing: SELECT id,name,price,stock,image,category,brand,spec,sold,comment_count,isAD,status,create_time,update_time,creater,updater FROM item WHERE id IN ( ? )
15:08:50:376 DEBUG 10012 --- [http-nio-8081-exec-10] c.h.i.mapper.ItemMapper.selectBatchIds   : ==> Parameters: 317578(Long)
15:08:50:402 DEBUG 10012 --- [http-nio-8081-exec-10] c.h.i.mapper.ItemMapper.selectBatchIds   : <==      Total: 1
15:09:17:456 DEBUG 10012 --- [http-nio-8081-exec-1] c.h.i.mapper.ItemMapper.selectBatchIds   : ==>  Preparing: SELECT id,name,price,stock,image,category,brand,spec,sold,comment_count,isAD,status,create_time,update_time,creater,updater FROM item WHERE id IN ( ? )
15:09:17:456 DEBUG 10012 --- [http-nio-8081-exec-1] c.h.i.mapper.ItemMapper.selectBatchIds   : ==> Parameters: 317578(Long)
15:09:17:492 DEBUG 10012 --- [http-nio-8081-exec-1] c.h.i.mapper.ItemMapper.selectBatchIds   : <==      Total: 1
15:09:19:751 DEBUG 10012 --- [http-nio-8081-exec-2] c.h.i.mapper.ItemMapper.selectBatchIds   : ==>  Preparing: SELECT id,name,price,stock,image,category,brand,spec,sold,comment_count,isAD,status,create_time,update_time,creater,updater FROM item WHERE id IN ( ? )
15:09:19:751 DEBUG 10012 --- [http-nio-8081-exec-2] c.h.i.mapper.ItemMapper.selectBatchIds   : ==> Parameters: 317578(Long)
15:09:19:775 DEBUG 10012 --- [http-nio-8081-exec-2] c.h.i.mapper.ItemMapper.selectBatchIds   : <==      Total: 1
15:09:19:939  WARN 10012 --- [http-nio-8081-exec-3] c.h.item.service.Impl.ItemServiceImpl    : SqlSession [org.apache.ibatis.session.defaults.DefaultSqlSession@6716b142] Transaction not enabled
15:09:19:939 DEBUG 10012 --- [http-nio-8081-exec-3] c.h.item.mapper.ItemMapper.updateStock   : ==>  Preparing: UPDATE item SET stock = stock - ? WHERE id = ? AND stock >= ?
15:09:19:939 DEBUG 10012 --- [http-nio-8081-exec-3] c.h.item.mapper.ItemMapper.updateStock   : ==> Parameters: 3(Integer), 317578(Long), 3(Integer)
15:10:19:817 DEBUG 10012 --- [http-nio-8081-exec-6] c.h.i.mapper.ItemMapper.selectBatchIds   : ==>  Preparing: SELECT id,name,price,stock,image,category,brand,spec,sold,comment_count,isAD,status,create_time,update_time,creater,updater FROM item WHERE id IN ( ? )
15:10:19:818 DEBUG 10012 --- [http-nio-8081-exec-6] c.h.i.mapper.ItemMapper.selectBatchIds   : ==> Parameters: 100000006163(Long)
15:10:19:849 DEBUG 10012 --- [http-nio-8081-exec-6] c.h.i.mapper.ItemMapper.selectBatchIds   : <==      Total: 1
15:10:21:389 DEBUG 10012 --- [http-nio-8081-exec-8] c.h.i.mapper.ItemMapper.selectBatchIds   : ==>  Preparing: SELECT id,name,price,stock,image,category,brand,spec,sold,comment_count,isAD,status,create_time,update_time,creater,updater FROM item WHERE id IN ( ? )
15:10:21:389 DEBUG 10012 --- [http-nio-8081-exec-8] c.h.i.mapper.ItemMapper.selectBatchIds   : ==> Parameters: 100000006163(Long)
15:10:21:419 DEBUG 10012 --- [http-nio-8081-exec-8] c.h.i.mapper.ItemMapper.selectBatchIds   : <==      Total: 1
15:10:33:820 DEBUG 10012 --- [http-nio-8081-exec-5] c.h.i.mapper.ItemMapper.selectBatchIds   : ==>  Preparing: SELECT id,name,price,stock,image,category,brand,spec,sold,comment_count,isAD,status,create_time,update_time,creater,updater FROM item WHERE id IN ( ? )
15:10:33:821 DEBUG 10012 --- [http-nio-8081-exec-5] c.h.i.mapper.ItemMapper.selectBatchIds   : ==> Parameters: 100000006163(Long)
15:10:33:858 DEBUG 10012 --- [http-nio-8081-exec-5] c.h.i.mapper.ItemMapper.selectBatchIds   : <==      Total: 1
15:10:35:071 DEBUG 10012 --- [http-nio-8081-exec-9] c.h.i.mapper.ItemMapper.selectBatchIds   : ==>  Preparing: SELECT id,name,price,stock,image,category,brand,spec,sold,comment_count,isAD,status,create_time,update_time,creater,updater FROM item WHERE id IN ( ? )
15:10:35:071 DEBUG 10012 --- [http-nio-8081-exec-9] c.h.i.mapper.ItemMapper.selectBatchIds   : ==> Parameters: 100000006163(Long)
15:10:35:102 DEBUG 10012 --- [http-nio-8081-exec-9] c.h.i.mapper.ItemMapper.selectBatchIds   : <==      Total: 1
15:10:36:669 DEBUG 10012 --- [http-nio-8081-exec-10] c.h.i.mapper.ItemMapper.selectBatchIds   : ==>  Preparing: SELECT id,name,price,stock,image,category,brand,spec,sold,comment_count,isAD,status,create_time,update_time,creater,updater FROM item WHERE id IN ( ? )
15:10:36:669 DEBUG 10012 --- [http-nio-8081-exec-10] c.h.i.mapper.ItemMapper.selectBatchIds   : ==> Parameters: 100000006163(Long)
15:10:36:699 DEBUG 10012 --- [http-nio-8081-exec-10] c.h.i.mapper.ItemMapper.selectBatchIds   : <==      Total: 1
15:11:20:745 DEBUG 10012 --- [http-nio-8081-exec-1] c.h.i.mapper.ItemMapper.selectBatchIds   : ==>  Preparing: SELECT id,name,price,stock,image,category,brand,spec,sold,comment_count,isAD,status,create_time,update_time,creater,updater FROM item WHERE id IN ( ? )
15:11:20:745 DEBUG 10012 --- [http-nio-8081-exec-1] c.h.i.mapper.ItemMapper.selectBatchIds   : ==> Parameters: 100000006163(Long)
15:11:20:774 DEBUG 10012 --- [http-nio-8081-exec-1] c.h.i.mapper.ItemMapper.selectBatchIds   : <==      Total: 1
15:11:34:321 DEBUG 10012 --- [http-nio-8081-exec-2] c.h.i.mapper.ItemMapper.selectBatchIds   : ==>  Preparing: SELECT id,name,price,stock,image,category,brand,spec,sold,comment_count,isAD,status,create_time,update_time,creater,updater FROM item WHERE id IN ( ? )
15:11:34:321 DEBUG 10012 --- [http-nio-8081-exec-2] c.h.i.mapper.ItemMapper.selectBatchIds   : ==> Parameters: 100000006163(Long)
15:11:34:350 DEBUG 10012 --- [http-nio-8081-exec-2] c.h.i.mapper.ItemMapper.selectBatchIds   : <==      Total: 1
15:11:49:375 DEBUG 10012 --- [http-nio-8081-exec-3] c.h.i.m.ItemMapper.selectPage_mpCount    : ==>  Preparing: SELECT COUNT(*) FROM item WHERE (status = ?)
15:11:49:376 DEBUG 10012 --- [http-nio-8081-exec-3] c.h.i.m.ItemMapper.selectPage_mpCount    : ==> Parameters: 1(Integer)
15:11:49:425 DEBUG 10012 --- [http-nio-8081-exec-3] c.h.i.m.ItemMapper.selectPage_mpCount    : <==      Total: 1
15:11:49:435 DEBUG 10012 --- [http-nio-8081-exec-3] c.h.item.mapper.ItemMapper.selectPage    : ==>  Preparing: SELECT id, name, price, stock, image, category, brand, spec, sold, comment_count, isAD, status, create_time, update_time, creater, updater FROM item WHERE (status = ?) ORDER BY update_time DESC LIMIT ?
15:11:49:435 DEBUG 10012 --- [http-nio-8081-exec-3] c.h.item.mapper.ItemMapper.selectPage    : ==> Parameters: 1(Integer), 20(Long)
15:11:49:464 DEBUG 10012 --- [http-nio-8081-exec-3] c.h.item.mapper.ItemMapper.selectPage    : <==      Total: 20
15:11:58:836 DEBUG 10012 --- [http-nio-8081-exec-4] c.h.i.mapper.ItemMapper.selectBatchIds   : ==>  Preparing: SELECT id,name,price,stock,image,category,brand,spec,sold,comment_count,isAD,status,create_time,update_time,creater,updater FROM item WHERE id IN ( ? )
15:11:58:837 DEBUG 10012 --- [http-nio-8081-exec-4] c.h.i.mapper.ItemMapper.selectBatchIds   : ==> Parameters: 2120808(Long)
15:11:58:866 DEBUG 10012 --- [http-nio-8081-exec-4] c.h.i.mapper.ItemMapper.selectBatchIds   : <==      Total: 1
15:12:06:418 DEBUG 10012 --- [http-nio-8081-exec-6] c.h.i.mapper.ItemMapper.selectBatchIds   : ==>  Preparing: SELECT id,name,price,stock,image,category,brand,spec,sold,comment_count,isAD,status,create_time,update_time,creater,updater FROM item WHERE id IN ( ? )
15:12:06:419 DEBUG 10012 --- [http-nio-8081-exec-6] c.h.i.mapper.ItemMapper.selectBatchIds   : ==> Parameters: 2120808(Long)
15:12:06:444 DEBUG 10012 --- [http-nio-8081-exec-6] c.h.i.mapper.ItemMapper.selectBatchIds   : <==      Total: 1
15:12:06:601  WARN 10012 --- [http-nio-8081-exec-7] c.h.item.service.Impl.ItemServiceImpl    : SqlSession [org.apache.ibatis.session.defaults.DefaultSqlSession@299f3046] Transaction not enabled
15:12:06:602 DEBUG 10012 --- [http-nio-8081-exec-7] c.h.item.mapper.ItemMapper.updateStock   : ==>  Preparing: UPDATE item SET stock = stock - ? WHERE id = ? AND stock >= ?
15:12:06:602 DEBUG 10012 --- [http-nio-8081-exec-7] c.h.item.mapper.ItemMapper.updateStock   : ==> Parameters: 1(Integer), 2120808(Long), 1(Integer)
15:12:40:147  WARN 10012 --- [Thread-4] c.a.nacos.common.notify.NotifyCenter     : [NotifyCenter] Start destroying Publisher
15:12:40:147  WARN 10012 --- [Thread-7] c.a.n.common.http.HttpClientBeanHolder   : [HttpClientBeanHolder] Start destroying common HttpClient
15:12:40:149  WARN 10012 --- [Thread-4] c.a.nacos.common.notify.NotifyCenter     : [NotifyCenter] Destruction of the end
15:12:40:149  WARN 10012 --- [Thread-7] c.a.n.common.http.HttpClientBeanHolder   : [HttpClientBeanHolder] Destruction of the end
15:12:41:195  INFO 10012 --- [SpringApplicationShutdownHook] c.a.c.n.registry.NacosServiceRegistry    : De-registering from Nacos Server now...
15:12:41:226  INFO 10012 --- [SpringApplicationShutdownHook] c.a.c.n.registry.NacosServiceRegistry    : De-registration finished.
15:12:41:545  INFO 10012 --- [SpringApplicationShutdownHook] com.alibaba.nacos.common.remote.client   : Shutdown rpc client, set status to shutdown
15:12:41:545  INFO 10012 --- [SpringApplicationShutdownHook] com.alibaba.nacos.common.remote.client   : Shutdown client event executor java.util.concurrent.ScheduledThreadPoolExecutor@765ec4c9[Running, pool size = 2, active threads = 2, queued tasks = 0, completed tasks = 0]
15:12:41:545  INFO 10012 --- [SpringApplicationShutdownHook] com.alibaba.nacos.common.remote.client   : Close current connection 1775804855132_119.251.158.154_46368
15:12:41:551  INFO 10012 --- [SpringApplicationShutdownHook] c.a.n.c.remote.client.grpc.GrpcClient    : Shutdown grpc executor java.util.concurrent.ThreadPoolExecutor@4eed86[Running, pool size = 4, active threads = 0, queued tasks = 0, completed tasks = 77]
15:12:41:556  INFO 10012 --- [SpringApplicationShutdownHook] com.zaxxer.hikari.HikariDataSource       : HikariPool-1 - Shutdown initiated...
15:12:51:558  INFO 10012 --- [SpringApplicationShutdownHook] com.zaxxer.hikari.HikariDataSource       : HikariPool-1 - Shutdown completed.
15:20:24:721  INFO 6352 --- [main] com.hmall.item.ItemApplication           : Starting ItemApplication using Java 11.0.30 on LuciFer with PID 6352 (D:\microService\hmall\item-service\target\classes started by 烽 in D:\microService\hmall)
15:20:24:724 DEBUG 6352 --- [main] com.hmall.item.ItemApplication           : Running with Spring Boot v2.7.12, Spring v5.3.27
15:20:24:725  INFO 6352 --- [main] com.hmall.item.ItemApplication           : The following 1 profile is active: "local"
15:20:25:705  INFO 6352 --- [main] .s.d.r.c.RepositoryConfigurationDelegate : Multiple Spring Data modules found, entering strict repository configuration mode
15:20:25:707  INFO 6352 --- [main] .s.d.r.c.RepositoryConfigurationDelegate : Bootstrapping Spring Data Redis repositories in DEFAULT mode.
15:20:25:735  INFO 6352 --- [main] .s.d.r.c.RepositoryConfigurationDelegate : Finished Spring Data repository scanning in 12 ms. Found 0 Redis repository interfaces.
15:20:25:912  INFO 6352 --- [main] o.s.cloud.context.scope.GenericScope     : BeanFactory id=705fe555-dfcc-3e14-9182-b5bd642d25cd
15:20:26:281  INFO 6352 --- [main] o.s.b.w.embedded.tomcat.TomcatWebServer  : Tomcat initialized with port(s): 8081 (http)
15:20:26:290  INFO 6352 --- [main] o.apache.catalina.core.StandardService   : Starting service [Tomcat]
15:20:26:291  INFO 6352 --- [main] org.apache.catalina.core.StandardEngine  : Starting Servlet engine: [Apache Tomcat/9.0.75]
15:20:26:440  INFO 6352 --- [main] o.a.c.c.C.[Tomcat].[localhost].[/]       : Initializing Spring embedded WebApplicationContext
15:20:26:440  INFO 6352 --- [main] w.s.c.ServletWebServerApplicationContext : Root WebApplicationContext: initialization completed in 1653 ms
15:20:31:031  INFO 6352 --- [main] pertySourcedRequestMappingHandlerMapping : Mapped URL path [/v2/api-docs] onto method [springfox.documentation.swagger2.web.Swagger2ControllerWebMvc#getDocumentation(String, HttpServletRequest)]
15:20:32:522  INFO 6352 --- [main] com.alibaba.nacos.common.remote.client   : [RpcClientFactory] create a new rpc client of 10586c3c-a72c-4811-b482-76575a2a7cc1
15:20:32:554  INFO 6352 --- [main] org.reflections.Reflections              : Reflections took 18 ms to scan 1 urls, producing 3 keys and 6 values 
15:20:32:582  INFO 6352 --- [main] org.reflections.Reflections              : Reflections took 16 ms to scan 1 urls, producing 4 keys and 9 values 
15:20:32:592  INFO 6352 --- [main] org.reflections.Reflections              : Reflections took 6 ms to scan 1 urls, producing 3 keys and 10 values 
15:20:32:595  WARN 6352 --- [main] org.reflections.Reflections              : given scan urls are empty. set urls in the configuration
15:20:32:601  INFO 6352 --- [main] org.reflections.Reflections              : Reflections took 6 ms to scan 1 urls, producing 1 keys and 5 values 
15:20:32:610  INFO 6352 --- [main] org.reflections.Reflections              : Reflections took 8 ms to scan 1 urls, producing 1 keys and 7 values 
15:20:32:617  INFO 6352 --- [main] org.reflections.Reflections              : Reflections took 5 ms to scan 1 urls, producing 2 keys and 8 values 
15:20:32:620  WARN 6352 --- [main] org.reflections.Reflections              : given scan urls are empty. set urls in the configuration
15:20:32:620  INFO 6352 --- [main] com.alibaba.nacos.common.remote.client   : [10586c3c-a72c-4811-b482-76575a2a7cc1] RpcClient init label, labels = {module=naming, source=sdk}
15:20:32:622  INFO 6352 --- [main] com.alibaba.nacos.common.remote.client   : [10586c3c-a72c-4811-b482-76575a2a7cc1] RpcClient init, ServerListFactory = com.alibaba.nacos.client.naming.core.ServerListManager
15:20:32:622  INFO 6352 --- [main] com.alibaba.nacos.common.remote.client   : [10586c3c-a72c-4811-b482-76575a2a7cc1] Registry connection listener to current client:com.alibaba.nacos.client.naming.remote.gprc.redo.NamingGrpcRedoService
15:20:32:622  INFO 6352 --- [main] com.alibaba.nacos.common.remote.client   : [10586c3c-a72c-4811-b482-76575a2a7cc1] Register server push request handler:com.alibaba.nacos.client.naming.remote.gprc.NamingPushRequestHandler
15:20:32:624  INFO 6352 --- [main] com.alibaba.nacos.common.remote.client   : [10586c3c-a72c-4811-b482-76575a2a7cc1] Try to connect to server on start up, server: {serverIp = '47.93.37.97', server main port = 8848}
15:20:35:679  INFO 6352 --- [main] com.alibaba.nacos.common.remote.client   : [10586c3c-a72c-4811-b482-76575a2a7cc1] Success to connect to server [47.93.37.97:8848] on start up, connectionId = 1775805641503_119.251.158.154_46910
15:20:35:679  INFO 6352 --- [com.alibaba.nacos.client.remote.worker] com.alibaba.nacos.common.remote.client   : [10586c3c-a72c-4811-b482-76575a2a7cc1] Notify connected event to listeners.
15:20:35:681  INFO 6352 --- [main] com.alibaba.nacos.common.remote.client   : [10586c3c-a72c-4811-b482-76575a2a7cc1] Register server push request handler:com.alibaba.nacos.common.remote.client.RpcClient$ConnectResetRequestHandler
15:20:35:681  INFO 6352 --- [main] com.alibaba.nacos.common.remote.client   : [10586c3c-a72c-4811-b482-76575a2a7cc1] Register server push request handler:com.alibaba.nacos.common.remote.client.RpcClient$$Lambda$1061/0x000000084069b840
15:20:35:752  INFO 6352 --- [main] o.s.b.w.embedded.tomcat.TomcatWebServer  : Tomcat started on port(s): 8081 (http) with context path ''
15:20:35:787  INFO 6352 --- [main] c.a.c.n.registry.NacosServiceRegistry    : nacos registry, DEFAULT_GROUP item-service 192.168.217.1:8081 register finished
15:20:36:250  INFO 6352 --- [nacos-grpc-client-executor-8] com.alibaba.nacos.common.remote.client   : [10586c3c-a72c-4811-b482-76575a2a7cc1] Receive server push request, request = NotifySubscriberRequest, requestId = 256
15:20:36:256  INFO 6352 --- [nacos-grpc-client-executor-8] com.alibaba.nacos.common.remote.client   : [10586c3c-a72c-4811-b482-76575a2a7cc1] Ack server push request, request = NotifySubscriberRequest, requestId = 256
15:20:38:075  INFO 6352 --- [main] o.s.cloud.commons.util.InetUtils         : Cannot determine local hostname
15:20:38:076  INFO 6352 --- [main] d.s.w.p.DocumentationPluginsBootstrapper : Documentation plugins bootstrapped
15:20:38:078  INFO 6352 --- [main] d.s.w.p.DocumentationPluginsBootstrapper : Found 1 custom documentation plugin(s)
15:20:38:100  INFO 6352 --- [main] s.d.s.w.s.ApiListingReferenceScanner     : Scanning for api listing references
15:20:38:201  INFO 6352 --- [main] com.hmall.item.ItemApplication           : Started ItemApplication in 16.822 seconds (JVM running for 19.149)
15:20:58:510  INFO 6352 --- [http-nio-8081-exec-1] o.a.c.c.C.[Tomcat].[localhost].[/]       : Initializing Spring DispatcherServlet 'dispatcherServlet'
15:20:58:510  INFO 6352 --- [http-nio-8081-exec-1] o.s.web.servlet.DispatcherServlet        : Initializing Servlet 'dispatcherServlet'
15:20:58:513  INFO 6352 --- [http-nio-8081-exec-1] o.s.web.servlet.DispatcherServlet        : Completed initialization in 3 ms
15:20:58:604  INFO 6352 --- [http-nio-8081-exec-1] com.zaxxer.hikari.HikariDataSource       : HikariPool-1 - Starting...
15:20:59:192  INFO 6352 --- [http-nio-8081-exec-1] com.zaxxer.hikari.HikariDataSource       : HikariPool-1 - Start completed.
15:20:59:200 DEBUG 6352 --- [http-nio-8081-exec-1] c.h.i.mapper.ItemMapper.selectBatchIds   : ==>  Preparing: SELECT id,name,price,stock,image,category,brand,spec,sold,comment_count,isAD,status,create_time,update_time,creater,updater FROM item WHERE id IN ( ? )
15:20:59:225 DEBUG 6352 --- [http-nio-8081-exec-1] c.h.i.mapper.ItemMapper.selectBatchIds   : ==> Parameters: 317578(Long)
15:20:59:276 DEBUG 6352 --- [http-nio-8081-exec-1] c.h.i.mapper.ItemMapper.selectBatchIds   : <==      Total: 1
15:20:59:485 DEBUG 6352 --- [http-nio-8081-exec-2] c.h.i.mapper.ItemMapper.selectBatchIds   : ==>  Preparing: SELECT id,name,price,stock,image,category,brand,spec,sold,comment_count,isAD,status,create_time,update_time,creater,updater FROM item WHERE id IN ( ? )
15:20:59:485 DEBUG 6352 --- [http-nio-8081-exec-2] c.h.i.mapper.ItemMapper.selectBatchIds   : ==> Parameters: 317578(Long)
15:20:59:513 DEBUG 6352 --- [http-nio-8081-exec-2] c.h.i.mapper.ItemMapper.selectBatchIds   : <==      Total: 1
15:21:03:417 DEBUG 6352 --- [http-nio-8081-exec-3] c.h.i.mapper.ItemMapper.selectBatchIds   : ==>  Preparing: SELECT id,name,price,stock,image,category,brand,spec,sold,comment_count,isAD,status,create_time,update_time,creater,updater FROM item WHERE id IN ( ? )
15:21:03:417 DEBUG 6352 --- [http-nio-8081-exec-3] c.h.i.mapper.ItemMapper.selectBatchIds   : ==> Parameters: 317578(Long)
15:21:03:442 DEBUG 6352 --- [http-nio-8081-exec-3] c.h.i.mapper.ItemMapper.selectBatchIds   : <==      Total: 1
15:21:03:743  WARN 6352 --- [http-nio-8081-exec-4] c.h.item.service.Impl.ItemServiceImpl    : SqlSession [org.apache.ibatis.session.defaults.DefaultSqlSession@776008bb] Transaction not enabled
15:21:03:744 DEBUG 6352 --- [http-nio-8081-exec-4] c.h.item.mapper.ItemMapper.updateStock   : ==>  Preparing: UPDATE item SET stock = stock - ? WHERE id = ? AND stock >= ?
15:21:03:745 DEBUG 6352 --- [http-nio-8081-exec-4] c.h.item.mapper.ItemMapper.updateStock   : ==> Parameters: 3(Integer), 317578(Long), 3(Integer)
15:21:08:596 DEBUG 6352 --- [http-nio-8081-exec-6] c.h.i.mapper.ItemMapper.selectBatchIds   : ==>  Preparing: SELECT id,name,price,stock,image,category,brand,spec,sold,comment_count,isAD,status,create_time,update_time,creater,updater FROM item WHERE id IN ( ? )
15:21:08:597 DEBUG 6352 --- [http-nio-8081-exec-6] c.h.i.mapper.ItemMapper.selectBatchIds   : ==> Parameters: 317578(Long)
15:21:08:620 DEBUG 6352 --- [http-nio-8081-exec-6] c.h.i.mapper.ItemMapper.selectBatchIds   : <==      Total: 1
15:21:10:567 DEBUG 6352 --- [http-nio-8081-exec-7] c.h.i.mapper.ItemMapper.selectBatchIds   : ==>  Preparing: SELECT id,name,price,stock,image,category,brand,spec,sold,comment_count,isAD,status,create_time,update_time,creater,updater FROM item WHERE id IN ( ? )
15:21:10:567 DEBUG 6352 --- [http-nio-8081-exec-7] c.h.i.mapper.ItemMapper.selectBatchIds   : ==> Parameters: 317578(Long)
15:21:10:593 DEBUG 6352 --- [http-nio-8081-exec-7] c.h.i.mapper.ItemMapper.selectBatchIds   : <==      Total: 1
15:21:11:392 DEBUG 6352 --- [http-nio-8081-exec-8] c.h.i.mapper.ItemMapper.selectBatchIds   : ==>  Preparing: SELECT id,name,price,stock,image,category,brand,spec,sold,comment_count,isAD,status,create_time,update_time,creater,updater FROM item WHERE id IN ( ? )
15:21:11:392 DEBUG 6352 --- [http-nio-8081-exec-8] c.h.i.mapper.ItemMapper.selectBatchIds   : ==> Parameters: 317578(Long)
15:21:11:423 DEBUG 6352 --- [http-nio-8081-exec-8] c.h.i.mapper.ItemMapper.selectBatchIds   : <==      Total: 1
15:21:14:304 DEBUG 6352 --- [http-nio-8081-exec-5] c.h.i.mapper.ItemMapper.selectBatchIds   : ==>  Preparing: SELECT id,name,price,stock,image,category,brand,spec,sold,comment_count,isAD,status,create_time,update_time,creater,updater FROM item WHERE id IN ( ? )
15:21:14:304 DEBUG 6352 --- [http-nio-8081-exec-5] c.h.i.mapper.ItemMapper.selectBatchIds   : ==> Parameters: 317578(Long)
15:21:14:329 DEBUG 6352 --- [http-nio-8081-exec-5] c.h.i.mapper.ItemMapper.selectBatchIds   : <==      Total: 1
15:21:15:455 DEBUG 6352 --- [http-nio-8081-exec-9] c.h.i.mapper.ItemMapper.selectBatchIds   : ==>  Preparing: SELECT id,name,price,stock,image,category,brand,spec,sold,comment_count,isAD,status,create_time,update_time,creater,updater FROM item WHERE id IN ( ? )
15:21:15:455 DEBUG 6352 --- [http-nio-8081-exec-9] c.h.i.mapper.ItemMapper.selectBatchIds   : ==> Parameters: 317578(Long)
15:21:15:480 DEBUG 6352 --- [http-nio-8081-exec-9] c.h.i.mapper.ItemMapper.selectBatchIds   : <==      Total: 1
15:22:05:967 DEBUG 6352 --- [http-nio-8081-exec-1] c.h.i.mapper.ItemMapper.selectBatchIds   : ==>  Preparing: SELECT id,name,price,stock,image,category,brand,spec,sold,comment_count,isAD,status,create_time,update_time,creater,updater FROM item WHERE id IN ( ? )
15:22:05:968 DEBUG 6352 --- [http-nio-8081-exec-1] c.h.i.mapper.ItemMapper.selectBatchIds   : ==> Parameters: 317578(Long)
15:22:05:993 DEBUG 6352 --- [http-nio-8081-exec-1] c.h.i.mapper.ItemMapper.selectBatchIds   : <==      Total: 1
15:22:08:180 DEBUG 6352 --- [http-nio-8081-exec-2] c.h.i.mapper.ItemMapper.selectBatchIds   : ==>  Preparing: SELECT id,name,price,stock,image,category,brand,spec,sold,comment_count,isAD,status,create_time,update_time,creater,updater FROM item WHERE id IN ( ? )
15:22:08:181 DEBUG 6352 --- [http-nio-8081-exec-2] c.h.i.mapper.ItemMapper.selectBatchIds   : ==> Parameters: 317578(Long)
15:22:08:205 DEBUG 6352 --- [http-nio-8081-exec-2] c.h.i.mapper.ItemMapper.selectBatchIds   : <==      Total: 1
15:22:10:385 DEBUG 6352 --- [http-nio-8081-exec-3] c.h.i.mapper.ItemMapper.selectBatchIds   : ==>  Preparing: SELECT id,name,price,stock,image,category,brand,spec,sold,comment_count,isAD,status,create_time,update_time,creater,updater FROM item WHERE id IN ( ? )
15:22:10:386 DEBUG 6352 --- [http-nio-8081-exec-3] c.h.i.mapper.ItemMapper.selectBatchIds   : ==> Parameters: 317578(Long)
15:22:10:411 DEBUG 6352 --- [http-nio-8081-exec-3] c.h.i.mapper.ItemMapper.selectBatchIds   : <==      Total: 1
15:22:13:488 DEBUG 6352 --- [http-nio-8081-exec-4] c.h.i.mapper.ItemMapper.selectBatchIds   : ==>  Preparing: SELECT id,name,price,stock,image,category,brand,spec,sold,comment_count,isAD,status,create_time,update_time,creater,updater FROM item WHERE id IN ( ? )
15:22:13:489 DEBUG 6352 --- [http-nio-8081-exec-4] c.h.i.mapper.ItemMapper.selectBatchIds   : ==> Parameters: 317578(Long)
15:22:13:514 DEBUG 6352 --- [http-nio-8081-exec-4] c.h.i.mapper.ItemMapper.selectBatchIds   : <==      Total: 1
15:22:13:700  WARN 6352 --- [http-nio-8081-exec-6] c.h.item.service.Impl.ItemServiceImpl    : SqlSession [org.apache.ibatis.session.defaults.DefaultSqlSession@6ddaa3b8] Transaction not enabled
15:22:13:700 DEBUG 6352 --- [http-nio-8081-exec-6] c.h.item.mapper.ItemMapper.updateStock   : ==>  Preparing: UPDATE item SET stock = stock - ? WHERE id = ? AND stock >= ?
15:22:13:700 DEBUG 6352 --- [http-nio-8081-exec-6] c.h.item.mapper.ItemMapper.updateStock   : ==> Parameters: 2(Integer), 317578(Long), 2(Integer)
15:22:18:093 DEBUG 6352 --- [http-nio-8081-exec-7] c.h.i.mapper.ItemMapper.selectBatchIds   : ==>  Preparing: SELECT id,name,price,stock,image,category,brand,spec,sold,comment_count,isAD,status,create_time,update_time,creater,updater FROM item WHERE id IN ( ? )
15:22:18:094 DEBUG 6352 --- [http-nio-8081-exec-7] c.h.i.mapper.ItemMapper.selectBatchIds   : ==> Parameters: 317578(Long)
15:22:18:119 DEBUG 6352 --- [http-nio-8081-exec-7] c.h.i.mapper.ItemMapper.selectBatchIds   : <==      Total: 1
15:22:23:884 DEBUG 6352 --- [http-nio-8081-exec-8] c.h.i.mapper.ItemMapper.selectBatchIds   : ==>  Preparing: SELECT id,name,price,stock,image,category,brand,spec,sold,comment_count,isAD,status,create_time,update_time,creater,updater FROM item WHERE id IN ( ? )
15:22:23:885 DEBUG 6352 --- [http-nio-8081-exec-8] c.h.i.mapper.ItemMapper.selectBatchIds   : ==> Parameters: 317578(Long)
15:22:23:916 DEBUG 6352 --- [http-nio-8081-exec-8] c.h.i.mapper.ItemMapper.selectBatchIds   : <==      Total: 1
15:25:50:012  WARN 6352 --- [Thread-7] c.a.n.common.http.HttpClientBeanHolder   : [HttpClientBeanHolder] Start destroying common HttpClient
15:25:50:012  WARN 6352 --- [Thread-4] c.a.nacos.common.notify.NotifyCenter     : [NotifyCenter] Start destroying Publisher
15:25:50:013  WARN 6352 --- [Thread-4] c.a.nacos.common.notify.NotifyCenter     : [NotifyCenter] Destruction of the end
15:25:50:013  WARN 6352 --- [Thread-7] c.a.n.common.http.HttpClientBeanHolder   : [HttpClientBeanHolder] Destruction of the end
15:25:51:019  INFO 6352 --- [SpringApplicationShutdownHook] c.a.c.n.registry.NacosServiceRegistry    : De-registering from Nacos Server now...
15:25:51:045  INFO 6352 --- [SpringApplicationShutdownHook] c.a.c.n.registry.NacosServiceRegistry    : De-registration finished.
15:25:51:379  INFO 6352 --- [SpringApplicationShutdownHook] com.alibaba.nacos.common.remote.client   : Shutdown rpc client, set status to shutdown
15:25:51:379  INFO 6352 --- [SpringApplicationShutdownHook] com.alibaba.nacos.common.remote.client   : Shutdown client event executor java.util.concurrent.ScheduledThreadPoolExecutor@fc347b6[Running, pool size = 2, active threads = 2, queued tasks = 0, completed tasks = 0]
15:25:51:379  INFO 6352 --- [SpringApplicationShutdownHook] com.alibaba.nacos.common.remote.client   : Close current connection 1775805641503_119.251.158.154_46910
15:25:51:384  INFO 6352 --- [SpringApplicationShutdownHook] c.a.n.c.remote.client.grpc.GrpcClient    : Shutdown grpc executor java.util.concurrent.ThreadPoolExecutor@4f2512e1[Running, pool size = 4, active threads = 0, queued tasks = 0, completed tasks = 76]
15:25:51:389  INFO 6352 --- [SpringApplicationShutdownHook] com.zaxxer.hikari.HikariDataSource       : HikariPool-1 - Shutdown initiated...
15:26:01:400  INFO 6352 --- [SpringApplicationShutdownHook] com.zaxxer.hikari.HikariDataSource       : HikariPool-1 - Shutdown completed.
15:26:17:437  INFO 6156 --- [main] com.hmall.item.ItemApplication           : Starting ItemApplication using Java 11.0.30 on LuciFer with PID 6156 (D:\microService\hmall\item-service\target\classes started by 烽 in D:\microService\hmall)
15:26:17:440 DEBUG 6156 --- [main] com.hmall.item.ItemApplication           : Running with Spring Boot v2.7.12, Spring v5.3.27
15:26:17:440  INFO 6156 --- [main] com.hmall.item.ItemApplication           : The following 1 profile is active: "local"
15:26:18:337  INFO 6156 --- [main] .s.d.r.c.RepositoryConfigurationDelegate : Multiple Spring Data modules found, entering strict repository configuration mode
15:26:18:339  INFO 6156 --- [main] .s.d.r.c.RepositoryConfigurationDelegate : Bootstrapping Spring Data Redis repositories in DEFAULT mode.
15:26:18:362  INFO 6156 --- [main] .s.d.r.c.RepositoryConfigurationDelegate : Finished Spring Data repository scanning in 10 ms. Found 0 Redis repository interfaces.
15:26:18:545  INFO 6156 --- [main] o.s.cloud.context.scope.GenericScope     : BeanFactory id=705fe555-dfcc-3e14-9182-b5bd642d25cd
15:26:18:861  INFO 6156 --- [main] o.s.b.w.embedded.tomcat.TomcatWebServer  : Tomcat initialized with port(s): 8081 (http)
15:26:18:868  INFO 6156 --- [main] o.apache.catalina.core.StandardService   : Starting service [Tomcat]
15:26:18:868  INFO 6156 --- [main] org.apache.catalina.core.StandardEngine  : Starting Servlet engine: [Apache Tomcat/9.0.75]
15:26:19:002  INFO 6156 --- [main] o.a.c.c.C.[Tomcat].[localhost].[/]       : Initializing Spring embedded WebApplicationContext
15:26:19:003  INFO 6156 --- [main] w.s.c.ServletWebServerApplicationContext : Root WebApplicationContext: initialization completed in 1516 ms
15:26:24:715  INFO 6156 --- [main] pertySourcedRequestMappingHandlerMapping : Mapped URL path [/v2/api-docs] onto method [springfox.documentation.swagger2.web.Swagger2ControllerWebMvc#getDocumentation(String, HttpServletRequest)]
15:26:26:963  INFO 6156 --- [main] com.alibaba.nacos.common.remote.client   : [RpcClientFactory] create a new rpc client of 573c8289-2204-4323-ba28-cbcfebf294f3
15:26:27:016  INFO 6156 --- [main] org.reflections.Reflections              : Reflections took 32 ms to scan 1 urls, producing 3 keys and 6 values 
15:26:27:060  INFO 6156 --- [main] org.reflections.Reflections              : Reflections took 26 ms to scan 1 urls, producing 4 keys and 9 values 
15:26:27:076  INFO 6156 --- [main] org.reflections.Reflections              : Reflections took 12 ms to scan 1 urls, producing 3 keys and 10 values 
15:26:27:080  WARN 6156 --- [main] org.reflections.Reflections              : given scan urls are empty. set urls in the configuration
15:26:27:091  INFO 6156 --- [main] org.reflections.Reflections              : Reflections took 10 ms to scan 1 urls, producing 1 keys and 5 values 
15:26:27:105  INFO 6156 --- [main] org.reflections.Reflections              : Reflections took 10 ms to scan 1 urls, producing 1 keys and 7 values 
15:26:27:117  INFO 6156 --- [main] org.reflections.Reflections              : Reflections took 8 ms to scan 1 urls, producing 2 keys and 8 values 
15:26:27:119  WARN 6156 --- [main] org.reflections.Reflections              : given scan urls are empty. set urls in the configuration
15:26:27:121  INFO 6156 --- [main] com.alibaba.nacos.common.remote.client   : [573c8289-2204-4323-ba28-cbcfebf294f3] RpcClient init label, labels = {module=naming, source=sdk}
15:26:27:124  INFO 6156 --- [main] com.alibaba.nacos.common.remote.client   : [573c8289-2204-4323-ba28-cbcfebf294f3] RpcClient init, ServerListFactory = com.alibaba.nacos.client.naming.core.ServerListManager
15:26:27:125  INFO 6156 --- [main] com.alibaba.nacos.common.remote.client   : [573c8289-2204-4323-ba28-cbcfebf294f3] Registry connection listener to current client:com.alibaba.nacos.client.naming.remote.gprc.redo.NamingGrpcRedoService
15:26:27:125  INFO 6156 --- [main] com.alibaba.nacos.common.remote.client   : [573c8289-2204-4323-ba28-cbcfebf294f3] Register server push request handler:com.alibaba.nacos.client.naming.remote.gprc.NamingPushRequestHandler
15:26:27:127  INFO 6156 --- [main] com.alibaba.nacos.common.remote.client   : [573c8289-2204-4323-ba28-cbcfebf294f3] Try to connect to server on start up, server: {serverIp = '47.93.37.97', server main port = 8848}
15:26:31:873  INFO 6156 --- [main] com.alibaba.nacos.common.remote.client   : [573c8289-2204-4323-ba28-cbcfebf294f3] Success to connect to server [47.93.37.97:8848] on start up, connectionId = 1775805997647_119.251.158.154_47146
15:26:31:874  INFO 6156 --- [com.alibaba.nacos.client.remote.worker] com.alibaba.nacos.common.remote.client   : [573c8289-2204-4323-ba28-cbcfebf294f3] Notify connected event to listeners.
15:26:31:875  INFO 6156 --- [main] com.alibaba.nacos.common.remote.client   : [573c8289-2204-4323-ba28-cbcfebf294f3] Register server push request handler:com.alibaba.nacos.common.remote.client.RpcClient$ConnectResetRequestHandler
15:26:31:876  INFO 6156 --- [main] com.alibaba.nacos.common.remote.client   : [573c8289-2204-4323-ba28-cbcfebf294f3] Register server push request handler:com.alibaba.nacos.common.remote.client.RpcClient$$Lambda$1062/0x0000000840693840
15:26:31:962  INFO 6156 --- [main] o.s.b.w.embedded.tomcat.TomcatWebServer  : Tomcat started on port(s): 8081 (http) with context path ''
15:26:31:997  INFO 6156 --- [main] c.a.c.n.registry.NacosServiceRegistry    : nacos registry, DEFAULT_GROUP item-service 192.168.217.1:8081 register finished
15:26:32:477  INFO 6156 --- [nacos-grpc-client-executor-9] com.alibaba.nacos.common.remote.client   : [573c8289-2204-4323-ba28-cbcfebf294f3] Receive server push request, request = NotifySubscriberRequest, requestId = 266
15:26:32:483  INFO 6156 --- [nacos-grpc-client-executor-9] com.alibaba.nacos.common.remote.client   : [573c8289-2204-4323-ba28-cbcfebf294f3] Ack server push request, request = NotifySubscriberRequest, requestId = 266
15:26:34:694  INFO 6156 --- [main] o.s.cloud.commons.util.InetUtils         : Cannot determine local hostname
15:26:34:694  INFO 6156 --- [main] d.s.w.p.DocumentationPluginsBootstrapper : Documentation plugins bootstrapped
15:26:34:698  INFO 6156 --- [main] d.s.w.p.DocumentationPluginsBootstrapper : Found 1 custom documentation plugin(s)
15:26:34:722  INFO 6156 --- [main] s.d.s.w.s.ApiListingReferenceScanner     : Scanning for api listing references
15:26:34:849  INFO 6156 --- [main] com.hmall.item.ItemApplication           : Started ItemApplication in 20.312 seconds (JVM running for 21.922)
15:27:00:154  INFO 6156 --- [http-nio-8081-exec-1] o.a.c.c.C.[Tomcat].[localhost].[/]       : Initializing Spring DispatcherServlet 'dispatcherServlet'
15:27:00:155  INFO 6156 --- [http-nio-8081-exec-1] o.s.web.servlet.DispatcherServlet        : Initializing Servlet 'dispatcherServlet'
15:27:00:156  INFO 6156 --- [http-nio-8081-exec-1] o.s.web.servlet.DispatcherServlet        : Completed initialization in 1 ms
15:27:00:241  INFO 6156 --- [http-nio-8081-exec-1] com.zaxxer.hikari.HikariDataSource       : HikariPool-1 - Starting...
15:27:00:780  INFO 6156 --- [http-nio-8081-exec-1] com.zaxxer.hikari.HikariDataSource       : HikariPool-1 - Start completed.
15:27:00:786 DEBUG 6156 --- [http-nio-8081-exec-1] c.h.i.mapper.ItemMapper.selectBatchIds   : ==>  Preparing: SELECT id,name,price,stock,image,category,brand,spec,sold,comment_count,isAD,status,create_time,update_time,creater,updater FROM item WHERE id IN ( ? )
15:27:00:803 DEBUG 6156 --- [http-nio-8081-exec-1] c.h.i.mapper.ItemMapper.selectBatchIds   : ==> Parameters: 317578(Long)
15:27:00:843 DEBUG 6156 --- [http-nio-8081-exec-1] c.h.i.mapper.ItemMapper.selectBatchIds   : <==      Total: 1
15:27:04:904 DEBUG 6156 --- [http-nio-8081-exec-2] c.h.i.mapper.ItemMapper.selectBatchIds   : ==>  Preparing: SELECT id,name,price,stock,image,category,brand,spec,sold,comment_count,isAD,status,create_time,update_time,creater,updater FROM item WHERE id IN ( ? )
15:27:04:905 DEBUG 6156 --- [http-nio-8081-exec-2] c.h.i.mapper.ItemMapper.selectBatchIds   : ==> Parameters: 317578(Long)
15:27:04:929 DEBUG 6156 --- [http-nio-8081-exec-2] c.h.i.mapper.ItemMapper.selectBatchIds   : <==      Total: 1
15:27:07:494 DEBUG 6156 --- [http-nio-8081-exec-3] c.h.i.mapper.ItemMapper.selectBatchIds   : ==>  Preparing: SELECT id,name,price,stock,image,category,brand,spec,sold,comment_count,isAD,status,create_time,update_time,creater,updater FROM item WHERE id IN ( ? )
15:27:07:495 DEBUG 6156 --- [http-nio-8081-exec-3] c.h.i.mapper.ItemMapper.selectBatchIds   : ==> Parameters: 317578(Long)
15:27:07:515 DEBUG 6156 --- [http-nio-8081-exec-3] c.h.i.mapper.ItemMapper.selectBatchIds   : <==      Total: 1
15:27:13:476 DEBUG 6156 --- [http-nio-8081-exec-4] c.h.i.mapper.ItemMapper.selectBatchIds   : ==>  Preparing: SELECT id,name,price,stock,image,category,brand,spec,sold,comment_count,isAD,status,create_time,update_time,creater,updater FROM item WHERE id IN ( ? )
15:27:13:477 DEBUG 6156 --- [http-nio-8081-exec-4] c.h.i.mapper.ItemMapper.selectBatchIds   : ==> Parameters: 317578(Long)
15:27:13:501 DEBUG 6156 --- [http-nio-8081-exec-4] c.h.i.mapper.ItemMapper.selectBatchIds   : <==      Total: 1
15:29:03:617  WARN 6156 --- [Thread-4] c.a.nacos.common.notify.NotifyCenter     : [NotifyCenter] Start destroying Publisher
15:29:03:617  WARN 6156 --- [Thread-7] c.a.n.common.http.HttpClientBeanHolder   : [HttpClientBeanHolder] Start destroying common HttpClient
15:29:03:617  WARN 6156 --- [Thread-4] c.a.nacos.common.notify.NotifyCenter     : [NotifyCenter] Destruction of the end
15:29:03:618  WARN 6156 --- [Thread-7] c.a.n.common.http.HttpClientBeanHolder   : [HttpClientBeanHolder] Destruction of the end
15:29:04:640  INFO 6156 --- [SpringApplicationShutdownHook] c.a.c.n.registry.NacosServiceRegistry    : De-registering from Nacos Server now...
15:29:04:672  INFO 6156 --- [SpringApplicationShutdownHook] c.a.c.n.registry.NacosServiceRegistry    : De-registration finished.
15:29:05:008  INFO 6156 --- [SpringApplicationShutdownHook] com.alibaba.nacos.common.remote.client   : Shutdown rpc client, set status to shutdown
15:29:05:008  INFO 6156 --- [SpringApplicationShutdownHook] com.alibaba.nacos.common.remote.client   : Shutdown client event executor java.util.concurrent.ScheduledThreadPoolExecutor@3f4bf83d[Running, pool size = 2, active threads = 2, queued tasks = 0, completed tasks = 0]
15:29:05:008  INFO 6156 --- [SpringApplicationShutdownHook] com.alibaba.nacos.common.remote.client   : Close current connection 1775805997647_119.251.158.154_47146
15:29:05:015  INFO 6156 --- [SpringApplicationShutdownHook] c.a.n.c.remote.client.grpc.GrpcClient    : Shutdown grpc executor java.util.concurrent.ThreadPoolExecutor@59c3621d[Running, pool size = 4, active threads = 0, queued tasks = 0, completed tasks = 44]
15:29:05:020  INFO 6156 --- [SpringApplicationShutdownHook] com.zaxxer.hikari.HikariDataSource       : HikariPool-1 - Shutdown initiated...
15:29:09:033  INFO 6156 --- [SpringApplicationShutdownHook] com.zaxxer.hikari.HikariDataSource       : HikariPool-1 - Shutdown completed.
15:35:59:310  INFO 36788 --- [main] com.hmall.item.ItemApplication           : Starting ItemApplication using Java 11.0.30 on LuciFer with PID 36788 (D:\microService\hmall\item-service\target\classes started by 烽 in D:\microService\hmall)
15:35:59:313 DEBUG 36788 --- [main] com.hmall.item.ItemApplication           : Running with Spring Boot v2.7.12, Spring v5.3.27
15:35:59:314  INFO 36788 --- [main] com.hmall.item.ItemApplication           : The following 1 profile is active: "local"
15:36:00:472  INFO 36788 --- [main] .s.d.r.c.RepositoryConfigurationDelegate : Multiple Spring Data modules found, entering strict repository configuration mode
15:36:00:475  INFO 36788 --- [main] .s.d.r.c.RepositoryConfigurationDelegate : Bootstrapping Spring Data Redis repositories in DEFAULT mode.
15:36:00:509  INFO 36788 --- [main] .s.d.r.c.RepositoryConfigurationDelegate : Finished Spring Data repository scanning in 15 ms. Found 0 Redis repository interfaces.
15:36:00:784  INFO 36788 --- [main] o.s.cloud.context.scope.GenericScope     : BeanFactory id=705fe555-dfcc-3e14-9182-b5bd642d25cd
15:36:01:316  INFO 36788 --- [main] o.s.b.w.embedded.tomcat.TomcatWebServer  : Tomcat initialized with port(s): 8081 (http)
15:36:01:326  INFO 36788 --- [main] o.apache.catalina.core.StandardService   : Starting service [Tomcat]
15:36:01:326  INFO 36788 --- [main] org.apache.catalina.core.StandardEngine  : Starting Servlet engine: [Apache Tomcat/9.0.75]
15:36:01:550  INFO 36788 --- [main] o.a.c.c.C.[Tomcat].[localhost].[/]       : Initializing Spring embedded WebApplicationContext
15:36:01:551  INFO 36788 --- [main] w.s.c.ServletWebServerApplicationContext : Root WebApplicationContext: initialization completed in 2178 ms
15:36:08:111  INFO 36788 --- [main] pertySourcedRequestMappingHandlerMapping : Mapped URL path [/v2/api-docs] onto method [springfox.documentation.swagger2.web.Swagger2ControllerWebMvc#getDocumentation(String, HttpServletRequest)]
15:36:10:204  INFO 36788 --- [main] com.alibaba.nacos.common.remote.client   : [RpcClientFactory] create a new rpc client of d79973be-0d2b-4b1a-a0be-9b28991307d7
15:36:10:271  INFO 36788 --- [main] org.reflections.Reflections              : Reflections took 43 ms to scan 1 urls, producing 3 keys and 6 values 
15:36:10:308  INFO 36788 --- [main] org.reflections.Reflections              : Reflections took 16 ms to scan 1 urls, producing 4 keys and 9 values 
15:36:10:323  INFO 36788 --- [main] org.reflections.Reflections              : Reflections took 11 ms to scan 1 urls, producing 3 keys and 10 values 
15:36:10:328  WARN 36788 --- [main] org.reflections.Reflections              : given scan urls are empty. set urls in the configuration
15:36:10:338  INFO 36788 --- [main] org.reflections.Reflections              : Reflections took 9 ms to scan 1 urls, producing 1 keys and 5 values 
15:36:10:350  INFO 36788 --- [main] org.reflections.Reflections              : Reflections took 9 ms to scan 1 urls, producing 1 keys and 7 values 
15:36:10:360  INFO 36788 --- [main] org.reflections.Reflections              : Reflections took 6 ms to scan 1 urls, producing 2 keys and 8 values 
15:36:10:363  WARN 36788 --- [main] org.reflections.Reflections              : given scan urls are empty. set urls in the configuration
15:36:10:366  INFO 36788 --- [main] com.alibaba.nacos.common.remote.client   : [d79973be-0d2b-4b1a-a0be-9b28991307d7] RpcClient init label, labels = {module=naming, source=sdk}
15:36:10:368  INFO 36788 --- [main] com.alibaba.nacos.common.remote.client   : [d79973be-0d2b-4b1a-a0be-9b28991307d7] RpcClient init, ServerListFactory = com.alibaba.nacos.client.naming.core.ServerListManager
15:36:10:369  INFO 36788 --- [main] com.alibaba.nacos.common.remote.client   : [d79973be-0d2b-4b1a-a0be-9b28991307d7] Registry connection listener to current client:com.alibaba.nacos.client.naming.remote.gprc.redo.NamingGrpcRedoService
15:36:10:370  INFO 36788 --- [main] com.alibaba.nacos.common.remote.client   : [d79973be-0d2b-4b1a-a0be-9b28991307d7] Register server push request handler:com.alibaba.nacos.client.naming.remote.gprc.NamingPushRequestHandler
15:36:10:372  INFO 36788 --- [main] com.alibaba.nacos.common.remote.client   : [d79973be-0d2b-4b1a-a0be-9b28991307d7] Try to connect to server on start up, server: {serverIp = '47.93.37.97', server main port = 8848}
15:36:14:957  INFO 36788 --- [main] com.alibaba.nacos.common.remote.client   : [d79973be-0d2b-4b1a-a0be-9b28991307d7] Success to connect to server [47.93.37.97:8848] on start up, connectionId = 1775806580697_119.251.158.154_47695
15:36:14:958  INFO 36788 --- [com.alibaba.nacos.client.remote.worker] com.alibaba.nacos.common.remote.client   : [d79973be-0d2b-4b1a-a0be-9b28991307d7] Notify connected event to listeners.
15:36:14:959  INFO 36788 --- [main] com.alibaba.nacos.common.remote.client   : [d79973be-0d2b-4b1a-a0be-9b28991307d7] Register server push request handler:com.alibaba.nacos.common.remote.client.RpcClient$ConnectResetRequestHandler
15:36:14:959  INFO 36788 --- [main] com.alibaba.nacos.common.remote.client   : [d79973be-0d2b-4b1a-a0be-9b28991307d7] Register server push request handler:com.alibaba.nacos.common.remote.client.RpcClient$$Lambda$1062/0x0000000840693c40
15:36:15:056  INFO 36788 --- [main] o.s.b.w.embedded.tomcat.TomcatWebServer  : Tomcat started on port(s): 8081 (http) with context path ''
15:36:15:086  INFO 36788 --- [main] c.a.c.n.registry.NacosServiceRegistry    : nacos registry, DEFAULT_GROUP item-service 192.168.217.1:8081 register finished
15:36:15:565  INFO 36788 --- [nacos-grpc-client-executor-9] com.alibaba.nacos.common.remote.client   : [d79973be-0d2b-4b1a-a0be-9b28991307d7] Receive server push request, request = NotifySubscriberRequest, requestId = 286
15:36:15:570  INFO 36788 --- [nacos-grpc-client-executor-9] com.alibaba.nacos.common.remote.client   : [d79973be-0d2b-4b1a-a0be-9b28991307d7] Ack server push request, request = NotifySubscriberRequest, requestId = 286
15:36:17:418  INFO 36788 --- [main] o.s.cloud.commons.util.InetUtils         : Cannot determine local hostname
15:36:17:419  INFO 36788 --- [main] d.s.w.p.DocumentationPluginsBootstrapper : Documentation plugins bootstrapped
15:36:17:422  INFO 36788 --- [main] d.s.w.p.DocumentationPluginsBootstrapper : Found 1 custom documentation plugin(s)
15:36:17:444  INFO 36788 --- [main] s.d.s.w.s.ApiListingReferenceScanner     : Scanning for api listing references
15:36:17:561  INFO 36788 --- [main] com.hmall.item.ItemApplication           : Started ItemApplication in 21.57 seconds (JVM running for 23.661)
15:36:39:637  INFO 36788 --- [http-nio-8081-exec-1] o.a.c.c.C.[Tomcat].[localhost].[/]       : Initializing Spring DispatcherServlet 'dispatcherServlet'
15:36:39:637  INFO 36788 --- [http-nio-8081-exec-1] o.s.web.servlet.DispatcherServlet        : Initializing Servlet 'dispatcherServlet'
15:36:39:640  INFO 36788 --- [http-nio-8081-exec-1] o.s.web.servlet.DispatcherServlet        : Completed initialization in 3 ms
15:36:39:732  WARN 36788 --- [http-nio-8081-exec-1] com.zaxxer.hikari.HikariConfig           : HikariPool-1 - idleTimeout is close to or more than maxLifetime, disabling it.
15:36:39:732  INFO 36788 --- [http-nio-8081-exec-1] com.zaxxer.hikari.HikariDataSource       : HikariPool-1 - Starting...
15:36:40:365  INFO 36788 --- [http-nio-8081-exec-1] com.zaxxer.hikari.HikariDataSource       : HikariPool-1 - Start completed.
15:36:40:372 DEBUG 36788 --- [http-nio-8081-exec-1] c.h.i.mapper.ItemMapper.selectBatchIds   : ==>  Preparing: SELECT id,name,price,stock,image,category,brand,spec,sold,comment_count,isAD,status,create_time,update_time,creater,updater FROM item WHERE id IN ( ? )
15:36:40:390 DEBUG 36788 --- [http-nio-8081-exec-1] c.h.i.mapper.ItemMapper.selectBatchIds   : ==> Parameters: 317578(Long)
15:36:40:437 DEBUG 36788 --- [http-nio-8081-exec-1] c.h.i.mapper.ItemMapper.selectBatchIds   : <==      Total: 1
15:36:42:626 DEBUG 36788 --- [http-nio-8081-exec-2] c.h.i.mapper.ItemMapper.selectBatchIds   : ==>  Preparing: SELECT id,name,price,stock,image,category,brand,spec,sold,comment_count,isAD,status,create_time,update_time,creater,updater FROM item WHERE id IN ( ? )
15:36:42:626 DEBUG 36788 --- [http-nio-8081-exec-2] c.h.i.mapper.ItemMapper.selectBatchIds   : ==> Parameters: 317578(Long)
15:36:42:652 DEBUG 36788 --- [http-nio-8081-exec-2] c.h.i.mapper.ItemMapper.selectBatchIds   : <==      Total: 1
15:36:45:083 DEBUG 36788 --- [http-nio-8081-exec-3] c.h.i.mapper.ItemMapper.selectBatchIds   : ==>  Preparing: SELECT id,name,price,stock,image,category,brand,spec,sold,comment_count,isAD,status,create_time,update_time,creater,updater FROM item WHERE id IN ( ? )
15:36:45:083 DEBUG 36788 --- [http-nio-8081-exec-3] c.h.i.mapper.ItemMapper.selectBatchIds   : ==> Parameters: 317578(Long)
15:36:45:112 DEBUG 36788 --- [http-nio-8081-exec-3] c.h.i.mapper.ItemMapper.selectBatchIds   : <==      Total: 1
15:36:47:849 DEBUG 36788 --- [http-nio-8081-exec-4] c.h.i.m.ItemMapper.selectPage_mpCount    : ==>  Preparing: SELECT COUNT(*) FROM item WHERE (status = ?)
15:36:47:850 DEBUG 36788 --- [http-nio-8081-exec-4] c.h.i.m.ItemMapper.selectPage_mpCount    : ==> Parameters: 1(Integer)
15:36:47:908 DEBUG 36788 --- [http-nio-8081-exec-4] c.h.i.m.ItemMapper.selectPage_mpCount    : <==      Total: 1
15:36:47:918 DEBUG 36788 --- [http-nio-8081-exec-4] c.h.item.mapper.ItemMapper.selectPage    : ==>  Preparing: SELECT id, name, price, stock, image, category, brand, spec, sold, comment_count, isAD, status, create_time, update_time, creater, updater FROM item WHERE (status = ?) ORDER BY update_time DESC LIMIT ?
15:36:47:918 DEBUG 36788 --- [http-nio-8081-exec-4] c.h.item.mapper.ItemMapper.selectPage    : ==> Parameters: 1(Integer), 20(Long)
15:36:47:960 DEBUG 36788 --- [http-nio-8081-exec-4] c.h.item.mapper.ItemMapper.selectPage    : <==      Total: 20
15:36:49:669 DEBUG 36788 --- [http-nio-8081-exec-10] c.h.i.mapper.ItemMapper.selectBatchIds   : ==>  Preparing: SELECT id,name,price,stock,image,category,brand,spec,sold,comment_count,isAD,status,create_time,update_time,creater,updater FROM item WHERE id IN ( ? , ? )
15:36:49:670 DEBUG 36788 --- [http-nio-8081-exec-10] c.h.i.mapper.ItemMapper.selectBatchIds   : ==> Parameters: 2120808(Long), 317578(Long)
15:36:49:697 DEBUG 36788 --- [http-nio-8081-exec-10] c.h.i.mapper.ItemMapper.selectBatchIds   : <==      Total: 2
15:37:00:157 DEBUG 36788 --- [http-nio-8081-exec-8] c.h.i.mapper.ItemMapper.selectBatchIds   : ==>  Preparing: SELECT id,name,price,stock,image,category,brand,spec,sold,comment_count,isAD,status,create_time,update_time,creater,updater FROM item WHERE id IN ( ? )
15:37:00:159 DEBUG 36788 --- [http-nio-8081-exec-8] c.h.i.mapper.ItemMapper.selectBatchIds   : ==> Parameters: 317578(Long)
15:37:00:189 DEBUG 36788 --- [http-nio-8081-exec-8] c.h.i.mapper.ItemMapper.selectBatchIds   : <==      Total: 1
15:37:02:915 DEBUG 36788 --- [http-nio-8081-exec-5] c.h.i.mapper.ItemMapper.selectBatchIds   : ==>  Preparing: SELECT id,name,price,stock,image,category,brand,spec,sold,comment_count,isAD,status,create_time,update_time,creater,updater FROM item WHERE id IN ( ? )
15:37:02:916 DEBUG 36788 --- [http-nio-8081-exec-5] c.h.i.mapper.ItemMapper.selectBatchIds   : ==> Parameters: 317578(Long)
15:37:02:950 DEBUG 36788 --- [http-nio-8081-exec-5] c.h.i.mapper.ItemMapper.selectBatchIds   : <==      Total: 1
15:37:03:888 DEBUG 36788 --- [http-nio-8081-exec-6] c.h.i.m.ItemMapper.selectPage_mpCount    : ==>  Preparing: SELECT COUNT(*) FROM item WHERE (status = ?)
15:37:03:889 DEBUG 36788 --- [http-nio-8081-exec-6] c.h.i.m.ItemMapper.selectPage_mpCount    : ==> Parameters: 1(Integer)
15:37:03:939 DEBUG 36788 --- [http-nio-8081-exec-6] c.h.i.m.ItemMapper.selectPage_mpCount    : <==      Total: 1
15:37:03:941 DEBUG 36788 --- [http-nio-8081-exec-6] c.h.item.mapper.ItemMapper.selectPage    : ==>  Preparing: SELECT id, name, price, stock, image, category, brand, spec, sold, comment_count, isAD, status, create_time, update_time, creater, updater FROM item WHERE (status = ?) ORDER BY update_time DESC LIMIT ?
15:37:03:941 DEBUG 36788 --- [http-nio-8081-exec-6] c.h.item.mapper.ItemMapper.selectPage    : ==> Parameters: 1(Integer), 20(Long)
15:37:03:989 DEBUG 36788 --- [http-nio-8081-exec-6] c.h.item.mapper.ItemMapper.selectPage    : <==      Total: 20
15:37:08:652 DEBUG 36788 --- [http-nio-8081-exec-9] c.h.i.mapper.ItemMapper.selectBatchIds   : ==>  Preparing: SELECT id,name,price,stock,image,category,brand,spec,sold,comment_count,isAD,status,create_time,update_time,creater,updater FROM item WHERE id IN ( ? , ? )
15:37:08:653 DEBUG 36788 --- [http-nio-8081-exec-9] c.h.i.mapper.ItemMapper.selectBatchIds   : ==> Parameters: 100001511821(Long), 317578(Long)
15:37:08:684 DEBUG 36788 --- [http-nio-8081-exec-9] c.h.i.mapper.ItemMapper.selectBatchIds   : <==      Total: 2
15:37:13:318 DEBUG 36788 --- [http-nio-8081-exec-7] c.h.i.mapper.ItemMapper.selectBatchIds   : ==>  Preparing: SELECT id,name,price,stock,image,category,brand,spec,sold,comment_count,isAD,status,create_time,update_time,creater,updater FROM item WHERE id IN ( ? , ? )
15:37:13:319 DEBUG 36788 --- [http-nio-8081-exec-7] c.h.i.mapper.ItemMapper.selectBatchIds   : ==> Parameters: 100001511821(Long), 317578(Long)
15:37:13:348 DEBUG 36788 --- [http-nio-8081-exec-7] c.h.i.mapper.ItemMapper.selectBatchIds   : <==      Total: 2
15:37:13:693  WARN 36788 --- [http-nio-8081-exec-1] c.h.item.service.Impl.ItemServiceImpl    : SqlSession [org.apache.ibatis.session.defaults.DefaultSqlSession@7bab0af6] Transaction not enabled
15:37:13:693 DEBUG 36788 --- [http-nio-8081-exec-1] c.h.item.mapper.ItemMapper.updateStock   : ==>  Preparing: UPDATE item SET stock = stock - ? WHERE id = ? AND stock >= ?
15:37:13:693 DEBUG 36788 --- [http-nio-8081-exec-1] c.h.item.mapper.ItemMapper.updateStock   : ==> Parameters: 2(Integer), 317578(Long), 2(Integer)
15:37:13:693 DEBUG 36788 --- [http-nio-8081-exec-1] c.h.item.mapper.ItemMapper.updateStock   : ==> Parameters: 1(Integer), 100001511821(Long), 1(Integer)
15:37:17:242 DEBUG 36788 --- [http-nio-8081-exec-2] c.h.i.m.ItemMapper.selectPage_mpCount    : ==>  Preparing: SELECT COUNT(*) FROM item WHERE (status = ?)
15:37:17:243 DEBUG 36788 --- [http-nio-8081-exec-2] c.h.i.m.ItemMapper.selectPage_mpCount    : ==> Parameters: 1(Integer)
15:37:17:291 DEBUG 36788 --- [http-nio-8081-exec-2] c.h.i.m.ItemMapper.selectPage_mpCount    : <==      Total: 1
15:37:17:293 DEBUG 36788 --- [http-nio-8081-exec-2] c.h.item.mapper.ItemMapper.selectPage    : ==>  Preparing: SELECT id, name, price, stock, image, category, brand, spec, sold, comment_count, isAD, status, create_time, update_time, creater, updater FROM item WHERE (status = ?) ORDER BY update_time DESC LIMIT ?
15:37:17:295 DEBUG 36788 --- [http-nio-8081-exec-2] c.h.item.mapper.ItemMapper.selectPage    : ==> Parameters: 1(Integer), 20(Long)
15:37:17:322 DEBUG 36788 --- [http-nio-8081-exec-2] c.h.item.mapper.ItemMapper.selectPage    : <==      Total: 20
15:37:20:191 DEBUG 36788 --- [http-nio-8081-exec-3] c.h.i.m.ItemMapper.selectPage_mpCount    : ==>  Preparing: SELECT COUNT(*) FROM item WHERE (status = ?)
15:37:20:191 DEBUG 36788 --- [http-nio-8081-exec-3] c.h.i.m.ItemMapper.selectPage_mpCount    : ==> Parameters: 1(Integer)
15:37:20:238 DEBUG 36788 --- [http-nio-8081-exec-3] c.h.i.m.ItemMapper.selectPage_mpCount    : <==      Total: 1
15:37:20:241 DEBUG 36788 --- [http-nio-8081-exec-3] c.h.item.mapper.ItemMapper.selectPage    : ==>  Preparing: SELECT id, name, price, stock, image, category, brand, spec, sold, comment_count, isAD, status, create_time, update_time, creater, updater FROM item WHERE (status = ?) ORDER BY update_time DESC LIMIT ?
15:37:20:241 DEBUG 36788 --- [http-nio-8081-exec-3] c.h.item.mapper.ItemMapper.selectPage    : ==> Parameters: 1(Integer), 20(Long)
15:37:20:271 DEBUG 36788 --- [http-nio-8081-exec-3] c.h.item.mapper.ItemMapper.selectPage    : <==      Total: 20
15:37:23:663 DEBUG 36788 --- [http-nio-8081-exec-4] c.h.i.mapper.ItemMapper.selectBatchIds   : ==>  Preparing: SELECT id,name,price,stock,image,category,brand,spec,sold,comment_count,isAD,status,create_time,update_time,creater,updater FROM item WHERE id IN ( ? )
15:37:23:664 DEBUG 36788 --- [http-nio-8081-exec-4] c.h.i.mapper.ItemMapper.selectBatchIds   : ==> Parameters: 14741770661(Long)
15:37:23:694 DEBUG 36788 --- [http-nio-8081-exec-4] c.h.i.mapper.ItemMapper.selectBatchIds   : <==      Total: 1
15:37:26:330 DEBUG 36788 --- [http-nio-8081-exec-10] c.h.i.mapper.ItemMapper.selectBatchIds   : ==>  Preparing: SELECT id,name,price,stock,image,category,brand,spec,sold,comment_count,isAD,status,create_time,update_time,creater,updater FROM item WHERE id IN ( ? )
15:37:26:331 DEBUG 36788 --- [http-nio-8081-exec-10] c.h.i.mapper.ItemMapper.selectBatchIds   : ==> Parameters: 14741770661(Long)
15:37:26:369 DEBUG 36788 --- [http-nio-8081-exec-10] c.h.i.mapper.ItemMapper.selectBatchIds   : <==      Total: 1
15:37:26:562  WARN 36788 --- [http-nio-8081-exec-8] c.h.item.service.Impl.ItemServiceImpl    : SqlSession [org.apache.ibatis.session.defaults.DefaultSqlSession@207a6264] Transaction not enabled
15:37:26:562 DEBUG 36788 --- [http-nio-8081-exec-8] c.h.item.mapper.ItemMapper.updateStock   : ==>  Preparing: UPDATE item SET stock = stock - ? WHERE id = ? AND stock >= ?
15:37:26:563 DEBUG 36788 --- [http-nio-8081-exec-8] c.h.item.mapper.ItemMapper.updateStock   : ==> Parameters: 1(Integer), 14741770661(Long), 1(Integer)
15:37:29:264 DEBUG 36788 --- [http-nio-8081-exec-5] c.h.i.m.ItemMapper.selectPage_mpCount    : ==>  Preparing: SELECT COUNT(*) FROM item WHERE (status = ?)
15:37:29:265 DEBUG 36788 --- [http-nio-8081-exec-5] c.h.i.m.ItemMapper.selectPage_mpCount    : ==> Parameters: 1(Integer)
15:37:29:323 DEBUG 36788 --- [http-nio-8081-exec-5] c.h.i.m.ItemMapper.selectPage_mpCount    : <==      Total: 1
15:37:29:325 DEBUG 36788 --- [http-nio-8081-exec-5] c.h.item.mapper.ItemMapper.selectPage    : ==>  Preparing: SELECT id, name, price, stock, image, category, brand, spec, sold, comment_count, isAD, status, create_time, update_time, creater, updater FROM item WHERE (status = ?) ORDER BY update_time DESC LIMIT ?
15:37:29:325 DEBUG 36788 --- [http-nio-8081-exec-5] c.h.item.mapper.ItemMapper.selectPage    : ==> Parameters: 1(Integer), 20(Long)
15:37:29:358 DEBUG 36788 --- [http-nio-8081-exec-5] c.h.item.mapper.ItemMapper.selectPage    : <==      Total: 20
15:37:35:066  WARN 36788 --- [Thread-4] c.a.nacos.common.notify.NotifyCenter     : [NotifyCenter] Start destroying Publisher
15:37:35:067  WARN 36788 --- [Thread-4] c.a.nacos.common.notify.NotifyCenter     : [NotifyCenter] Destruction of the end
15:37:35:067  WARN 36788 --- [Thread-7] c.a.n.common.http.HttpClientBeanHolder   : [HttpClientBeanHolder] Start destroying common HttpClient
15:37:35:068  WARN 36788 --- [Thread-7] c.a.n.common.http.HttpClientBeanHolder   : [HttpClientBeanHolder] Destruction of the end
15:37:36:007  INFO 36788 --- [SpringApplicationShutdownHook] c.a.c.n.registry.NacosServiceRegistry    : De-registering from Nacos Server now...
15:37:36:039  INFO 36788 --- [SpringApplicationShutdownHook] c.a.c.n.registry.NacosServiceRegistry    : De-registration finished.
15:37:36:373  INFO 36788 --- [SpringApplicationShutdownHook] com.alibaba.nacos.common.remote.client   : Shutdown rpc client, set status to shutdown
15:37:36:373  INFO 36788 --- [SpringApplicationShutdownHook] com.alibaba.nacos.common.remote.client   : Shutdown client event executor java.util.concurrent.ScheduledThreadPoolExecutor@367d41e6[Running, pool size = 2, active threads = 2, queued tasks = 0, completed tasks = 0]
15:37:36:373  INFO 36788 --- [SpringApplicationShutdownHook] com.alibaba.nacos.common.remote.client   : Close current connection 1775806580697_119.251.158.154_47695
15:37:36:378  INFO 36788 --- [SpringApplicationShutdownHook] c.a.n.c.remote.client.grpc.GrpcClient    : Shutdown grpc executor java.util.concurrent.ThreadPoolExecutor@5692d36c[Running, pool size = 4, active threads = 0, queued tasks = 0, completed tasks = 29]
15:37:36:382  INFO 36788 --- [SpringApplicationShutdownHook] com.zaxxer.hikari.HikariDataSource       : HikariPool-1 - Shutdown initiated...
15:37:36:431  INFO 36788 --- [SpringApplicationShutdownHook] com.zaxxer.hikari.HikariDataSource       : HikariPool-1 - Shutdown completed.
17:52:26:259  INFO 38400 --- [main] com.hmall.item.ItemApplication           : Starting ItemApplication using Java 11.0.30 on LuciFer with PID 38400 (D:\microService\hmall\item-service\target\classes started by 烽 in D:\microService\hmall)
17:52:26:262 DEBUG 38400 --- [main] com.hmall.item.ItemApplication           : Running with Spring Boot v2.7.12, Spring v5.3.27
17:52:26:262  INFO 38400 --- [main] com.hmall.item.ItemApplication           : The following 1 profile is active: "local"
17:52:27:162  INFO 38400 --- [main] .s.d.r.c.RepositoryConfigurationDelegate : Multiple Spring Data modules found, entering strict repository configuration mode
17:52:27:163  INFO 38400 --- [main] .s.d.r.c.RepositoryConfigurationDelegate : Bootstrapping Spring Data Redis repositories in DEFAULT mode.
17:52:27:190  INFO 38400 --- [main] .s.d.r.c.RepositoryConfigurationDelegate : Finished Spring Data repository scanning in 12 ms. Found 0 Redis repository interfaces.
17:52:27:401  INFO 38400 --- [main] o.s.cloud.context.scope.GenericScope     : BeanFactory id=705fe555-dfcc-3e14-9182-b5bd642d25cd
17:52:27:923  INFO 38400 --- [main] o.s.b.w.embedded.tomcat.TomcatWebServer  : Tomcat initialized with port(s): 8081 (http)
17:52:27:935  INFO 38400 --- [main] o.apache.catalina.core.StandardService   : Starting service [Tomcat]
17:52:27:936  INFO 38400 --- [main] org.apache.catalina.core.StandardEngine  : Starting Servlet engine: [Apache Tomcat/9.0.75]
17:52:28:174  INFO 38400 --- [main] o.a.c.c.C.[Tomcat].[localhost].[/]       : Initializing Spring embedded WebApplicationContext
17:52:28:175  INFO 38400 --- [main] w.s.c.ServletWebServerApplicationContext : Root WebApplicationContext: initialization completed in 1856 ms
17:52:33:693  INFO 38400 --- [main] pertySourcedRequestMappingHandlerMapping : Mapped URL path [/v2/api-docs] onto method [springfox.documentation.swagger2.web.Swagger2ControllerWebMvc#getDocumentation(String, HttpServletRequest)]
17:52:35:319  INFO 38400 --- [main] com.alibaba.nacos.common.remote.client   : [RpcClientFactory] create a new rpc client of d9eff9d3-e500-47b8-9c27-43a47a58918a
17:52:35:355  INFO 38400 --- [main] org.reflections.Reflections              : Reflections took 20 ms to scan 1 urls, producing 3 keys and 6 values 
17:52:35:388  INFO 38400 --- [main] org.reflections.Reflections              : Reflections took 20 ms to scan 1 urls, producing 4 keys and 9 values 
17:52:35:397  INFO 38400 --- [main] org.reflections.Reflections              : Reflections took 6 ms to scan 1 urls, producing 3 keys and 10 values 
17:52:35:400  WARN 38400 --- [main] org.reflections.Reflections              : given scan urls are empty. set urls in the configuration
17:52:35:407  INFO 38400 --- [main] org.reflections.Reflections              : Reflections took 6 ms to scan 1 urls, producing 1 keys and 5 values 
17:52:35:416  INFO 38400 --- [main] org.reflections.Reflections              : Reflections took 7 ms to scan 1 urls, producing 1 keys and 7 values 
17:52:35:425  INFO 38400 --- [main] org.reflections.Reflections              : Reflections took 6 ms to scan 1 urls, producing 2 keys and 8 values 
17:52:35:427  WARN 38400 --- [main] org.reflections.Reflections              : given scan urls are empty. set urls in the configuration
17:52:35:428  INFO 38400 --- [main] com.alibaba.nacos.common.remote.client   : [d9eff9d3-e500-47b8-9c27-43a47a58918a] RpcClient init label, labels = {module=naming, source=sdk}
17:52:35:428  INFO 38400 --- [main] com.alibaba.nacos.common.remote.client   : [d9eff9d3-e500-47b8-9c27-43a47a58918a] RpcClient init, ServerListFactory = com.alibaba.nacos.client.naming.core.ServerListManager
17:52:35:430  INFO 38400 --- [main] com.alibaba.nacos.common.remote.client   : [d9eff9d3-e500-47b8-9c27-43a47a58918a] Registry connection listener to current client:com.alibaba.nacos.client.naming.remote.gprc.redo.NamingGrpcRedoService
17:52:35:430  INFO 38400 --- [main] com.alibaba.nacos.common.remote.client   : [d9eff9d3-e500-47b8-9c27-43a47a58918a] Register server push request handler:com.alibaba.nacos.client.naming.remote.gprc.NamingPushRequestHandler
17:52:35:432  INFO 38400 --- [main] com.alibaba.nacos.common.remote.client   : [d9eff9d3-e500-47b8-9c27-43a47a58918a] Try to connect to server on start up, server: {serverIp = '47.93.37.97', server main port = 8848}
17:52:38:956  INFO 38400 --- [main] com.alibaba.nacos.common.remote.client   : [d9eff9d3-e500-47b8-9c27-43a47a58918a] Success to connect to server [47.93.37.97:8848] on start up, connectionId = 1775814764479_119.251.158.154_47635
17:52:38:956  INFO 38400 --- [com.alibaba.nacos.client.remote.worker] com.alibaba.nacos.common.remote.client   : [d9eff9d3-e500-47b8-9c27-43a47a58918a] Notify connected event to listeners.
17:52:38:957  INFO 38400 --- [main] com.alibaba.nacos.common.remote.client   : [d9eff9d3-e500-47b8-9c27-43a47a58918a] Register server push request handler:com.alibaba.nacos.common.remote.client.RpcClient$ConnectResetRequestHandler
17:52:38:957  INFO 38400 --- [main] com.alibaba.nacos.common.remote.client   : [d9eff9d3-e500-47b8-9c27-43a47a58918a] Register server push request handler:com.alibaba.nacos.common.remote.client.RpcClient$$Lambda$1062/0x000000084069b840
17:52:39:030  INFO 38400 --- [main] o.s.b.w.embedded.tomcat.TomcatWebServer  : Tomcat started on port(s): 8081 (http) with context path ''
17:52:39:059  INFO 38400 --- [main] c.a.c.n.registry.NacosServiceRegistry    : nacos registry, DEFAULT_GROUP item-service 192.168.217.1:8081 register finished
17:52:39:600  INFO 38400 --- [nacos-grpc-client-executor-9] com.alibaba.nacos.common.remote.client   : [d9eff9d3-e500-47b8-9c27-43a47a58918a] Receive server push request, request = NotifySubscriberRequest, requestId = 300
17:52:39:610  INFO 38400 --- [nacos-grpc-client-executor-9] com.alibaba.nacos.common.remote.client   : [d9eff9d3-e500-47b8-9c27-43a47a58918a] Ack server push request, request = NotifySubscriberRequest, requestId = 300
17:52:41:288  INFO 38400 --- [main] o.s.cloud.commons.util.InetUtils         : Cannot determine local hostname
17:52:41:288  INFO 38400 --- [main] d.s.w.p.DocumentationPluginsBootstrapper : Documentation plugins bootstrapped
17:52:41:290  INFO 38400 --- [main] d.s.w.p.DocumentationPluginsBootstrapper : Found 1 custom documentation plugin(s)
17:52:41:312  INFO 38400 --- [main] s.d.s.w.s.ApiListingReferenceScanner     : Scanning for api listing references
17:52:41:429  INFO 38400 --- [main] com.hmall.item.ItemApplication           : Started ItemApplication in 18.685 seconds (JVM running for 20.958)
17:53:19:470  INFO 38400 --- [http-nio-8081-exec-1] o.a.c.c.C.[Tomcat].[localhost].[/]       : Initializing Spring DispatcherServlet 'dispatcherServlet'
17:53:19:471  INFO 38400 --- [http-nio-8081-exec-1] o.s.web.servlet.DispatcherServlet        : Initializing Servlet 'dispatcherServlet'
17:53:19:474  INFO 38400 --- [http-nio-8081-exec-1] o.s.web.servlet.DispatcherServlet        : Completed initialization in 3 ms
17:53:19:571  WARN 38400 --- [http-nio-8081-exec-1] com.zaxxer.hikari.HikariConfig           : HikariPool-1 - idleTimeout is close to or more than maxLifetime, disabling it.
17:53:19:573  INFO 38400 --- [http-nio-8081-exec-1] com.zaxxer.hikari.HikariDataSource       : HikariPool-1 - Starting...
17:53:20:202  INFO 38400 --- [http-nio-8081-exec-1] com.zaxxer.hikari.HikariDataSource       : HikariPool-1 - Start completed.
17:53:20:212 DEBUG 38400 --- [http-nio-8081-exec-1] c.h.i.mapper.ItemMapper.selectBatchIds   : ==>  Preparing: SELECT id,name,price,stock,image,category,brand,spec,sold,comment_count,isAD,status,create_time,update_time,creater,updater FROM item WHERE id IN ( ? )
17:53:20:233 DEBUG 38400 --- [http-nio-8081-exec-1] c.h.i.mapper.ItemMapper.selectBatchIds   : ==> Parameters: 2120808(Long)
17:53:20:284 DEBUG 38400 --- [http-nio-8081-exec-1] c.h.i.mapper.ItemMapper.selectBatchIds   : <==      Total: 1
17:53:20:503 DEBUG 38400 --- [http-nio-8081-exec-2] c.h.i.mapper.ItemMapper.selectBatchIds   : ==>  Preparing: SELECT id,name,price,stock,image,category,brand,spec,sold,comment_count,isAD,status,create_time,update_time,creater,updater FROM item WHERE id IN ( ? )
17:53:20:503 DEBUG 38400 --- [http-nio-8081-exec-2] c.h.i.mapper.ItemMapper.selectBatchIds   : ==> Parameters: 2120808(Long)
17:53:20:530 DEBUG 38400 --- [http-nio-8081-exec-2] c.h.i.mapper.ItemMapper.selectBatchIds   : <==      Total: 1
17:53:25:299 DEBUG 38400 --- [http-nio-8081-exec-3] c.h.i.mapper.ItemMapper.selectBatchIds   : ==>  Preparing: SELECT id,name,price,stock,image,category,brand,spec,sold,comment_count,isAD,status,create_time,update_time,creater,updater FROM item WHERE id IN ( ? )
17:53:25:299 DEBUG 38400 --- [http-nio-8081-exec-3] c.h.i.mapper.ItemMapper.selectBatchIds   : ==> Parameters: 2120808(Long)
17:53:25:327 DEBUG 38400 --- [http-nio-8081-exec-3] c.h.i.mapper.ItemMapper.selectBatchIds   : <==      Total: 1
17:53:26:143 DEBUG 38400 --- [http-nio-8081-exec-4] c.h.i.mapper.ItemMapper.selectBatchIds   : ==>  Preparing: SELECT id,name,price,stock,image,category,brand,spec,sold,comment_count,isAD,status,create_time,update_time,creater,updater FROM item WHERE id IN ( ? )
17:53:26:144 DEBUG 38400 --- [http-nio-8081-exec-4] c.h.i.mapper.ItemMapper.selectBatchIds   : ==> Parameters: 2120808(Long)
17:53:26:170 DEBUG 38400 --- [http-nio-8081-exec-4] c.h.i.mapper.ItemMapper.selectBatchIds   : <==      Total: 1
17:53:29:121 DEBUG 38400 --- [http-nio-8081-exec-5] c.h.i.m.ItemMapper.selectPage_mpCount    : ==>  Preparing: SELECT COUNT(*) FROM item WHERE (status = ?)
17:53:29:121 DEBUG 38400 --- [http-nio-8081-exec-5] c.h.i.m.ItemMapper.selectPage_mpCount    : ==> Parameters: 1(Integer)
17:53:29:168 DEBUG 38400 --- [http-nio-8081-exec-5] c.h.i.m.ItemMapper.selectPage_mpCount    : <==      Total: 1
17:53:29:180 DEBUG 38400 --- [http-nio-8081-exec-5] c.h.item.mapper.ItemMapper.selectPage    : ==>  Preparing: SELECT id, name, price, stock, image, category, brand, spec, sold, comment_count, isAD, status, create_time, update_time, creater, updater FROM item WHERE (status = ?) ORDER BY update_time DESC LIMIT ?
17:53:29:180 DEBUG 38400 --- [http-nio-8081-exec-5] c.h.item.mapper.ItemMapper.selectPage    : ==> Parameters: 1(Integer), 20(Long)
17:53:29:215 DEBUG 38400 --- [http-nio-8081-exec-5] c.h.item.mapper.ItemMapper.selectPage    : <==      Total: 20
17:53:32:438 DEBUG 38400 --- [http-nio-8081-exec-6] c.h.i.mapper.ItemMapper.selectBatchIds   : ==>  Preparing: SELECT id,name,price,stock,image,category,brand,spec,sold,comment_count,isAD,status,create_time,update_time,creater,updater FROM item WHERE id IN ( ? )
17:53:32:439 DEBUG 38400 --- [http-nio-8081-exec-6] c.h.i.mapper.ItemMapper.selectBatchIds   : ==> Parameters: 100001905417(Long)
17:53:32:465 DEBUG 38400 --- [http-nio-8081-exec-6] c.h.i.mapper.ItemMapper.selectBatchIds   : <==      Total: 1
17:53:35:395 DEBUG 38400 --- [http-nio-8081-exec-7] c.h.i.mapper.ItemMapper.selectBatchIds   : ==>  Preparing: SELECT id,name,price,stock,image,category,brand,spec,sold,comment_count,isAD,status,create_time,update_time,creater,updater FROM item WHERE id IN ( ? )
17:53:35:396 DEBUG 38400 --- [http-nio-8081-exec-7] c.h.i.mapper.ItemMapper.selectBatchIds   : ==> Parameters: 100001905417(Long)
17:53:35:422 DEBUG 38400 --- [http-nio-8081-exec-7] c.h.i.mapper.ItemMapper.selectBatchIds   : <==      Total: 1
17:53:35:765  WARN 38400 --- [http-nio-8081-exec-8] c.h.item.service.Impl.ItemServiceImpl    : SqlSession [org.apache.ibatis.session.defaults.DefaultSqlSession@57ab9e71] Transaction not enabled
17:53:35:766 DEBUG 38400 --- [http-nio-8081-exec-8] c.h.item.mapper.ItemMapper.updateStock   : ==>  Preparing: UPDATE item SET stock = stock - ? WHERE id = ? AND stock >= ?
17:53:35:766 DEBUG 38400 --- [http-nio-8081-exec-8] c.h.item.mapper.ItemMapper.updateStock   : ==> Parameters: 1(Integer), 100001905417(Long), 1(Integer)
17:53:38:760 DEBUG 38400 --- [http-nio-8081-exec-9] c.h.i.m.ItemMapper.selectPage_mpCount    : ==>  Preparing: SELECT COUNT(*) FROM item WHERE (status = ?)
17:53:38:760 DEBUG 38400 --- [http-nio-8081-exec-9] c.h.i.m.ItemMapper.selectPage_mpCount    : ==> Parameters: 1(Integer)
17:53:38:833 DEBUG 38400 --- [http-nio-8081-exec-9] c.h.i.m.ItemMapper.selectPage_mpCount    : <==      Total: 1
17:53:38:836 DEBUG 38400 --- [http-nio-8081-exec-9] c.h.item.mapper.ItemMapper.selectPage    : ==>  Preparing: SELECT id, name, price, stock, image, category, brand, spec, sold, comment_count, isAD, status, create_time, update_time, creater, updater FROM item WHERE (status = ?) ORDER BY update_time DESC LIMIT ?
17:53:38:836 DEBUG 38400 --- [http-nio-8081-exec-9] c.h.item.mapper.ItemMapper.selectPage    : ==> Parameters: 1(Integer), 20(Long)
17:53:38:866 DEBUG 38400 --- [http-nio-8081-exec-9] c.h.item.mapper.ItemMapper.selectPage    : <==      Total: 20
17:53:47:369  WARN 38400 --- [Thread-7] c.a.n.common.http.HttpClientBeanHolder   : [HttpClientBeanHolder] Start destroying common HttpClient
17:53:47:369  WARN 38400 --- [Thread-4] c.a.nacos.common.notify.NotifyCenter     : [NotifyCenter] Start destroying Publisher
17:53:47:369  WARN 38400 --- [Thread-4] c.a.nacos.common.notify.NotifyCenter     : [NotifyCenter] Destruction of the end
17:53:47:369  WARN 38400 --- [Thread-7] c.a.n.common.http.HttpClientBeanHolder   : [HttpClientBeanHolder] Destruction of the end
17:53:48:654  INFO 38400 --- [SpringApplicationShutdownHook] c.a.c.n.registry.NacosServiceRegistry    : De-registering from Nacos Server now...
17:53:48:680  INFO 38400 --- [SpringApplicationShutdownHook] c.a.c.n.registry.NacosServiceRegistry    : De-registration finished.
17:53:49:016  INFO 38400 --- [SpringApplicationShutdownHook] com.alibaba.nacos.common.remote.client   : Shutdown rpc client, set status to shutdown
17:53:49:018  INFO 38400 --- [SpringApplicationShutdownHook] com.alibaba.nacos.common.remote.client   : Shutdown client event executor java.util.concurrent.ScheduledThreadPoolExecutor@52f071da[Running, pool size = 2, active threads = 2, queued tasks = 0, completed tasks = 0]
17:53:49:018  INFO 38400 --- [SpringApplicationShutdownHook] com.alibaba.nacos.common.remote.client   : Close current connection 1775814764479_119.251.158.154_47635
17:53:49:023  INFO 38400 --- [SpringApplicationShutdownHook] c.a.n.c.remote.client.grpc.GrpcClient    : Shutdown grpc executor java.util.concurrent.ThreadPoolExecutor@135cec9[Running, pool size = 5, active threads = 0, queued tasks = 0, completed tasks = 28]
17:53:49:028  INFO 38400 --- [SpringApplicationShutdownHook] com.zaxxer.hikari.HikariDataSource       : HikariPool-1 - Shutdown initiated...
17:53:49:080  INFO 38400 --- [SpringApplicationShutdownHook] com.zaxxer.hikari.HikariDataSource       : HikariPool-1 - Shutdown completed.
19:09:22:227  INFO 5412 --- [main] com.hmall.item.ItemApplication           : Starting ItemApplication using Java 11.0.30 on LuciFer with PID 5412 (D:\microService\hmall\item-service\target\classes started by 烽 in D:\microService\hmall)
19:09:22:230 DEBUG 5412 --- [main] com.hmall.item.ItemApplication           : Running with Spring Boot v2.7.12, Spring v5.3.27
19:09:22:231  INFO 5412 --- [main] com.hmall.item.ItemApplication           : The following 1 profile is active: "local"
19:09:23:407  INFO 5412 --- [main] .s.d.r.c.RepositoryConfigurationDelegate : Multiple Spring Data modules found, entering strict repository configuration mode
19:09:23:409  INFO 5412 --- [main] .s.d.r.c.RepositoryConfigurationDelegate : Bootstrapping Spring Data Redis repositories in DEFAULT mode.
19:09:23:450  INFO 5412 --- [main] .s.d.r.c.RepositoryConfigurationDelegate : Finished Spring Data repository scanning in 19 ms. Found 0 Redis repository interfaces.
19:09:23:738  INFO 5412 --- [main] o.s.cloud.context.scope.GenericScope     : BeanFactory id=705fe555-dfcc-3e14-9182-b5bd642d25cd
19:09:24:253  INFO 5412 --- [main] o.s.b.w.embedded.tomcat.TomcatWebServer  : Tomcat initialized with port(s): 8081 (http)
19:09:24:262  INFO 5412 --- [main] o.apache.catalina.core.StandardService   : Starting service [Tomcat]
19:09:24:262  INFO 5412 --- [main] org.apache.catalina.core.StandardEngine  : Starting Servlet engine: [Apache Tomcat/9.0.75]
19:09:24:485  INFO 5412 --- [main] o.a.c.c.C.[Tomcat].[localhost].[/]       : Initializing Spring embedded WebApplicationContext
19:09:24:485  INFO 5412 --- [main] w.s.c.ServletWebServerApplicationContext : Root WebApplicationContext: initialization completed in 2200 ms
19:09:32:142  INFO 5412 --- [main] pertySourcedRequestMappingHandlerMapping : Mapped URL path [/v2/api-docs] onto method [springfox.documentation.swagger2.web.Swagger2ControllerWebMvc#getDocumentation(String, HttpServletRequest)]
19:09:35:608  INFO 5412 --- [main] o.s.cloud.commons.util.InetUtils         : Cannot determine local hostname
19:09:35:834  INFO 5412 --- [main] com.alibaba.nacos.common.remote.client   : [RpcClientFactory] create a new rpc client of 7fc42deb-d4d4-44e2-a4e2-8e1efa9d9b7a
19:09:35:893  INFO 5412 --- [main] org.reflections.Reflections              : Reflections took 31 ms to scan 1 urls, producing 3 keys and 6 values 
19:09:35:927  INFO 5412 --- [main] org.reflections.Reflections              : Reflections took 15 ms to scan 1 urls, producing 4 keys and 9 values 
19:09:35:948  INFO 5412 --- [main] org.reflections.Reflections              : Reflections took 15 ms to scan 1 urls, producing 3 keys and 10 values 
19:09:35:951  WARN 5412 --- [main] org.reflections.Reflections              : given scan urls are empty. set urls in the configuration
19:09:35:963  INFO 5412 --- [main] org.reflections.Reflections              : Reflections took 11 ms to scan 1 urls, producing 1 keys and 5 values 
19:09:35:982  INFO 5412 --- [main] org.reflections.Reflections              : Reflections took 15 ms to scan 1 urls, producing 1 keys and 7 values 
19:09:35:999  INFO 5412 --- [main] org.reflections.Reflections              : Reflections took 14 ms to scan 1 urls, producing 2 keys and 8 values 
19:09:36:001  WARN 5412 --- [main] org.reflections.Reflections              : given scan urls are empty. set urls in the configuration
19:09:36:003  INFO 5412 --- [main] com.alibaba.nacos.common.remote.client   : [7fc42deb-d4d4-44e2-a4e2-8e1efa9d9b7a] RpcClient init label, labels = {module=naming, source=sdk}
19:09:36:006  INFO 5412 --- [main] com.alibaba.nacos.common.remote.client   : [7fc42deb-d4d4-44e2-a4e2-8e1efa9d9b7a] RpcClient init, ServerListFactory = com.alibaba.nacos.client.naming.core.ServerListManager
19:09:36:006  INFO 5412 --- [main] com.alibaba.nacos.common.remote.client   : [7fc42deb-d4d4-44e2-a4e2-8e1efa9d9b7a] Registry connection listener to current client:com.alibaba.nacos.client.naming.remote.gprc.redo.NamingGrpcRedoService
19:09:36:007  INFO 5412 --- [main] com.alibaba.nacos.common.remote.client   : [7fc42deb-d4d4-44e2-a4e2-8e1efa9d9b7a] Register server push request handler:com.alibaba.nacos.client.naming.remote.gprc.NamingPushRequestHandler
19:09:36:010  INFO 5412 --- [main] com.alibaba.nacos.common.remote.client   : [7fc42deb-d4d4-44e2-a4e2-8e1efa9d9b7a] Try to connect to server on start up, server: {serverIp = '47.93.37.97', server main port = 8848}
19:09:41:342 ERROR 5412 --- [main] c.a.n.c.remote.client.grpc.GrpcClient    : Server check fail, please check server 47.93.37.97 ,port 9848 is available , error ={}

java.util.concurrent.TimeoutException: Waited 3000 milliseconds (plus 4 milliseconds, 631800 nanoseconds delay) for com.alibaba.nacos.shaded.io.grpc.stub.ClientCalls$GrpcFuture@8636cf4[status=PENDING, info=[GrpcFuture{clientCall={delegate={delegate=ClientCallImpl{method=MethodDescriptor{fullMethodName=Request/request, type=UNARY, idempotent=false, safe=false, sampledToLocalTracing=true, requestMarshaller=com.alibaba.nacos.shaded.io.grpc.protobuf.lite.ProtoLiteUtils$MessageMarshaller@3ec211cc, responseMarshaller=com.alibaba.nacos.shaded.io.grpc.protobuf.lite.ProtoLiteUtils$MessageMarshaller@6b94c200, schemaDescriptor=com.alibaba.nacos.api.grpc.auto.RequestGrpc$RequestMethodDescriptorSupplier@1322b542}}}}}]]
	at com.alibaba.nacos.shaded.com.google.common.util.concurrent.AbstractFuture.get(AbstractFuture.java:508) ~[nacos-client-2.0.4.jar:na]
	at com.alibaba.nacos.common.remote.client.grpc.GrpcClient.serverCheck(GrpcClient.java:148) ~[nacos-client-2.0.4.jar:na]
	at com.alibaba.nacos.common.remote.client.grpc.GrpcClient.connectToServer(GrpcClient.java:264) ~[nacos-client-2.0.4.jar:na]
	at com.alibaba.nacos.common.remote.client.RpcClient.start(RpcClient.java:390) ~[nacos-client-2.0.4.jar:na]
	at com.alibaba.nacos.client.naming.remote.gprc.NamingGrpcClientProxy.start(NamingGrpcClientProxy.java:96) ~[nacos-client-2.0.4.jar:na]
	at com.alibaba.nacos.client.naming.remote.gprc.NamingGrpcClientProxy.<init>(NamingGrpcClientProxy.java:89) ~[nacos-client-2.0.4.jar:na]
	at com.alibaba.nacos.client.naming.remote.NamingClientProxyDelegate.<init>(NamingClientProxyDelegate.java:76) ~[nacos-client-2.0.4.jar:na]
	at com.alibaba.nacos.client.naming.NacosNamingService.init(NacosNamingService.java:95) ~[nacos-client-2.0.4.jar:na]
	at com.alibaba.nacos.client.naming.NacosNamingService.<init>(NacosNamingService.java:81) ~[nacos-client-2.0.4.jar:na]
	at java.base/jdk.internal.reflect.NativeConstructorAccessorImpl.newInstance0(Native Method) ~[na:na]
	at java.base/jdk.internal.reflect.NativeConstructorAccessorImpl.newInstance(NativeConstructorAccessorImpl.java:62) ~[na:na]
	at java.base/jdk.internal.reflect.DelegatingConstructorAccessorImpl.newInstance(DelegatingConstructorAccessorImpl.java:45) ~[na:na]
	at java.base/java.lang.reflect.Constructor.newInstance(Constructor.java:490) ~[na:na]
	at com.alibaba.nacos.api.naming.NamingFactory.createNamingService(NamingFactory.java:59) ~[nacos-client-2.0.4.jar:na]
	at com.alibaba.nacos.api.NacosFactory.createNamingService(NacosFactory.java:77) ~[nacos-client-2.0.4.jar:na]
	at com.alibaba.cloud.nacos.NacosServiceManager.createNewNamingService(NacosServiceManager.java:99) ~[spring-cloud-starter-alibaba-nacos-discovery-2021.0.4.0.jar:2021.0.4.0]
	at com.alibaba.cloud.nacos.NacosServiceManager.buildNamingService(NacosServiceManager.java:90) ~[spring-cloud-starter-alibaba-nacos-discovery-2021.0.4.0.jar:2021.0.4.0]
	at com.alibaba.cloud.nacos.NacosServiceManager.getNamingService(NacosServiceManager.java:46) ~[spring-cloud-starter-alibaba-nacos-discovery-2021.0.4.0.jar:2021.0.4.0]
	at com.alibaba.cloud.nacos.discovery.NacosWatch.start(NacosWatch.java:130) ~[spring-cloud-starter-alibaba-nacos-discovery-2021.0.4.0.jar:2021.0.4.0]
	at org.springframework.context.support.DefaultLifecycleProcessor.doStart(DefaultLifecycleProcessor.java:178) ~[spring-context-5.3.27.jar:5.3.27]
	at org.springframework.context.support.DefaultLifecycleProcessor.access$200(DefaultLifecycleProcessor.java:54) ~[spring-context-5.3.27.jar:5.3.27]
	at org.springframework.context.support.DefaultLifecycleProcessor$LifecycleGroup.start(DefaultLifecycleProcessor.java:356) ~[spring-context-5.3.27.jar:5.3.27]
	at java.base/java.lang.Iterable.forEach(Iterable.java:75) ~[na:na]
	at org.springframework.context.support.DefaultLifecycleProcessor.startBeans(DefaultLifecycleProcessor.java:155) ~[spring-context-5.3.27.jar:5.3.27]
	at org.springframework.context.support.DefaultLifecycleProcessor.onRefresh(DefaultLifecycleProcessor.java:123) ~[spring-context-5.3.27.jar:5.3.27]
	at org.springframework.context.support.AbstractApplicationContext.finishRefresh(AbstractApplicationContext.java:937) ~[spring-context-5.3.27.jar:5.3.27]
	at org.springframework.context.support.AbstractApplicationContext.refresh(AbstractApplicationContext.java:586) ~[spring-context-5.3.27.jar:5.3.27]
	at org.springframework.boot.web.servlet.context.ServletWebServerApplicationContext.refresh(ServletWebServerApplicationContext.java:147) ~[spring-boot-2.7.12.jar:2.7.12]
	at org.springframework.boot.SpringApplication.refresh(SpringApplication.java:731) ~[spring-boot-2.7.12.jar:2.7.12]
	at org.springframework.boot.SpringApplication.refreshContext(SpringApplication.java:408) ~[spring-boot-2.7.12.jar:2.7.12]
	at org.springframework.boot.SpringApplication.run(SpringApplication.java:307) ~[spring-boot-2.7.12.jar:2.7.12]
	at org.springframework.boot.SpringApplication.run(SpringApplication.java:1303) ~[spring-boot-2.7.12.jar:2.7.12]
	at org.springframework.boot.SpringApplication.run(SpringApplication.java:1292) ~[spring-boot-2.7.12.jar:2.7.12]
	at com.hmall.item.ItemApplication.main(ItemApplication.java:11) ~[classes/:na]

19:09:41:347  INFO 5412 --- [main] com.alibaba.nacos.common.remote.client   : [7fc42deb-d4d4-44e2-a4e2-8e1efa9d9b7a] Try to connect to server on start up, server: {serverIp = '47.93.37.97', server main port = 8848}
19:09:41:833  INFO 5412 --- [main] com.alibaba.nacos.common.remote.client   : [7fc42deb-d4d4-44e2-a4e2-8e1efa9d9b7a] Success to connect to server [47.93.37.97:8848] on start up, connectionId = 1775819387163_119.251.158.154_47225
19:09:41:833  INFO 5412 --- [com.alibaba.nacos.client.remote.worker] com.alibaba.nacos.common.remote.client   : [7fc42deb-d4d4-44e2-a4e2-8e1efa9d9b7a] Notify connected event to listeners.
19:09:41:835  INFO 5412 --- [main] com.alibaba.nacos.common.remote.client   : [7fc42deb-d4d4-44e2-a4e2-8e1efa9d9b7a] Register server push request handler:com.alibaba.nacos.common.remote.client.RpcClient$ConnectResetRequestHandler
19:09:41:836  INFO 5412 --- [main] com.alibaba.nacos.common.remote.client   : [7fc42deb-d4d4-44e2-a4e2-8e1efa9d9b7a] Register server push request handler:com.alibaba.nacos.common.remote.client.RpcClient$$Lambda$1062/0x0000000840693840
19:09:41:947  INFO 5412 --- [main] o.s.b.w.embedded.tomcat.TomcatWebServer  : Tomcat started on port(s): 8081 (http) with context path ''
19:09:41:982  INFO 5412 --- [main] c.a.c.n.registry.NacosServiceRegistry    : nacos registry, DEFAULT_GROUP item-service 192.168.217.1:8081 register finished
19:09:42:424  INFO 5412 --- [nacos-grpc-client-executor-8] com.alibaba.nacos.common.remote.client   : [7fc42deb-d4d4-44e2-a4e2-8e1efa9d9b7a] Receive server push request, request = NotifySubscriberRequest, requestId = 313
19:09:42:431  INFO 5412 --- [nacos-grpc-client-executor-8] com.alibaba.nacos.common.remote.client   : [7fc42deb-d4d4-44e2-a4e2-8e1efa9d9b7a] Ack server push request, request = NotifySubscriberRequest, requestId = 313
19:09:43:909  INFO 5412 --- [main] d.s.w.p.DocumentationPluginsBootstrapper : Documentation plugins bootstrapped
19:09:43:912  INFO 5412 --- [main] d.s.w.p.DocumentationPluginsBootstrapper : Found 1 custom documentation plugin(s)
19:09:43:951  INFO 5412 --- [main] s.d.s.w.s.ApiListingReferenceScanner     : Scanning for api listing references
19:09:44:126  INFO 5412 --- [main] com.hmall.item.ItemApplication           : Started ItemApplication in 25.435 seconds (JVM running for 27.678)
19:10:23:375  INFO 5412 --- [http-nio-8081-exec-1] o.a.c.c.C.[Tomcat].[localhost].[/]       : Initializing Spring DispatcherServlet 'dispatcherServlet'
19:10:23:376  INFO 5412 --- [http-nio-8081-exec-1] o.s.web.servlet.DispatcherServlet        : Initializing Servlet 'dispatcherServlet'
19:10:23:377  INFO 5412 --- [http-nio-8081-exec-1] o.s.web.servlet.DispatcherServlet        : Completed initialization in 1 ms
19:10:23:556  WARN 5412 --- [http-nio-8081-exec-1] com.zaxxer.hikari.HikariConfig           : HikariPool-1 - idleTimeout is close to or more than maxLifetime, disabling it.
19:10:23:556  INFO 5412 --- [http-nio-8081-exec-1] com.zaxxer.hikari.HikariDataSource       : HikariPool-1 - Starting...
19:10:24:130  INFO 5412 --- [http-nio-8081-exec-1] com.zaxxer.hikari.HikariDataSource       : HikariPool-1 - Start completed.
19:10:24:136 DEBUG 5412 --- [http-nio-8081-exec-1] c.h.i.m.ItemMapper.selectPage_mpCount    : ==>  Preparing: SELECT COUNT(*) FROM item WHERE (status = ?)
19:10:24:153 DEBUG 5412 --- [http-nio-8081-exec-1] c.h.i.m.ItemMapper.selectPage_mpCount    : ==> Parameters: 1(Integer)
19:10:24:216 DEBUG 5412 --- [http-nio-8081-exec-1] c.h.i.m.ItemMapper.selectPage_mpCount    : <==      Total: 1
19:10:24:238 DEBUG 5412 --- [http-nio-8081-exec-1] c.h.item.mapper.ItemMapper.selectPage    : ==>  Preparing: SELECT id, name, price, stock, image, category, brand, spec, sold, comment_count, isAD, status, create_time, update_time, creater, updater FROM item WHERE (status = ?) ORDER BY update_time DESC LIMIT ?
19:10:24:238 DEBUG 5412 --- [http-nio-8081-exec-1] c.h.item.mapper.ItemMapper.selectPage    : ==> Parameters: 1(Integer), 20(Long)
19:10:24:274 DEBUG 5412 --- [http-nio-8081-exec-1] c.h.item.mapper.ItemMapper.selectPage    : <==      Total: 20
19:10:26:257 DEBUG 5412 --- [http-nio-8081-exec-4] c.h.i.mapper.ItemMapper.selectBatchIds   : ==>  Preparing: SELECT id,name,price,stock,image,category,brand,spec,sold,comment_count,isAD,status,create_time,update_time,creater,updater FROM item WHERE id IN ( ? )
19:10:26:257 DEBUG 5412 --- [http-nio-8081-exec-4] c.h.i.mapper.ItemMapper.selectBatchIds   : ==> Parameters: 100001511821(Long)
19:10:26:285 DEBUG 5412 --- [http-nio-8081-exec-4] c.h.i.mapper.ItemMapper.selectBatchIds   : <==      Total: 1
19:10:28:563 DEBUG 5412 --- [http-nio-8081-exec-3] c.h.i.mapper.ItemMapper.selectBatchIds   : ==>  Preparing: SELECT id,name,price,stock,image,category,brand,spec,sold,comment_count,isAD,status,create_time,update_time,creater,updater FROM item WHERE id IN ( ? )
19:10:28:563 DEBUG 5412 --- [http-nio-8081-exec-3] c.h.i.mapper.ItemMapper.selectBatchIds   : ==> Parameters: 100001511821(Long)
19:10:28:586 DEBUG 5412 --- [http-nio-8081-exec-3] c.h.i.mapper.ItemMapper.selectBatchIds   : <==      Total: 1
19:10:29:891 DEBUG 5412 --- [http-nio-8081-exec-5] c.h.i.m.ItemMapper.selectPage_mpCount    : ==>  Preparing: SELECT COUNT(*) FROM item WHERE (status = ?)
19:10:29:891 DEBUG 5412 --- [http-nio-8081-exec-5] c.h.i.m.ItemMapper.selectPage_mpCount    : ==> Parameters: 1(Integer)
19:10:29:946 DEBUG 5412 --- [http-nio-8081-exec-5] c.h.i.m.ItemMapper.selectPage_mpCount    : <==      Total: 1
19:10:29:949 DEBUG 5412 --- [http-nio-8081-exec-5] c.h.item.mapper.ItemMapper.selectPage    : ==>  Preparing: SELECT id, name, price, stock, image, category, brand, spec, sold, comment_count, isAD, status, create_time, update_time, creater, updater FROM item WHERE (status = ?) ORDER BY update_time DESC LIMIT ?
19:10:29:950 DEBUG 5412 --- [http-nio-8081-exec-5] c.h.item.mapper.ItemMapper.selectPage    : ==> Parameters: 1(Integer), 20(Long)
19:10:29:978 DEBUG 5412 --- [http-nio-8081-exec-5] c.h.item.mapper.ItemMapper.selectPage    : <==      Total: 20
19:11:50:678 DEBUG 5412 --- [http-nio-8081-exec-6] c.h.i.mapper.ItemMapper.selectBatchIds   : ==>  Preparing: SELECT id,name,price,stock,image,category,brand,spec,sold,comment_count,isAD,status,create_time,update_time,creater,updater FROM item WHERE id IN ( ? , ? )
19:11:50:678 DEBUG 5412 --- [http-nio-8081-exec-6] c.h.i.mapper.ItemMapper.selectBatchIds   : ==> Parameters: 100001511821(Long), 317578(Long)
19:11:50:701 DEBUG 5412 --- [http-nio-8081-exec-6] c.h.i.mapper.ItemMapper.selectBatchIds   : <==      Total: 2
19:15:19:784  WARN 5412 --- [HikariPool-1 housekeeper] com.zaxxer.hikari.pool.PoolBase          : HikariPool-1 - Failed to validate connection com.mysql.cj.jdbc.ConnectionImpl@1c44d722 (No operations allowed after connection closed.). Possibly consider using a shorter maxLifetime value.
19:20:11:643  WARN 5412 --- [HikariPool-1 housekeeper] com.zaxxer.hikari.pool.PoolBase          : HikariPool-1 - Failed to validate connection com.mysql.cj.jdbc.ConnectionImpl@51746430 (No operations allowed after connection closed.). Possibly consider using a shorter maxLifetime value.
19:24:08:622  WARN 5412 --- [HikariPool-1 housekeeper] com.zaxxer.hikari.pool.PoolBase          : HikariPool-1 - Failed to validate connection com.mysql.cj.jdbc.ConnectionImpl@f66ca8f (No operations allowed after connection closed.). Possibly consider using a shorter maxLifetime value.
19:24:58:511  WARN 5412 --- [HikariPool-1 housekeeper] com.zaxxer.hikari.pool.PoolBase          : HikariPool-1 - Failed to validate connection com.mysql.cj.jdbc.ConnectionImpl@71d1ff84 (No operations allowed after connection closed.). Possibly consider using a shorter maxLifetime value.
19:29:09:743  WARN 5412 --- [HikariPool-1 housekeeper] com.zaxxer.hikari.pool.PoolBase          : HikariPool-1 - Failed to validate connection com.mysql.cj.jdbc.ConnectionImpl@601d351b (No operations allowed after connection closed.). Possibly consider using a shorter maxLifetime value.
19:29:55:743  WARN 5412 --- [HikariPool-1 housekeeper] com.zaxxer.hikari.pool.PoolBase          : HikariPool-1 - Failed to validate connection com.mysql.cj.jdbc.ConnectionImpl@7e376efb (No operations allowed after connection closed.). Possibly consider using a shorter maxLifetime value.
19:34:06:013  WARN 5412 --- [HikariPool-1 housekeeper] com.zaxxer.hikari.pool.PoolBase          : HikariPool-1 - Failed to validate connection com.mysql.cj.jdbc.ConnectionImpl@1d12cd3 (No operations allowed after connection closed.). Possibly consider using a shorter maxLifetime value.
19:34:39:614  WARN 5412 --- [HikariPool-1 housekeeper] com.zaxxer.hikari.pool.PoolBase          : HikariPool-1 - Failed to validate connection com.mysql.cj.jdbc.ConnectionImpl@4a6da959 (No operations allowed after connection closed.). Possibly consider using a shorter maxLifetime value.
19:39:03:912  WARN 5412 --- [HikariPool-1 housekeeper] com.zaxxer.hikari.pool.PoolBase          : HikariPool-1 - Failed to validate connection com.mysql.cj.jdbc.ConnectionImpl@312b09a3 (No operations allowed after connection closed.). Possibly consider using a shorter maxLifetime value.
19:39:20:010  WARN 5412 --- [HikariPool-1 housekeeper] com.zaxxer.hikari.pool.PoolBase          : HikariPool-1 - Failed to validate connection com.mysql.cj.jdbc.ConnectionImpl@6fa97b8a (No operations allowed after connection closed.). Possibly consider using a shorter maxLifetime value.
19:43:48:504  WARN 5412 --- [HikariPool-1 housekeeper] com.zaxxer.hikari.pool.PoolBase          : HikariPool-1 - Failed to validate connection com.mysql.cj.jdbc.ConnectionImpl@261c9a4d (No operations allowed after connection closed.). Possibly consider using a shorter maxLifetime value.
19:44:20:058  WARN 5412 --- [HikariPool-1 housekeeper] com.zaxxer.hikari.pool.PoolBase          : HikariPool-1 - Failed to validate connection com.mysql.cj.jdbc.ConnectionImpl@1c0745f8 (No operations allowed after connection closed.). Possibly consider using a shorter maxLifetime value.
19:48:29:383  WARN 5412 --- [HikariPool-1 housekeeper] com.zaxxer.hikari.pool.PoolBase          : HikariPool-1 - Failed to validate connection com.mysql.cj.jdbc.ConnectionImpl@1e5a5f07 (No operations allowed after connection closed.). Possibly consider using a shorter maxLifetime value.
19:49:25:601  WARN 5412 --- [HikariPool-1 housekeeper] com.zaxxer.hikari.pool.PoolBase          : HikariPool-1 - Failed to validate connection com.mysql.cj.jdbc.ConnectionImpl@57e16493 (No operations allowed after connection closed.). Possibly consider using a shorter maxLifetime value.
19:53:23:497  WARN 5412 --- [HikariPool-1 housekeeper] com.zaxxer.hikari.pool.PoolBase          : HikariPool-1 - Failed to validate connection com.mysql.cj.jdbc.ConnectionImpl@5a52d488 (No operations allowed after connection closed.). Possibly consider using a shorter maxLifetime value.
19:54:13:356  WARN 5412 --- [HikariPool-1 housekeeper] com.zaxxer.hikari.pool.PoolBase          : HikariPool-1 - Failed to validate connection com.mysql.cj.jdbc.ConnectionImpl@39275101 (No operations allowed after connection closed.). Possibly consider using a shorter maxLifetime value.
19:58:09:159  WARN 5412 --- [HikariPool-1 housekeeper] com.zaxxer.hikari.pool.PoolBase          : HikariPool-1 - Failed to validate connection com.mysql.cj.jdbc.ConnectionImpl@15623d49 (No operations allowed after connection closed.). Possibly consider using a shorter maxLifetime value.
19:59:02:432  WARN 5412 --- [HikariPool-1 housekeeper] com.zaxxer.hikari.pool.PoolBase          : HikariPool-1 - Failed to validate connection com.mysql.cj.jdbc.ConnectionImpl@47edfd4b (No operations allowed after connection closed.). Possibly consider using a shorter maxLifetime value.
20:02:55:290  WARN 5412 --- [HikariPool-1 housekeeper] com.zaxxer.hikari.pool.PoolBase          : HikariPool-1 - Failed to validate connection com.mysql.cj.jdbc.ConnectionImpl@375927ec (No operations allowed after connection closed.). Possibly consider using a shorter maxLifetime value.
20:03:45:933  WARN 5412 --- [HikariPool-1 housekeeper] com.zaxxer.hikari.pool.PoolBase          : HikariPool-1 - Failed to validate connection com.mysql.cj.jdbc.ConnectionImpl@62bf145e (No operations allowed after connection closed.). Possibly consider using a shorter maxLifetime value.
20:07:32:631  WARN 5412 --- [http-nio-8081-exec-9] com.zaxxer.hikari.pool.PoolBase          : HikariPool-1 - Failed to validate connection com.mysql.cj.jdbc.ConnectionImpl@1c34aaea (No operations allowed after connection closed.). Possibly consider using a shorter maxLifetime value.
20:07:32:650 DEBUG 5412 --- [http-nio-8081-exec-9] c.h.i.m.ItemMapper.selectPage_mpCount    : ==>  Preparing: SELECT COUNT(*) FROM item
20:07:32:651 DEBUG 5412 --- [http-nio-8081-exec-9] c.h.i.m.ItemMapper.selectPage_mpCount    : ==> Parameters: 
20:07:32:705 DEBUG 5412 --- [http-nio-8081-exec-9] c.h.i.m.ItemMapper.selectPage_mpCount    : <==      Total: 1
20:07:32:707 DEBUG 5412 --- [http-nio-8081-exec-9] c.h.item.mapper.ItemMapper.selectPage    : ==>  Preparing: SELECT id, name, price, stock, image, category, brand, spec, sold, comment_count, isAD, status, create_time, update_time, creater, updater FROM item ORDER BY update_time DESC LIMIT ?
20:07:32:708 DEBUG 5412 --- [http-nio-8081-exec-9] c.h.item.mapper.ItemMapper.selectPage    : ==> Parameters: 20(Long)
20:07:32:729 DEBUG 5412 --- [http-nio-8081-exec-9] c.h.item.mapper.ItemMapper.selectPage    : <==      Total: 20
20:09:04:043  WARN 5412 --- [Thread-7] c.a.n.common.http.HttpClientBeanHolder   : [HttpClientBeanHolder] Start destroying common HttpClient
20:09:04:043  WARN 5412 --- [Thread-4] c.a.nacos.common.notify.NotifyCenter     : [NotifyCenter] Start destroying Publisher
20:09:04:043  WARN 5412 --- [Thread-4] c.a.nacos.common.notify.NotifyCenter     : [NotifyCenter] Destruction of the end
20:09:04:044  WARN 5412 --- [Thread-7] c.a.n.common.http.HttpClientBeanHolder   : [HttpClientBeanHolder] Destruction of the end
20:09:05:230  INFO 5412 --- [SpringApplicationShutdownHook] c.a.c.n.registry.NacosServiceRegistry    : De-registering from Nacos Server now...
20:09:05:266  INFO 5412 --- [SpringApplicationShutdownHook] c.a.c.n.registry.NacosServiceRegistry    : De-registration finished.
20:09:05:606  INFO 5412 --- [SpringApplicationShutdownHook] com.alibaba.nacos.common.remote.client   : Shutdown rpc client, set status to shutdown
20:09:05:606  INFO 5412 --- [SpringApplicationShutdownHook] com.alibaba.nacos.common.remote.client   : Shutdown client event executor java.util.concurrent.ScheduledThreadPoolExecutor@291e65ca[Running, pool size = 2, active threads = 2, queued tasks = 0, completed tasks = 0]
20:09:05:606  INFO 5412 --- [SpringApplicationShutdownHook] com.alibaba.nacos.common.remote.client   : Close current connection 1775819387163_119.251.158.154_47225
20:09:05:609  INFO 5412 --- [SpringApplicationShutdownHook] c.a.n.c.remote.client.grpc.GrpcClient    : Shutdown grpc executor java.util.concurrent.ThreadPoolExecutor@776d08b1[Running, pool size = 4, active threads = 0, queued tasks = 0, completed tasks = 734]
20:09:05:617  INFO 5412 --- [SpringApplicationShutdownHook] com.zaxxer.hikari.HikariDataSource       : HikariPool-1 - Shutdown initiated...
20:09:05:663  INFO 5412 --- [SpringApplicationShutdownHook] com.zaxxer.hikari.HikariDataSource       : HikariPool-1 - Shutdown completed.
